/*******************************************************************************
 * Size: 22 px
 * Bpp: 4
 * Opts: --bpp 4 --size 22 --font tools/fonts/outfit-bold.ttf -r 0x20-0x7F --font tools/fonts/symbols.woff -r 0xF001,0xF008,0xF00B,0xF00C,0xF00D,0xF011,0xF013,0xF015,0xF019,0xF01C,0xF021,0xF026,0xF027,0xF028,0xF03E,0xF048,0xF04B,0xF04C,0xF04D,0xF051,0xF052,0xF053,0xF054,0xF067,0xF068,0xF06E,0xF070,0xF071,0xF074,0xF077,0xF078,0xF079,0xF07B,0xF093,0xF095,0xF0C4,0xF0C5,0xF0C7,0xF0E7,0xF0EA,0xF0F3,0xF11C,0xF124,0xF158,0xF1EB,0xF240,0xF241,0xF242,0xF243,0xF244,0xF287,0xF293,0xF2ED --format lvgl --no-compress -o src/fonts/outfit_bold_22.c
 ******************************************************************************/

#ifdef LV_LVGL_H_INCLUDE_SIMPLE
#include "lvgl.h"
#else
#include "lvgl.h"
#endif

#ifndef OUTFIT_BOLD_22
#define OUTFIT_BOLD_22 1
#endif

#if OUTFIT_BOLD_22

/*-----------------
 *    BITMAPS
 *----------------*/

/*Store the image of the glyphs*/
static LV_ATTRIBUTE_LARGE_CONST const uint8_t glyph_bitmap[] = {
    /* U+0020 " " */

    /* U+0021 "!" */
    0xaf, 0xfe, 0xa, 0xff, 0xd0, 0x9f, 0xfc, 0x8,
    0xff, 0xb0, 0x7f, 0xfa, 0x6, 0xff, 0xa0, 0x5f,
    0xf9, 0x4, 0xff, 0x80, 0x4f, 0xf7, 0x3, 0xff,
    0x60, 0x5, 0x52, 0x0, 0x0, 0x0, 0x4f, 0xf7,
    0xd, 0xff, 0xf0, 0xcf, 0xff, 0x3, 0xef, 0x60,

    /* U+0022 "\"" */
    0xcf, 0xf6, 0x5f, 0xfd, 0xbf, 0xf4, 0x3f, 0xfc,
    0x9f, 0xf2, 0x2f, 0xfa, 0x8f, 0xf1, 0xf, 0xf8,
    0x6f, 0xf0, 0xf, 0xf7, 0x5f, 0xe0, 0xd, 0xf5,
    0x29, 0x70, 0x7, 0x92,

    /* U+0023 "#" */
    0x0, 0x0, 0x6f, 0xf5, 0x7, 0xff, 0x40, 0x0,
    0x0, 0x9f, 0xf2, 0xa, 0xff, 0x10, 0x0, 0x0,
    0xbf, 0xf0, 0xc, 0xff, 0x0, 0x0, 0x0, 0xef,
    0xd0, 0xf, 0xfc, 0x0, 0x3, 0x66, 0xff, 0xd6,
    0x7f, 0xfc, 0x65, 0x7, 0xff, 0xff, 0xff, 0xff,
    0xff, 0xfc, 0x7, 0xff, 0xff, 0xff, 0xff, 0xff,
    0xfc, 0x0, 0x8, 0xff, 0x20, 0x9f, 0xf2, 0x0,
    0x0, 0xb, 0xff, 0x0, 0xcf, 0xf0, 0x0, 0x3f,
    0xff, 0xff, 0xff, 0xff, 0xff, 0xf1, 0x3f, 0xff,
    0xff, 0xff, 0xff, 0xff, 0xf1, 0x16, 0x8f, 0xfb,
    0x69, 0xff, 0xa6, 0x60, 0x0, 0x5f, 0xf6, 0x6,
    0xff, 0x50, 0x0, 0x0, 0x8f, 0xf3, 0x8, 0xff,
    0x20, 0x0, 0x0, 0xaf, 0xf0, 0xb, 0xff, 0x0,
    0x0, 0x0, 0xdf, 0xe0, 0xe, 0xfd, 0x0, 0x0,

    /* U+0024 "$" */
    0x0, 0x0, 0x5, 0xff, 0x10, 0x0, 0x0, 0x0,
    0x0, 0x5f, 0xf1, 0x0, 0x0, 0x0, 0x1, 0x8e,
    0xff, 0xd9, 0x20, 0x0, 0x2, 0xef, 0xff, 0xff,
    0xff, 0x60, 0x0, 0xdf, 0xff, 0xff, 0xff, 0xfb,
    0x0, 0x3f, 0xff, 0xaf, 0xf5, 0xeb, 0x0, 0x4,
    0xff, 0xf6, 0xff, 0x11, 0x0, 0x0, 0x3f, 0xff,
    0xef, 0xf1, 0x0, 0x0, 0x0, 0xef, 0xff, 0xff,
    0x60, 0x0, 0x0, 0x3, 0xff, 0xff, 0xff, 0xe5,
    0x0, 0x0, 0x2, 0xaf, 0xff, 0xff, 0xf5, 0x0,
    0x0, 0x0, 0x6f, 0xff, 0xff, 0xe0, 0x0, 0x0,
    0x5, 0xff, 0xaf, 0xff, 0x20, 0x4, 0x40, 0x5f,
    0xf4, 0xff, 0xf3, 0x4, 0xff, 0x76, 0xff, 0xaf,
    0xff, 0x10, 0xef, 0xff, 0xff, 0xff, 0xff, 0xb0,
    0x3, 0xef, 0xff, 0xff, 0xff, 0xd1, 0x0, 0x0,
    0x7c, 0xff, 0xfc, 0x60, 0x0, 0x0, 0x0, 0x5,
    0xff, 0x10, 0x0, 0x0, 0x0, 0x0, 0x5f, 0xf1,
    0x0, 0x0,

    /* U+0025 "%" */
    0x0, 0x9f, 0xf9, 0x0, 0x0, 0xaf, 0xf7, 0x0,
    0xbf, 0xff, 0xfa, 0x0, 0x3f, 0xfd, 0x0, 0x2f,
    0xf6, 0x6f, 0xf2, 0xc, 0xff, 0x40, 0x4, 0xff,
    0x11, 0xff, 0x46, 0xff, 0xb0, 0x0, 0x2f, 0xf9,
    0x9f, 0xf2, 0xef, 0xf2, 0x0, 0x0, 0xaf, 0xff,
    0xfa, 0x8f, 0xf8, 0x0, 0x0, 0x0, 0x9f, 0xf9,
    0x3f, 0xfe, 0x0, 0x0, 0x0, 0x0, 0x0, 0xb,
    0xff, 0x50, 0x0, 0x0, 0x0, 0x0, 0x4, 0xff,
    0xc0, 0x0, 0x0, 0x0, 0x0, 0x0, 0xdf, 0xf3,
    0x4, 0x40, 0x0, 0x0, 0x0, 0x7f, 0xf9, 0x2e,
    0xff, 0xe4, 0x0, 0x0, 0x1f, 0xff, 0x1d, 0xff,
    0xff, 0xf1, 0x0, 0x9, 0xff, 0x72, 0xff, 0x52,
    0xff, 0x50, 0x3, 0xff, 0xd0, 0x1f, 0xf6, 0x3f,
    0xf4, 0x0, 0xcf, 0xf4, 0x0, 0xaf, 0xff, 0xfd,
    0x0, 0x5f, 0xfb, 0x0, 0x0, 0x9f, 0xfa, 0x10,

    /* U+0026 "&" */
    0x0, 0x0, 0x3b, 0xff, 0xd7, 0x0, 0x0, 0x0,
    0x0, 0x5, 0xff, 0xff, 0xff, 0xd1, 0x0, 0x0,
    0x0, 0x1f, 0xff, 0xff, 0xff, 0xe3, 0x0, 0x0,
    0x0, 0x6f, 0xff, 0x52, 0x9e, 0x30, 0x0, 0x0,
    0x0, 0x8f, 0xfb, 0x0, 0x1, 0x0, 0x0, 0x0,
    0x0, 0x6f, 0xff, 0x10, 0x0, 0x0, 0x0, 0x0,
    0x0, 0x1f, 0xff, 0xc0, 0x0, 0x0, 0x0, 0x0,
    0x0, 0x4e, 0xff, 0xfa, 0x0, 0x0, 0x0, 0x0,
    0x4, 0xff, 0xff, 0xff, 0x80, 0x0, 0x0, 0x0,
    0xc, 0xff, 0xaa, 0xff, 0xf6, 0x0, 0x0, 0x0,
    0x1f, 0xff, 0x10, 0xbf, 0xff, 0x40, 0x0, 0x0,
    0x2f, 0xff, 0x20, 0xc, 0xff, 0xf3, 0x0, 0x0,
    0xf, 0xff, 0xc3, 0x28, 0xff, 0xfe, 0x20, 0x0,
    0x8, 0xff, 0xff, 0xff, 0xff, 0xff, 0xd1, 0x0,
    0x0, 0xcf, 0xff, 0xff, 0xff, 0xff, 0xfc, 0x0,
    0x0, 0x7, 0xcf, 0xfd, 0x81, 0x4f, 0xff, 0xb0,

    /* U+0027 "'" */
    0xdf, 0xf5, 0xbf, 0xf3, 0xaf, 0xf2, 0x8f, 0xf0,
    0x7f, 0xf0, 0x5f, 0xd0, 0x29, 0x70,

    /* U+0028 "(" */
    0x0, 0x0, 0x71, 0x0, 0x0, 0x8f, 0xc1, 0x0,
    0x3f, 0xff, 0x20, 0xc, 0xff, 0x50, 0x4, 0xff,
    0xc0, 0x0, 0x9f, 0xf5, 0x0, 0xe, 0xff, 0x0,
    0x1, 0xff, 0xc0, 0x0, 0x3f, 0xfa, 0x0, 0x4,
    0xff, 0x90, 0x0, 0x4f, 0xf9, 0x0, 0x3, 0xff,
    0xa0, 0x0, 0x1f, 0xfc, 0x0, 0x0, 0xef, 0xf0,
    0x0, 0xa, 0xff, 0x40, 0x0, 0x4f, 0xfb, 0x0,
    0x0, 0xdf, 0xf4, 0x0, 0x4, 0xff, 0xe1, 0x0,
    0x9, 0xfe, 0x20, 0x0, 0x8, 0x10,

    /* U+0029 ")" */
    0x2, 0x50, 0x0, 0x2, 0xef, 0x50, 0x0, 0x4f,
    0xff, 0x10, 0x0, 0x8f, 0xf9, 0x0, 0x0, 0xef,
    0xf1, 0x0, 0x8, 0xff, 0x60, 0x0, 0x3f, 0xfb,
    0x0, 0x0, 0xff, 0xe0, 0x0, 0xd, 0xff, 0x0,
    0x0, 0xcf, 0xf1, 0x0, 0xc, 0xff, 0x10, 0x0,
    0xdf, 0xf0, 0x0, 0xf, 0xfe, 0x0, 0x2, 0xff,
    0xb0, 0x0, 0x7f, 0xf7, 0x0, 0xe, 0xff, 0x20,
    0x7, 0xff, 0xa0, 0x3, 0xff, 0xf2, 0x0, 0x3f,
    0xf6, 0x0, 0x0, 0x37, 0x0, 0x0,

    /* U+002A "*" */
    0x0, 0x0, 0x0, 0x0, 0x0, 0x0, 0x12, 0x1,
    0xd5, 0x0, 0x0, 0xcd, 0x6, 0xff, 0x40, 0x7,
    0xff, 0x9b, 0xfa, 0x0, 0x0, 0x5f, 0xff, 0xe0,
    0x0, 0x0, 0x2a, 0xff, 0xff, 0xfe, 0x1d, 0xff,
    0xff, 0xdf, 0xfb, 0xc, 0xfb, 0x7f, 0x90, 0x55,
    0x3, 0x70, 0x5f, 0xe0, 0x0, 0x0, 0x0, 0x5f,
    0xf3, 0x0, 0x0, 0x0, 0x13, 0x10, 0x0,

    /* U+002B "+" */
    0x0, 0x3, 0xff, 0xa0, 0x0, 0x0, 0x0, 0x3f,
    0xfa, 0x0, 0x0, 0x0, 0x3, 0xff, 0xa0, 0x0,
    0x0, 0x0, 0x3f, 0xfa, 0x0, 0x0, 0xcd, 0xdd,
    0xff, 0xfd, 0xdd, 0x4e, 0xff, 0xff, 0xff, 0xff,
    0xf5, 0xef, 0xff, 0xff, 0xff, 0xff, 0x50, 0x0,
    0x3f, 0xfa, 0x0, 0x0, 0x0, 0x3, 0xff, 0xa0,
    0x0, 0x0, 0x0, 0x3f, 0xfa, 0x0, 0x0, 0x0,
    0x3, 0xff, 0xa0, 0x0, 0x0,

    /* U+002C "," */
    0x2c, 0xe7, 0xa, 0xff, 0xf2, 0xbf, 0xff, 0x33,
    0xef, 0xe0, 0xb, 0xf6, 0x4, 0xfd, 0x0, 0x8f,
    0x50, 0x0, 0x30, 0x0,

    /* U+002D "-" */
    0xcf, 0xff, 0xff, 0xff, 0xdf, 0xff, 0xff, 0xff,
    0xdf, 0xff, 0xff, 0xff,

    /* U+002E "." */
    0x0, 0x0, 0x2, 0xef, 0xa0, 0xaf, 0xff, 0x39,
    0xff, 0xf3, 0x1d, 0xf9, 0x0,

    /* U+002F "/" */
    0x0, 0x0, 0xb, 0xff, 0x30, 0x0, 0x0, 0xff,
    0xe0, 0x0, 0x0, 0x4f, 0xfa, 0x0, 0x0, 0x9,
    0xff, 0x50, 0x0, 0x0, 0xef, 0xf0, 0x0, 0x0,
    0x3f, 0xfb, 0x0, 0x0, 0x7, 0xff, 0x60, 0x0,
    0x0, 0xcf, 0xf2, 0x0, 0x0, 0x1f, 0xfd, 0x0,
    0x0, 0x6, 0xff, 0x80, 0x0, 0x0, 0xbf, 0xf3,
    0x0, 0x0, 0xf, 0xfe, 0x0, 0x0, 0x4, 0xff,
    0xa0, 0x0, 0x0, 0x9f, 0xf5, 0x0, 0x0, 0xe,
    0xff, 0x0, 0x0, 0x3, 0xff, 0xb0, 0x0, 0x0,
    0x7f, 0xf6, 0x0, 0x0, 0xc, 0xff, 0x20, 0x0,
    0x0,

    /* U+0030 "0" */
    0x0, 0x0, 0x5b, 0xff, 0xe9, 0x20, 0x0, 0x0,
    0xa, 0xff, 0xff, 0xff, 0xf5, 0x0, 0x0, 0xaf,
    0xff, 0xff, 0xff, 0xff, 0x40, 0x4, 0xff, 0xfb,
    0x31, 0x5e, 0xff, 0xe0, 0xb, 0xff, 0xe0, 0x0,
    0x4, 0xff, 0xf5, 0xf, 0xff, 0x70, 0x0, 0x0,
    0xdf, 0xfa, 0x3f, 0xff, 0x40, 0x0, 0x0, 0xaf,
    0xfd, 0x4f, 0xff, 0x30, 0x0, 0x0, 0x8f, 0xfe,
    0x4f, 0xff, 0x30, 0x0, 0x0, 0x8f, 0xfe, 0x2f,
    0xff, 0x40, 0x0, 0x0, 0xaf, 0xfd, 0xf, 0xff,
    0x80, 0x0, 0x0, 0xdf, 0xfa, 0xb, 0xff, 0xe0,
    0x0, 0x4, 0xff, 0xf5, 0x3, 0xff, 0xfc, 0x31,
    0x5e, 0xff, 0xd0, 0x0, 0x9f, 0xff, 0xff, 0xff,
    0xff, 0x40, 0x0, 0x9, 0xff, 0xff, 0xff, 0xf5,
    0x0, 0x0, 0x0, 0x4b, 0xef, 0xe9, 0x20, 0x0,

    /* U+0031 "1" */
    0x9f, 0xff, 0xff, 0xd9, 0xff, 0xff, 0xfd, 0x8f,
    0xff, 0xff, 0xd0, 0x0, 0x9f, 0xfd, 0x0, 0x9,
    0xff, 0xd0, 0x0, 0x9f, 0xfd, 0x0, 0x9, 0xff,
    0xd0, 0x0, 0x9f, 0xfd, 0x0, 0x9, 0xff, 0xd0,
    0x0, 0x9f, 0xfd, 0x0, 0x9, 0xff, 0xd0, 0x0,
    0x9f, 0xfd, 0x0, 0x9, 0xff, 0xd0, 0x0, 0x9f,
    0xfd, 0x0, 0x9, 0xff, 0xd0, 0x0, 0x9f, 0xfd,

    /* U+0032 "2" */
    0x0, 0x17, 0xdf, 0xfd, 0x91, 0x0, 0x3, 0xef,
    0xff, 0xff, 0xfe, 0x20, 0x1e, 0xff, 0xff, 0xff,
    0xff, 0xd0, 0x2e, 0xff, 0x61, 0x2a, 0xff, 0xf3,
    0x2, 0xd4, 0x0, 0x1, 0xff, 0xf5, 0x0, 0x0,
    0x0, 0x1, 0xff, 0xf5, 0x0, 0x0, 0x0, 0x7,
    0xff, 0xf2, 0x0, 0x0, 0x0, 0x4f, 0xff, 0xc0,
    0x0, 0x0, 0x3, 0xff, 0xff, 0x30, 0x0, 0x0,
    0x3f, 0xff, 0xf5, 0x0, 0x0, 0x2, 0xef, 0xff,
    0x50, 0x0, 0x0, 0x2e, 0xff, 0xf5, 0x0, 0x0,
    0x1, 0xdf, 0xff, 0x60, 0x0, 0x0, 0x1d, 0xff,
    0xff, 0xff, 0xff, 0xfa, 0x7f, 0xff, 0xff, 0xff,
    0xff, 0xfb, 0x7f, 0xff, 0xff, 0xff, 0xff, 0xfb,

    /* U+0033 "3" */
    0xb, 0xff, 0xff, 0xff, 0xff, 0xf5, 0xb, 0xff,
    0xff, 0xff, 0xff, 0xf5, 0xa, 0xff, 0xff, 0xff,
    0xff, 0xc0, 0x0, 0x0, 0x0, 0xcf, 0xfe, 0x10,
    0x0, 0x0, 0xa, 0xff, 0xf2, 0x0, 0x0, 0x0,
    0x8f, 0xff, 0x40, 0x0, 0x0, 0x3, 0xff, 0xff,
    0xd6, 0x0, 0x0, 0x5, 0xff, 0xff, 0xff, 0x80,
    0x0, 0x2, 0x43, 0x5d, 0xff, 0xf2, 0x0, 0x0,
    0x0, 0x1, 0xff, 0xf7, 0x0, 0x0, 0x0, 0x0,
    0xdf, 0xf9, 0x0, 0x20, 0x0, 0x0, 0xff, 0xf8,
    0x5, 0xf9, 0x20, 0x2b, 0xff, 0xf4, 0x5f, 0xff,
    0xff, 0xff, 0xff, 0xc0, 0x1c, 0xff, 0xff, 0xff,
    0xfd, 0x10, 0x0, 0x6b, 0xef, 0xfc, 0x60, 0x0,

    /* U+0034 "4" */
    0x0, 0x0, 0xa, 0xff, 0xf1, 0x0, 0x0, 0x0,
    0x2, 0xff, 0xf9, 0x0, 0x0, 0x0, 0x0, 0x9f,
    0xff, 0x20, 0x0, 0x0, 0x0, 0x1f, 0xff, 0xa0,
    0x0, 0x0, 0x0, 0x8, 0xff, 0xf3, 0x0, 0x0,
    0x0, 0x0, 0xef, 0xfb, 0x0, 0x0, 0x0, 0x0,
    0x7f, 0xff, 0x31, 0x88, 0x81, 0x0, 0xe, 0xff,
    0xc0, 0x3f, 0xff, 0x20, 0x6, 0xff, 0xf4, 0x3,
    0xff, 0xf2, 0x0, 0xdf, 0xfd, 0x0, 0x3f, 0xff,
    0x20, 0x4f, 0xff, 0xff, 0xff, 0xff, 0xff, 0xe8,
    0xff, 0xff, 0xff, 0xff, 0xff, 0xfe, 0x8f, 0xff,
    0xff, 0xff, 0xff, 0xff, 0xd0, 0x0, 0x0, 0x0,
    0x3f, 0xff, 0x20, 0x0, 0x0, 0x0, 0x3, 0xff,
    0xf2, 0x0, 0x0, 0x0, 0x0, 0x3f, 0xff, 0x20,

    /* U+0035 "5" */
    0x0, 0xff, 0xff, 0xff, 0xff, 0xd0, 0x1, 0xff,
    0xff, 0xff, 0xff, 0xd0, 0x2, 0xff, 0xff, 0xff,
    0xff, 0xc0, 0x4, 0xff, 0xd0, 0x0, 0x0, 0x0,
    0x6, 0xff, 0xb0, 0x0, 0x0, 0x0, 0x7, 0xff,
    0xee, 0xfe, 0xa2, 0x0, 0x9, 0xff, 0xff, 0xff,
    0xff, 0x40, 0x3, 0xef, 0xa8, 0xbf, 0xff, 0xe0,
    0x0, 0x21, 0x0, 0x5, 0xff, 0xf6, 0x0, 0x0,
    0x0, 0x0, 0xdf, 0xf9, 0x0, 0x0, 0x0, 0x0,
    0xcf, 0xfa, 0x0, 0x40, 0x0, 0x1, 0xff, 0xf9,
    0x7, 0xf9, 0x20, 0x3c, 0xff, 0xf4, 0x6f, 0xff,
    0xff, 0xff, 0xff, 0xc0, 0x2d, 0xff, 0xff, 0xff,
    0xfc, 0x10, 0x0, 0x6b, 0xef, 0xfc, 0x60, 0x0,

    /* U+0036 "6" */
    0x0, 0x0, 0x1, 0xef, 0xfc, 0x0, 0x0, 0x0,
    0x0, 0xbf, 0xff, 0x20, 0x0, 0x0, 0x0, 0x6f,
    0xff, 0x50, 0x0, 0x0, 0x0, 0x1f, 0xff, 0xa0,
    0x0, 0x0, 0x0, 0xb, 0xff, 0xd0, 0x0, 0x0,
    0x0, 0x6, 0xff, 0xff, 0xfb, 0x40, 0x0, 0x2,
    0xff, 0xff, 0xff, 0xff, 0x80, 0x0, 0xaf, 0xff,
    0xca, 0xef, 0xff, 0x40, 0x1f, 0xff, 0x80, 0x1,
    0xdf, 0xfc, 0x5, 0xff, 0xf0, 0x0, 0x6, 0xff,
    0xf0, 0x7f, 0xff, 0x0, 0x0, 0x4f, 0xff, 0x15,
    0xff, 0xf2, 0x0, 0x8, 0xff, 0xf0, 0x1f, 0xff,
    0xd3, 0x16, 0xff, 0xfa, 0x0, 0x8f, 0xff, 0xff,
    0xff, 0xff, 0x20, 0x0, 0xaf, 0xff, 0xff, 0xff,
    0x40, 0x0, 0x0, 0x4b, 0xef, 0xe9, 0x10, 0x0,

    /* U+0037 "7" */
    0x9f, 0xff, 0xff, 0xff, 0xff, 0xf2, 0x9f, 0xff,
    0xff, 0xff, 0xff, 0xf2, 0x8f, 0xff, 0xff, 0xff,
    0xff, 0xe0, 0x0, 0x0, 0x0, 0xc, 0xff, 0x90,
    0x0, 0x0, 0x0, 0x2f, 0xff, 0x30, 0x0, 0x0,
    0x0, 0x8f, 0xfd, 0x0, 0x0, 0x0, 0x0, 0xef,
    0xf8, 0x0, 0x0, 0x0, 0x4, 0xff, 0xf2, 0x0,
    0x0, 0x0, 0xa, 0xff, 0xc0, 0x0, 0x0, 0x0,
    0x1f, 0xff, 0x60, 0x0, 0x0, 0x0, 0x6f, 0xff,
    0x10, 0x0, 0x0, 0x0, 0xcf, 0xfb, 0x0, 0x0,
    0x0, 0x2, 0xff, 0xf5, 0x0, 0x0, 0x0, 0x8,
    0xff, 0xf0, 0x0, 0x0, 0x0, 0xe, 0xff, 0x90,
    0x0, 0x0, 0x0, 0x4f, 0xff, 0x40, 0x0, 0x0,

    /* U+0038 "8" */
    0x0, 0x5, 0xcf, 0xfd, 0x81, 0x0, 0x0, 0x9f,
    0xff, 0xff, 0xfe, 0x10, 0x5, 0xff, 0xff, 0xef,
    0xff, 0xb0, 0xa, 0xff, 0xd1, 0x8, 0xff, 0xf0,
    0xb, 0xff, 0x70, 0x1, 0xff, 0xf1, 0x9, 0xff,
    0xa0, 0x4, 0xff, 0xe0, 0x2, 0xff, 0xfa, 0x9e,
    0xff, 0x70, 0x0, 0x5f, 0xff, 0xff, 0xfb, 0x0,
    0x3, 0xef, 0xff, 0xff, 0xff, 0x70, 0xd, 0xff,
    0xa1, 0x6, 0xff, 0xf3, 0x3f, 0xff, 0x0, 0x0,
    0xaf, 0xf9, 0x5f, 0xff, 0x0, 0x0, 0xaf, 0xfb,
    0x3f, 0xff, 0xa1, 0x5, 0xff, 0xf9, 0xd, 0xff,
    0xff, 0xff, 0xff, 0xf3, 0x2, 0xef, 0xff, 0xff,
    0xff, 0x70, 0x0, 0x17, 0xdf, 0xfe, 0xa3, 0x0,

    /* U+0039 "9" */
    0x0, 0x5, 0xbe, 0xfe, 0x92, 0x0, 0x0, 0xa,
    0xff, 0xff, 0xff, 0xf4, 0x0, 0x8, 0xff, 0xff,
    0xff, 0xff, 0xf2, 0x1, 0xff, 0xfc, 0x20, 0x5f,
    0xff, 0xa0, 0x5f, 0xff, 0x10, 0x0, 0x7f, 0xff,
    0x7, 0xff, 0xe0, 0x0, 0x4, 0xff, 0xf0, 0x5f,
    0xff, 0x10, 0x0, 0x7f, 0xff, 0x1, 0xff, 0xfc,
    0x20, 0x5f, 0xff, 0xb0, 0x7, 0xff, 0xff, 0xff,
    0xff, 0xf4, 0x0, 0x7, 0xff, 0xff, 0xff, 0xfb,
    0x0, 0x0, 0x1, 0x79, 0xff, 0xfe, 0x10, 0x0,
    0x0, 0x0, 0x7f, 0xff, 0x50, 0x0, 0x0, 0x0,
    0x3f, 0xff, 0xa0, 0x0, 0x0, 0x0, 0xd, 0xff,
    0xe1, 0x0, 0x0, 0x0, 0x9, 0xff, 0xf5, 0x0,
    0x0, 0x0, 0x4, 0xff, 0xfa, 0x0, 0x0, 0x0,

    /* U+003A ":" */
    0x3d, 0xf7, 0xb, 0xff, 0xf1, 0xbf, 0xff, 0x13,
    0xef, 0x90, 0x0, 0x0, 0x0, 0x0, 0x0, 0x0,
    0x0, 0x3, 0xef, 0x90, 0xbf, 0xff, 0x1b, 0xff,
    0xf1, 0x2d, 0xf7, 0x0,

    /* U+003B ";" */
    0x3e, 0xf6, 0xc, 0xff, 0xf0, 0xcf, 0xff, 0x4,
    0xff, 0x70, 0x0, 0x0, 0x0, 0x0, 0x0, 0x0,
    0x0, 0x2, 0xde, 0x60, 0xbf, 0xff, 0x1c, 0xff,
    0xf2, 0x4e, 0xfd, 0x0, 0xcf, 0x50, 0x5f, 0xc0,
    0xa, 0xf4, 0x0, 0x3, 0x0, 0x0,

    /* U+003C "<" */
    0x0, 0x0, 0x0, 0x0, 0x29, 0x40, 0x0, 0x0,
    0x4, 0xbf, 0xf5, 0x0, 0x1, 0x7d, 0xff, 0xff,
    0x50, 0x39, 0xff, 0xff, 0xfe, 0x71, 0xbf, 0xff,
    0xff, 0xa4, 0x0, 0xf, 0xff, 0xfc, 0x10, 0x0,
    0x0, 0xdf, 0xff, 0xfe, 0x81, 0x0, 0x0, 0x5c,
    0xff, 0xff, 0xfb, 0x50, 0x0, 0x3, 0x9f, 0xff,
    0xff, 0x50, 0x0, 0x0, 0x17, 0xdf, 0xf5, 0x0,
    0x0, 0x0, 0x0, 0x4b, 0x50, 0x0, 0x0, 0x0,
    0x0, 0x0,

    /* U+003D "=" */
    0xef, 0xff, 0xff, 0xff, 0xff, 0x5e, 0xff, 0xff,
    0xff, 0xff, 0xf5, 0xcd, 0xdd, 0xdd, 0xdd, 0xdd,
    0x40, 0x0, 0x0, 0x0, 0x0, 0x0, 0x0, 0x0,
    0x0, 0x0, 0x0, 0xc, 0xdd, 0xdd, 0xdd, 0xdd,
    0xd4, 0xef, 0xff, 0xff, 0xff, 0xff, 0x5e, 0xff,
    0xff, 0xff, 0xff, 0xf5,

    /* U+003E ">" */
    0xa4, 0x0, 0x0, 0x0, 0x0, 0xf, 0xfe, 0x71,
    0x0, 0x0, 0x0, 0xff, 0xff, 0xf9, 0x30, 0x0,
    0x5, 0xbf, 0xff, 0xff, 0xc5, 0x0, 0x0, 0x28,
    0xef, 0xff, 0xfe, 0x30, 0x0, 0x0, 0x7f, 0xff,
    0xf5, 0x0, 0x5, 0xbf, 0xff, 0xff, 0x42, 0x8e,
    0xff, 0xff, 0xe8, 0x10, 0xff, 0xff, 0xfc, 0x50,
    0x0, 0xf, 0xff, 0xa3, 0x0, 0x0, 0x0, 0xd7,
    0x10, 0x0, 0x0, 0x0, 0x0, 0x0, 0x0, 0x0,
    0x0, 0x0,

    /* U+003F "?" */
    0x0, 0x3b, 0xef, 0xe9, 0x20, 0x0, 0x6f, 0xff,
    0xff, 0xff, 0x30, 0x3f, 0xff, 0xff, 0xff, 0xfd,
    0x1, 0xbf, 0xb4, 0x39, 0xff, 0xf2, 0x0, 0x50,
    0x0, 0xf, 0xff, 0x30, 0x0, 0x3, 0x4a, 0xff,
    0xf1, 0x0, 0x0, 0xcf, 0xff, 0xf8, 0x0, 0x0,
    0xb, 0xff, 0xf8, 0x0, 0x0, 0x0, 0xaf, 0xf3,
    0x0, 0x0, 0x0, 0x9, 0xff, 0x10, 0x0, 0x0,
    0x0, 0x0, 0x0, 0x0, 0x0, 0x0, 0x0, 0x0,
    0x0, 0x0, 0x0, 0x0, 0xaf, 0xe2, 0x0, 0x0,
    0x0, 0x3f, 0xff, 0xa0, 0x0, 0x0, 0x3, 0xff,
    0xf9, 0x0, 0x0, 0x0, 0x8, 0xfd, 0x20, 0x0,

    /* U+0040 "@" */
    0x0, 0x0, 0x6, 0xbe, 0xff, 0xc6, 0x0, 0x0,
    0x0, 0x3, 0xef, 0xff, 0xff, 0xff, 0xe3, 0x0,
    0x0, 0x4f, 0xff, 0xa6, 0x56, 0xaf, 0xff, 0x20,
    0x1, 0xef, 0xe3, 0x0, 0x0, 0x2, 0xef, 0xc0,
    0x8, 0xff, 0x30, 0x9f, 0xfd, 0xfb, 0x4f, 0xf4,
    0xe, 0xfb, 0x9, 0xff, 0xff, 0xfb, 0xd, 0xf9,
    0x1f, 0xf7, 0x1f, 0xf6, 0x3e, 0xfb, 0xa, 0xfb,
    0x2f, 0xf6, 0x3f, 0xf0, 0xb, 0xfb, 0x9, 0xfc,
    0x1f, 0xf7, 0x1f, 0xf4, 0x1e, 0xfb, 0xb, 0xfb,
    0xe, 0xfb, 0x9, 0xff, 0xff, 0xff, 0xff, 0xf8,
    0x8, 0xff, 0x20, 0x8e, 0xec, 0xff, 0xff, 0xf2,
    0x1, 0xff, 0xd2, 0x0, 0x0, 0x2, 0x0, 0x0,
    0x0, 0x4f, 0xff, 0xa6, 0x56, 0xaf, 0x90, 0x0,
    0x0, 0x4, 0xef, 0xff, 0xff, 0xff, 0xd1, 0x0,
    0x0, 0x0, 0x7, 0xcf, 0xfe, 0xb6, 0x0, 0x0,

    /* U+0041 "A" */
    0x0, 0x0, 0x0, 0xbf, 0xfc, 0x0, 0x0, 0x0,
    0x0, 0x0, 0x1, 0xff, 0xff, 0x20, 0x0, 0x0,
    0x0, 0x0, 0x7, 0xff, 0xff, 0x90, 0x0, 0x0,
    0x0, 0x0, 0xd, 0xff, 0xff, 0xe0, 0x0, 0x0,
    0x0, 0x0, 0x4f, 0xff, 0xff, 0xf5, 0x0, 0x0,
    0x0, 0x0, 0xaf, 0xfa, 0xaf, 0xfb, 0x0, 0x0,
    0x0, 0x0, 0xff, 0xf4, 0x4f, 0xff, 0x10, 0x0,
    0x0, 0x6, 0xff, 0xe0, 0xe, 0xff, 0x70, 0x0,
    0x0, 0xc, 0xff, 0x90, 0x9, 0xff, 0xd0, 0x0,
    0x0, 0x2f, 0xff, 0x30, 0x3, 0xff, 0xf3, 0x0,
    0x0, 0x8f, 0xff, 0xdd, 0xdd, 0xff, 0xf9, 0x0,
    0x0, 0xef, 0xff, 0xff, 0xff, 0xff, 0xff, 0x0,
    0x5, 0xff, 0xff, 0xff, 0xff, 0xff, 0xff, 0x50,
    0xb, 0xff, 0xc0, 0x0, 0x0, 0xd, 0xff, 0xc0,
    0x1f, 0xff, 0x70, 0x0, 0x0, 0x7, 0xff, 0xf2,
    0x7f, 0xff, 0x10, 0x0, 0x0, 0x1, 0xff, 0xf8,

    /* U+0042 "B" */
    0x8f, 0xff, 0xff, 0xff, 0xd8, 0x0, 0x8, 0xff,
    0xff, 0xff, 0xff, 0xfc, 0x0, 0x8f, 0xff, 0xbb,
    0xbe, 0xff, 0xf7, 0x8, 0xff, 0xe0, 0x0, 0xd,
    0xff, 0xc0, 0x8f, 0xfe, 0x0, 0x0, 0x9f, 0xfd,
    0x8, 0xff, 0xe0, 0x0, 0xd, 0xff, 0x90, 0x8f,
    0xff, 0xaa, 0xad, 0xff, 0xe2, 0x8, 0xff, 0xff,
    0xff, 0xff, 0xf5, 0x0, 0x8f, 0xff, 0xff, 0xff,
    0xff, 0xf4, 0x8, 0xff, 0xe0, 0x0, 0x1c, 0xff,
    0xe0, 0x8f, 0xfe, 0x0, 0x0, 0x2f, 0xff, 0x48,
    0xff, 0xe0, 0x0, 0x1, 0xff, 0xf5, 0x8f, 0xfe,
    0x0, 0x0, 0x8f, 0xff, 0x38, 0xff, 0xfb, 0xbb,
    0xdf, 0xff, 0xd0, 0x8f, 0xff, 0xff, 0xff, 0xff,
    0xe3, 0x8, 0xff, 0xff, 0xff, 0xfd, 0x91, 0x0,

    /* U+0043 "C" */
    0x0, 0x0, 0x5, 0xae, 0xff, 0xd9, 0x30, 0x0,
    0x0, 0x2d, 0xff, 0xff, 0xff, 0xff, 0xa1, 0x0,
    0x3f, 0xff, 0xff, 0xff, 0xff, 0xff, 0x50, 0xe,
    0xff, 0xfc, 0x52, 0x36, 0xdf, 0x60, 0x8, 0xff,
    0xf8, 0x0, 0x0, 0x0, 0x40, 0x0, 0xef, 0xfd,
    0x0, 0x0, 0x0, 0x0, 0x0, 0x2f, 0xff, 0x70,
    0x0, 0x0, 0x0, 0x0, 0x4, 0xff, 0xf4, 0x0,
    0x0, 0x0, 0x0, 0x0, 0x4f, 0xff, 0x40, 0x0,
    0x0, 0x0, 0x0, 0x2, 0xff, 0xf7, 0x0, 0x0,
    0x0, 0x0, 0x0, 0xe, 0xff, 0xd0, 0x0, 0x0,
    0x0, 0x0, 0x0, 0x7f, 0xff, 0x80, 0x0, 0x0,
    0x5, 0x0, 0x0, 0xdf, 0xff, 0xc5, 0x33, 0x6d,
    0xf8, 0x0, 0x2, 0xef, 0xff, 0xff, 0xff, 0xff,
    0xf7, 0x0, 0x2, 0xcf, 0xff, 0xff, 0xff, 0xfb,
    0x10, 0x0, 0x0, 0x5a, 0xef, 0xfd, 0xa4, 0x0,

    /* U+0044 "D" */
    0x8f, 0xff, 0xff, 0xff, 0xd9, 0x30, 0x0, 0x8,
    0xff, 0xff, 0xff, 0xff, 0xff, 0x90, 0x0, 0x8f,
    0xff, 0xff, 0xff, 0xff, 0xff, 0xc0, 0x8, 0xff,
    0xf0, 0x0, 0x15, 0xdf, 0xff, 0x90, 0x8f, 0xff,
    0x0, 0x0, 0x0, 0xcf, 0xff, 0x28, 0xff, 0xf0,
    0x0, 0x0, 0x2, 0xff, 0xf8, 0x8f, 0xff, 0x0,
    0x0, 0x0, 0xd, 0xff, 0xc8, 0xff, 0xf0, 0x0,
    0x0, 0x0, 0xaf, 0xfd, 0x8f, 0xff, 0x0, 0x0,
    0x0, 0xa, 0xff, 0xd8, 0xff, 0xf0, 0x0, 0x0,
    0x0, 0xdf, 0xfc, 0x8f, 0xff, 0x0, 0x0, 0x0,
    0x2f, 0xff, 0x88, 0xff, 0xf0, 0x0, 0x0, 0xc,
    0xff, 0xf2, 0x8f, 0xff, 0x0, 0x1, 0x5d, 0xff,
    0xf9, 0x8, 0xff, 0xff, 0xff, 0xff, 0xff, 0xfc,
    0x0, 0x8f, 0xff, 0xff, 0xff, 0xff, 0xf9, 0x0,
    0x8, 0xff, 0xff, 0xff, 0xfd, 0x92, 0x0, 0x0,

    /* U+0045 "E" */
    0x8f, 0xff, 0xff, 0xff, 0xff, 0xf8, 0x8f, 0xff,
    0xff, 0xff, 0xff, 0xf8, 0x8f, 0xff, 0xff, 0xff,
    0xff, 0xf8, 0x8f, 0xff, 0x0, 0x0, 0x0, 0x0,
    0x8f, 0xff, 0x0, 0x0, 0x0, 0x0, 0x8f, 0xff,
    0x0, 0x0, 0x0, 0x0, 0x8f, 0xff, 0x0, 0x0,
    0x0, 0x0, 0x8f, 0xff, 0xff, 0xff, 0xff, 0xe0,
    0x8f, 0xff, 0xff, 0xff, 0xff, 0xe0, 0x8f, 0xff,
    0xee, 0xee, 0xee, 0xc0, 0x8f, 0xff, 0x0, 0x0,
    0x0, 0x0, 0x8f, 0xff, 0x0, 0x0, 0x0, 0x0,
    0x8f, 0xff, 0x0, 0x0, 0x0, 0x0, 0x8f, 0xff,
    0xff, 0xff, 0xff, 0xfa, 0x8f, 0xff, 0xff, 0xff,
    0xff, 0xfa, 0x8f, 0xff, 0xff, 0xff, 0xff, 0xfa,

    /* U+0046 "F" */
    0x8f, 0xff, 0xff, 0xff, 0xff, 0xf4, 0x8f, 0xff,
    0xff, 0xff, 0xff, 0xf4, 0x8f, 0xff, 0xff, 0xff,
    0xff, 0xf3, 0x8f, 0xff, 0x0, 0x0, 0x0, 0x0,
    0x8f, 0xff, 0x0, 0x0, 0x0, 0x0, 0x8f, 0xff,
    0x0, 0x0, 0x0, 0x0, 0x8f, 0xff, 0x0, 0x0,
    0x0, 0x0, 0x8f, 0xff, 0xff, 0xff, 0xff, 0xe0,
    0x8f, 0xff, 0xff, 0xff, 0xff, 0xe0, 0x8f, 0xff,
    0xff, 0xff, 0xff, 0xe0, 0x8f, 0xff, 0x0, 0x0,
    0x0, 0x0, 0x8f, 0xff, 0x0, 0x0, 0x0, 0x0,
    0x8f, 0xff, 0x0, 0x0, 0x0, 0x0, 0x8f, 0xff,
    0x0, 0x0, 0x0, 0x0, 0x8f, 0xff, 0x0, 0x0,
    0x0, 0x0, 0x8f, 0xff, 0x0, 0x0, 0x0, 0x0,

    /* U+0047 "G" */
    0x0, 0x0, 0x4, 0xad, 0xff, 0xea, 0x50, 0x0,
    0x0, 0x0, 0x1c, 0xff, 0xff, 0xff, 0xff, 0xd2,
    0x0, 0x0, 0x2e, 0xff, 0xff, 0xff, 0xff, 0xff,
    0xf2, 0x0, 0xd, 0xff, 0xfc, 0x53, 0x35, 0xcf,
    0xf9, 0x0, 0x7, 0xff, 0xf9, 0x0, 0x0, 0x0,
    0x89, 0x0, 0x0, 0xef, 0xfd, 0x0, 0x0, 0x0,
    0x0, 0x0, 0x0, 0x2f, 0xff, 0x70, 0x0, 0x0,
    0x0, 0x0, 0x0, 0x4, 0xff, 0xf4, 0x0, 0x7,
    0xff, 0xff, 0xff, 0xfa, 0x4f, 0xff, 0x40, 0x0,
    0x7f, 0xff, 0xff, 0xff, 0xa2, 0xff, 0xf7, 0x0,
    0x7, 0xff, 0xff, 0xff, 0xf8, 0xe, 0xff, 0xd0,
    0x0, 0x0, 0x0, 0x3f, 0xff, 0x40, 0x7f, 0xff,
    0x90, 0x0, 0x0, 0xc, 0xff, 0xe0, 0x0, 0xdf,
    0xff, 0xc5, 0x33, 0x6d, 0xff, 0xf7, 0x0, 0x2,
    0xef, 0xff, 0xff, 0xff, 0xff, 0xfb, 0x0, 0x0,
    0x2, 0xcf, 0xff, 0xff, 0xff, 0xfa, 0x0, 0x0,
    0x0, 0x0, 0x4a, 0xef, 0xfd, 0x93, 0x0, 0x0,

    /* U+0048 "H" */
    0x8f, 0xff, 0x0, 0x0, 0x0, 0xef, 0xf9, 0x8f,
    0xff, 0x0, 0x0, 0x0, 0xef, 0xf9, 0x8f, 0xff,
    0x0, 0x0, 0x0, 0xef, 0xf9, 0x8f, 0xff, 0x0,
    0x0, 0x0, 0xef, 0xf9, 0x8f, 0xff, 0x0, 0x0,
    0x0, 0xef, 0xf9, 0x8f, 0xff, 0x0, 0x0, 0x0,
    0xef, 0xf9, 0x8f, 0xff, 0xff, 0xff, 0xff, 0xff,
    0xf9, 0x8f, 0xff, 0xff, 0xff, 0xff, 0xff, 0xf9,
    0x8f, 0xff, 0xff, 0xff, 0xff, 0xff, 0xf9, 0x8f,
    0xff, 0x0, 0x0, 0x0, 0xef, 0xf9, 0x8f, 0xff,
    0x0, 0x0, 0x0, 0xef, 0xf9, 0x8f, 0xff, 0x0,
    0x0, 0x0, 0xef, 0xf9, 0x8f, 0xff, 0x0, 0x0,
    0x0, 0xef, 0xf9, 0x8f, 0xff, 0x0, 0x0, 0x0,
    0xef, 0xf9, 0x8f, 0xff, 0x0, 0x0, 0x0, 0xef,
    0xf9, 0x8f, 0xff, 0x0, 0x0, 0x0, 0xef, 0xf9,

    /* U+0049 "I" */
    0x8f, 0xff, 0x8f, 0xff, 0x8f, 0xff, 0x8f, 0xff,
    0x8f, 0xff, 0x8f, 0xff, 0x8f, 0xff, 0x8f, 0xff,
    0x8f, 0xff, 0x8f, 0xff, 0x8f, 0xff, 0x8f, 0xff,
    0x8f, 0xff, 0x8f, 0xff, 0x8f, 0xff, 0x8f, 0xff,

    /* U+004A "J" */
    0x0, 0x0, 0x0, 0xf, 0xff, 0x70, 0x0, 0x0,
    0x0, 0xff, 0xf7, 0x0, 0x0, 0x0, 0xf, 0xff,
    0x70, 0x0, 0x0, 0x0, 0xff, 0xf7, 0x0, 0x0,
    0x0, 0xf, 0xff, 0x70, 0x0, 0x0, 0x0, 0xff,
    0xf7, 0x0, 0x0, 0x0, 0xf, 0xff, 0x70, 0x0,
    0x0, 0x0, 0xff, 0xf7, 0x0, 0x0, 0x0, 0xf,
    0xff, 0x70, 0x0, 0x0, 0x0, 0xff, 0xf7, 0x0,
    0x0, 0x0, 0xf, 0xff, 0x70, 0x1, 0x0, 0x3,
    0xff, 0xf5, 0x4, 0xf8, 0x34, 0xdf, 0xff, 0x14,
    0xff, 0xff, 0xff, 0xff, 0x90, 0x3e, 0xff, 0xff,
    0xff, 0xb0, 0x0, 0x19, 0xef, 0xfc, 0x60, 0x0,

    /* U+004B "K" */
    0x8f, 0xff, 0x0, 0x0, 0xb, 0xff, 0xf8, 0x8,
    0xff, 0xf0, 0x0, 0x8, 0xff, 0xfb, 0x0, 0x8f,
    0xff, 0x0, 0x5, 0xff, 0xfd, 0x0, 0x8, 0xff,
    0xf0, 0x2, 0xff, 0xfe, 0x20, 0x0, 0x8f, 0xff,
    0x0, 0xdf, 0xff, 0x40, 0x0, 0x8, 0xff, 0xf0,
    0xaf, 0xff, 0x60, 0x0, 0x0, 0x8f, 0xff, 0x7f,
    0xff, 0x90, 0x0, 0x0, 0x8, 0xff, 0xff, 0xff,
    0xd0, 0x0, 0x0, 0x0, 0x8f, 0xff, 0xcf, 0xff,
    0x50, 0x0, 0x0, 0x8, 0xff, 0xf1, 0xef, 0xff,
    0x20, 0x0, 0x0, 0x8f, 0xff, 0x4, 0xff, 0xfd,
    0x10, 0x0, 0x8, 0xff, 0xf0, 0x8, 0xff, 0xfb,
    0x0, 0x0, 0x8f, 0xff, 0x0, 0xb, 0xff, 0xf7,
    0x0, 0x8, 0xff, 0xf0, 0x0, 0x1e, 0xff, 0xf4,
    0x0, 0x8f, 0xff, 0x0, 0x0, 0x4f, 0xff, 0xe1,
    0x8, 0xff, 0xf0, 0x0, 0x0, 0x7f, 0xff, 0xc0,

    /* U+004C "L" */
    0x8f, 0xff, 0x0, 0x0, 0x0, 0x8, 0xff, 0xf0,
    0x0, 0x0, 0x0, 0x8f, 0xff, 0x0, 0x0, 0x0,
    0x8, 0xff, 0xf0, 0x0, 0x0, 0x0, 0x8f, 0xff,
    0x0, 0x0, 0x0, 0x8, 0xff, 0xf0, 0x0, 0x0,
    0x0, 0x8f, 0xff, 0x0, 0x0, 0x0, 0x8, 0xff,
    0xf0, 0x0, 0x0, 0x0, 0x8f, 0xff, 0x0, 0x0,
    0x0, 0x8, 0xff, 0xf0, 0x0, 0x0, 0x0, 0x8f,
    0xff, 0x0, 0x0, 0x0, 0x8, 0xff, 0xf0, 0x0,
    0x0, 0x0, 0x8f, 0xff, 0x0, 0x0, 0x0, 0x8,
    0xff, 0xff, 0xff, 0xff, 0xfd, 0x8f, 0xff, 0xff,
    0xff, 0xff, 0xd8, 0xff, 0xff, 0xff, 0xff, 0xfd,

    /* U+004D "M" */
    0x8f, 0xf4, 0x0, 0x0, 0x0, 0x0, 0x6, 0xff,
    0x68, 0xff, 0xd0, 0x0, 0x0, 0x0, 0x1, 0xef,
    0xf6, 0x8f, 0xff, 0x80, 0x0, 0x0, 0x0, 0xaf,
    0xff, 0x68, 0xff, 0xff, 0x20, 0x0, 0x0, 0x4f,
    0xff, 0xf6, 0x8f, 0xff, 0xfc, 0x0, 0x0, 0xd,
    0xff, 0xff, 0x68, 0xff, 0xff, 0xf6, 0x0, 0x8,
    0xff, 0xff, 0xf6, 0x8f, 0xff, 0xff, 0xe1, 0x2,
    0xff, 0xff, 0xff, 0x68, 0xff, 0xfd, 0xff, 0xa0,
    0xbf, 0xfc, 0xff, 0xf6, 0x8f, 0xfe, 0x3f, 0xff,
    0x9f, 0xff, 0x3f, 0xff, 0x68, 0xff, 0xe0, 0x9f,
    0xff, 0xff, 0x70, 0xff, 0xf6, 0x8f, 0xfe, 0x1,
    0xef, 0xff, 0xd0, 0xf, 0xff, 0x68, 0xff, 0xe0,
    0x5, 0xff, 0xf3, 0x0, 0xff, 0xf6, 0x8f, 0xfe,
    0x0, 0x7, 0x96, 0x0, 0xf, 0xff, 0x68, 0xff,
    0xe0, 0x0, 0x0, 0x0, 0x0, 0xff, 0xf6, 0x8f,
    0xfe, 0x0, 0x0, 0x0, 0x0, 0xf, 0xff, 0x68,
    0xff, 0xe0, 0x0, 0x0, 0x0, 0x0, 0xff, 0xf6,

    /* U+004E "N" */
    0x8f, 0xf5, 0x0, 0x0, 0x0, 0xbf, 0xfb, 0x8f,
    0xff, 0x20, 0x0, 0x0, 0xbf, 0xfb, 0x8f, 0xff,
    0xd0, 0x0, 0x0, 0xbf, 0xfb, 0x8f, 0xff, 0xfa,
    0x0, 0x0, 0xbf, 0xfb, 0x8f, 0xff, 0xff, 0x60,
    0x0, 0xbf, 0xfb, 0x8f, 0xff, 0xff, 0xf3, 0x0,
    0xbf, 0xfb, 0x8f, 0xff, 0xdf, 0xfe, 0x10, 0xbf,
    0xfb, 0x8f, 0xff, 0x2f, 0xff, 0xb0, 0xbf, 0xfb,
    0x8f, 0xff, 0x5, 0xff, 0xf8, 0xbf, 0xfb, 0x8f,
    0xff, 0x0, 0x8f, 0xff, 0xef, 0xfb, 0x8f, 0xff,
    0x0, 0xc, 0xff, 0xff, 0xfb, 0x8f, 0xff, 0x0,
    0x1, 0xef, 0xff, 0xfb, 0x8f, 0xff, 0x0, 0x0,
    0x3f, 0xff, 0xfb, 0x8f, 0xff, 0x0, 0x0, 0x7,
    0xff, 0xfb, 0x8f, 0xff, 0x0, 0x0, 0x0, 0xaf,
    0xfb, 0x8f, 0xff, 0x0, 0x0, 0x0, 0x1f, 0xfb,

    /* U+004F "O" */
    0x0, 0x0, 0x5, 0xae, 0xff, 0xd9, 0x30, 0x0,
    0x0, 0x0, 0x2, 0xdf, 0xff, 0xff, 0xff, 0xfa,
    0x0, 0x0, 0x0, 0x3f, 0xff, 0xff, 0xff, 0xff,
    0xff, 0xc1, 0x0, 0x0, 0xef, 0xff, 0xc5, 0x33,
    0x6d, 0xff, 0xfa, 0x0, 0x8, 0xff, 0xf8, 0x0,
    0x0, 0x0, 0xcf, 0xff, 0x30, 0xe, 0xff, 0xc0,
    0x0, 0x0, 0x0, 0x1f, 0xff, 0xa0, 0x2f, 0xff,
    0x70, 0x0, 0x0, 0x0, 0xb, 0xff, 0xe0, 0x4f,
    0xff, 0x40, 0x0, 0x0, 0x0, 0x8, 0xff, 0xf0,
    0x4f, 0xff, 0x40, 0x0, 0x0, 0x0, 0x8, 0xff,
    0xf0, 0x2f, 0xff, 0x70, 0x0, 0x0, 0x0, 0xb,
    0xff, 0xe0, 0xe, 0xff, 0xd0, 0x0, 0x0, 0x0,
    0x2f, 0xff, 0xa0, 0x7, 0xff, 0xf8, 0x0, 0x0,
    0x0, 0xcf, 0xff, 0x30, 0x0, 0xdf, 0xff, 0xc5,
    0x33, 0x7e, 0xff, 0xfa, 0x0, 0x0, 0x2e, 0xff,
    0xff, 0xff, 0xff, 0xff, 0xc1, 0x0, 0x0, 0x2,
    0xcf, 0xff, 0xff, 0xff, 0xfa, 0x0, 0x0, 0x0,
    0x0, 0x4, 0xae, 0xff, 0xd9, 0x30, 0x0, 0x0,

    /* U+0050 "P" */
    0x8f, 0xff, 0xff, 0xff, 0xc7, 0x0, 0x8, 0xff,
    0xff, 0xff, 0xff, 0xfc, 0x0, 0x8f, 0xff, 0xbb,
    0xbe, 0xff, 0xf9, 0x8, 0xff, 0xf0, 0x0, 0xb,
    0xff, 0xf0, 0x8f, 0xff, 0x0, 0x0, 0x4f, 0xff,
    0x38, 0xff, 0xf0, 0x0, 0x4, 0xff, 0xf3, 0x8f,
    0xff, 0x0, 0x0, 0xbf, 0xff, 0x8, 0xff, 0xfb,
    0xbb, 0xef, 0xff, 0x90, 0x8f, 0xff, 0xff, 0xff,
    0xff, 0xc0, 0x8, 0xff, 0xff, 0xff, 0xfc, 0x70,
    0x0, 0x8f, 0xff, 0x0, 0x0, 0x0, 0x0, 0x8,
    0xff, 0xf0, 0x0, 0x0, 0x0, 0x0, 0x8f, 0xff,
    0x0, 0x0, 0x0, 0x0, 0x8, 0xff, 0xf0, 0x0,
    0x0, 0x0, 0x0, 0x8f, 0xff, 0x0, 0x0, 0x0,
    0x0, 0x8, 0xff, 0xf0, 0x0, 0x0, 0x0, 0x0,

    /* U+0051 "Q" */
    0x0, 0x0, 0x5, 0xae, 0xff, 0xd9, 0x30, 0x0,
    0x0, 0x0, 0x2, 0xcf, 0xff, 0xff, 0xff, 0xfa,
    0x10, 0x0, 0x0, 0x3f, 0xff, 0xff, 0xff, 0xff,
    0xff, 0xd1, 0x0, 0x0, 0xef, 0xff, 0xc5, 0x33,
    0x6d, 0xff, 0xfb, 0x0, 0x8, 0xff, 0xf8, 0x0,
    0x0, 0x0, 0xbf, 0xff, 0x40, 0xe, 0xff, 0xd0,
    0x0, 0x0, 0x0, 0x1f, 0xff, 0xa0, 0x2f, 0xff,
    0x70, 0x0, 0x0, 0x0, 0xa, 0xff, 0xe0, 0x4f,
    0xff, 0x40, 0x0, 0x0, 0x10, 0x8, 0xff, 0xf0,
    0x4f, 0xff, 0x40, 0x0, 0x3, 0xf5, 0x8, 0xff,
    0xf0, 0x2f, 0xff, 0x70, 0x0, 0x2f, 0xff, 0x5b,
    0xff, 0xe0, 0xe, 0xff, 0xd0, 0x0, 0x9, 0xff,
    0xff, 0xff, 0xa0, 0x7, 0xff, 0xf8, 0x0, 0x0,
    0x9f, 0xff, 0xff, 0x40, 0x0, 0xdf, 0xff, 0xc5,
    0x33, 0x7f, 0xff, 0xfc, 0x0, 0x0, 0x2e, 0xff,
    0xff, 0xff, 0xff, 0xff, 0xff, 0x60, 0x0, 0x2,
    0xcf, 0xff, 0xff, 0xff, 0xfd, 0xff, 0xf6, 0x0,
    0x0, 0x4, 0xae, 0xff, 0xd9, 0x30, 0x9f, 0xf5,
    0x0, 0x0, 0x0, 0x0, 0x0, 0x0, 0x0, 0x9,
    0x50,

    /* U+0052 "R" */
    0x8f, 0xff, 0xff, 0xff, 0xc6, 0x0, 0x0, 0x8f,
    0xff, 0xff, 0xff, 0xff, 0xb0, 0x0, 0x8f, 0xff,
    0xbb, 0xbe, 0xff, 0xf7, 0x0, 0x8f, 0xff, 0x0,
    0x0, 0xdf, 0xfd, 0x0, 0x8f, 0xff, 0x0, 0x0,
    0x7f, 0xff, 0x0, 0x8f, 0xff, 0x0, 0x0, 0x8f,
    0xff, 0x0, 0x8f, 0xff, 0x0, 0x4, 0xef, 0xfb,
    0x0, 0x8f, 0xff, 0xff, 0xff, 0xff, 0xf3, 0x0,
    0x8f, 0xff, 0xff, 0xff, 0xfe, 0x40, 0x0, 0x8f,
    0xff, 0xcf, 0xff, 0x70, 0x0, 0x0, 0x8f, 0xff,
    0x1e, 0xff, 0xd0, 0x0, 0x0, 0x8f, 0xff, 0x4,
    0xff, 0xf9, 0x0, 0x0, 0x8f, 0xff, 0x0, 0x9f,
    0xff, 0x60, 0x0, 0x8f, 0xff, 0x0, 0xd, 0xff,
    0xf2, 0x0, 0x8f, 0xff, 0x0, 0x2, 0xff, 0xfd,
    0x0, 0x8f, 0xff, 0x0, 0x0, 0x6f, 0xff, 0xa0,

    /* U+0053 "S" */
    0x0, 0x3, 0xae, 0xff, 0xd8, 0x20, 0x0, 0x6,
    0xff, 0xff, 0xff, 0xff, 0x60, 0x2, 0xff, 0xff,
    0xff, 0xff, 0xfb, 0x0, 0x7f, 0xff, 0x40, 0x5,
    0xea, 0x0, 0x9, 0xff, 0xe0, 0x0, 0x1, 0x0,
    0x0, 0x8f, 0xff, 0x91, 0x0, 0x0, 0x0, 0x2,
    0xff, 0xff, 0xfb, 0x50, 0x0, 0x0, 0x7, 0xff,
    0xff, 0xff, 0xd4, 0x0, 0x0, 0x4, 0xcf, 0xff,
    0xff, 0xf4, 0x0, 0x0, 0x0, 0x28, 0xef, 0xff,
    0xd0, 0x0, 0x0, 0x0, 0x0, 0xbf, 0xff, 0x10,
    0x8, 0x10, 0x0, 0x5, 0xff, 0xf1, 0xa, 0xfd,
    0x50, 0x2, 0xbf, 0xff, 0x6, 0xff, 0xff, 0xff,
    0xff, 0xff, 0x90, 0x8, 0xff, 0xff, 0xff, 0xff,
    0xb0, 0x0, 0x2, 0x9d, 0xff, 0xeb, 0x50, 0x0,

    /* U+0054 "T" */
    0x9f, 0xff, 0xff, 0xff, 0xff, 0xff, 0xfa, 0x9f,
    0xff, 0xff, 0xff, 0xff, 0xff, 0xfa, 0x7d, 0xdd,
    0xdf, 0xff, 0xfd, 0xdd, 0xd8, 0x0, 0x0, 0xb,
    0xff, 0xc0, 0x0, 0x0, 0x0, 0x0, 0xb, 0xff,
    0xc0, 0x0, 0x0, 0x0, 0x0, 0xb, 0xff, 0xc0,
    0x0, 0x0, 0x0, 0x0, 0xb, 0xff, 0xc0, 0x0,
    0x0, 0x0, 0x0, 0xb, 0xff, 0xc0, 0x0, 0x0,
    0x0, 0x0, 0xb, 0xff, 0xc0, 0x0, 0x0, 0x0,
    0x0, 0xb, 0xff, 0xc0, 0x0, 0x0, 0x0, 0x0,
    0xb, 0xff, 0xc0, 0x0, 0x0, 0x0, 0x0, 0xb,
    0xff, 0xc0, 0x0, 0x0, 0x0, 0x0, 0xb, 0xff,
    0xc0, 0x0, 0x0, 0x0, 0x0, 0xb, 0xff, 0xc0,
    0x0, 0x0, 0x0, 0x0, 0xb, 0xff, 0xc0, 0x0,
    0x0, 0x0, 0x0, 0xb, 0xff, 0xc0, 0x0, 0x0,

    /* U+0055 "U" */
    0xcf, 0xfb, 0x0, 0x0, 0x4, 0xff, 0xf3, 0xcf,
    0xfb, 0x0, 0x0, 0x4, 0xff, 0xf3, 0xcf, 0xfb,
    0x0, 0x0, 0x4, 0xff, 0xf3, 0xcf, 0xfb, 0x0,
    0x0, 0x4, 0xff, 0xf3, 0xcf, 0xfb, 0x0, 0x0,
    0x4, 0xff, 0xf3, 0xcf, 0xfb, 0x0, 0x0, 0x4,
    0xff, 0xf3, 0xcf, 0xfb, 0x0, 0x0, 0x4, 0xff,
    0xf3, 0xcf, 0xfb, 0x0, 0x0, 0x4, 0xff, 0xf3,
    0xcf, 0xfb, 0x0, 0x0, 0x4, 0xff, 0xf3, 0xbf,
    0xfb, 0x0, 0x0, 0x4, 0xff, 0xf2, 0xaf, 0xfd,
    0x0, 0x0, 0x5, 0xff, 0xf1, 0x7f, 0xff, 0x30,
    0x0, 0xb, 0xff, 0xe0, 0x2f, 0xff, 0xe6, 0x34,
    0xbf, 0xff, 0x80, 0x8, 0xff, 0xff, 0xff, 0xff,
    0xfe, 0x10, 0x0, 0x8f, 0xff, 0xff, 0xff, 0xd2,
    0x0, 0x0, 0x3, 0xae, 0xff, 0xc7, 0x0, 0x0,

    /* U+0056 "V" */
    0x7f, 0xff, 0x30, 0x0, 0x0, 0x7, 0xff, 0xf2,
    0x1f, 0xff, 0x90, 0x0, 0x0, 0xd, 0xff, 0xc0,
    0xb, 0xff, 0xe0, 0x0, 0x0, 0x3f, 0xff, 0x60,
    0x5, 0xff, 0xf4, 0x0, 0x0, 0x8f, 0xff, 0x10,
    0x0, 0xef, 0xfa, 0x0, 0x0, 0xef, 0xfa, 0x0,
    0x0, 0x9f, 0xff, 0x0, 0x4, 0xff, 0xf4, 0x0,
    0x0, 0x3f, 0xff, 0x50, 0x9, 0xff, 0xe0, 0x0,
    0x0, 0xd, 0xff, 0xb0, 0xf, 0xff, 0x80, 0x0,
    0x0, 0x7, 0xff, 0xf1, 0x5f, 0xff, 0x20, 0x0,
    0x0, 0x1, 0xff, 0xf6, 0xbf, 0xfc, 0x0, 0x0,
    0x0, 0x0, 0xbf, 0xfc, 0xff, 0xf6, 0x0, 0x0,
    0x0, 0x0, 0x5f, 0xff, 0xff, 0xf0, 0x0, 0x0,
    0x0, 0x0, 0xf, 0xff, 0xff, 0xa0, 0x0, 0x0,
    0x0, 0x0, 0x9, 0xff, 0xff, 0x40, 0x0, 0x0,
    0x0, 0x0, 0x3, 0xff, 0xfd, 0x0, 0x0, 0x0,
    0x0, 0x0, 0x0, 0xdf, 0xf8, 0x0, 0x0, 0x0,

    /* U+0057 "W" */
    0x7f, 0xff, 0x0, 0x0, 0x7, 0xff, 0x80, 0x0,
    0x0, 0xef, 0xf8, 0x2f, 0xff, 0x40, 0x0, 0xc,
    0xff, 0xd0, 0x0, 0x2, 0xff, 0xf3, 0xd, 0xff,
    0x80, 0x0, 0x1f, 0xff, 0xf1, 0x0, 0x7, 0xff,
    0xe0, 0x8, 0xff, 0xd0, 0x0, 0x5f, 0xff, 0xf6,
    0x0, 0xc, 0xff, 0x90, 0x3, 0xff, 0xf2, 0x0,
    0xaf, 0xff, 0xfb, 0x0, 0x1f, 0xff, 0x40, 0x0,
    0xef, 0xf7, 0x0, 0xef, 0xff, 0xff, 0x0, 0x5f,
    0xfe, 0x0, 0x0, 0x9f, 0xfb, 0x3, 0xff, 0xdc,
    0xff, 0x40, 0xaf, 0xfa, 0x0, 0x0, 0x4f, 0xff,
    0x7, 0xff, 0x88, 0xff, 0x90, 0xff, 0xf5, 0x0,
    0x0, 0xf, 0xff, 0x5c, 0xff, 0x43, 0xff, 0xd4,
    0xff, 0xf0, 0x0, 0x0, 0xa, 0xff, 0xbf, 0xff,
    0x0, 0xef, 0xfb, 0xff, 0xb0, 0x0, 0x0, 0x5,
    0xff, 0xff, 0xfa, 0x0, 0xaf, 0xff, 0xff, 0x60,
    0x0, 0x0, 0x0, 0xff, 0xff, 0xf6, 0x0, 0x5f,
    0xff, 0xff, 0x10, 0x0, 0x0, 0x0, 0xbf, 0xff,
    0xf1, 0x0, 0x1f, 0xff, 0xfc, 0x0, 0x0, 0x0,
    0x0, 0x6f, 0xff, 0xc0, 0x0, 0xc, 0xff, 0xf7,
    0x0, 0x0, 0x0, 0x0, 0x1f, 0xff, 0x80, 0x0,
    0x7, 0xff, 0xf2, 0x0, 0x0, 0x0, 0x0, 0xc,
    0xff, 0x30, 0x0, 0x2, 0xff, 0xd0, 0x0, 0x0,

    /* U+0058 "X" */
    0x1f, 0xff, 0xf1, 0x0, 0x0, 0x2f, 0xff, 0xc0,
    0x6, 0xff, 0xfb, 0x0, 0x0, 0xbf, 0xff, 0x20,
    0x0, 0xbf, 0xff, 0x50, 0x5, 0xff, 0xf7, 0x0,
    0x0, 0x1e, 0xff, 0xe1, 0x1e, 0xff, 0xc0, 0x0,
    0x0, 0x5, 0xff, 0xf9, 0x9f, 0xff, 0x20, 0x0,
    0x0, 0x0, 0xaf, 0xff, 0xff, 0xf7, 0x0, 0x0,
    0x0, 0x0, 0x1e, 0xff, 0xff, 0xc0, 0x0, 0x0,
    0x0, 0x0, 0x6, 0xff, 0xff, 0x30, 0x0, 0x0,
    0x0, 0x0, 0xa, 0xff, 0xff, 0x90, 0x0, 0x0,
    0x0, 0x0, 0x5f, 0xff, 0xff, 0xf3, 0x0, 0x0,
    0x0, 0x1, 0xef, 0xfc, 0xef, 0xfd, 0x0, 0x0,
    0x0, 0xa, 0xff, 0xf2, 0x6f, 0xff, 0x80, 0x0,
    0x0, 0x5f, 0xff, 0x70, 0xc, 0xff, 0xf2, 0x0,
    0x1, 0xef, 0xfd, 0x0, 0x2, 0xff, 0xfc, 0x0,
    0xa, 0xff, 0xf3, 0x0, 0x0, 0x8f, 0xff, 0x70,
    0x5f, 0xff, 0x90, 0x0, 0x0, 0xe, 0xff, 0xf2,

    /* U+0059 "Y" */
    0x6f, 0xff, 0x90, 0x0, 0x0, 0x6f, 0xff, 0x80,
    0xcf, 0xff, 0x20, 0x0, 0xe, 0xff, 0xe0, 0x3,
    0xff, 0xfb, 0x0, 0x8, 0xff, 0xf5, 0x0, 0xa,
    0xff, 0xf4, 0x1, 0xff, 0xfb, 0x0, 0x0, 0x1f,
    0xff, 0xd0, 0xaf, 0xff, 0x20, 0x0, 0x0, 0x6f,
    0xff, 0x9f, 0xff, 0x80, 0x0, 0x0, 0x0, 0xdf,
    0xff, 0xff, 0xd0, 0x0, 0x0, 0x0, 0x3, 0xff,
    0xff, 0xf4, 0x0, 0x0, 0x0, 0x0, 0xa, 0xff,
    0xfb, 0x0, 0x0, 0x0, 0x0, 0x0, 0x3f, 0xff,
    0x50, 0x0, 0x0, 0x0, 0x0, 0x2, 0xff, 0xf5,
    0x0, 0x0, 0x0, 0x0, 0x0, 0x2f, 0xff, 0x50,
    0x0, 0x0, 0x0, 0x0, 0x2, 0xff, 0xf5, 0x0,
    0x0, 0x0, 0x0, 0x0, 0x2f, 0xff, 0x50, 0x0,
    0x0, 0x0, 0x0, 0x2, 0xff, 0xf5, 0x0, 0x0,
    0x0, 0x0, 0x0, 0x2f, 0xff, 0x50, 0x0, 0x0,

    /* U+005A "Z" */
    0xe, 0xff, 0xff, 0xff, 0xff, 0xff, 0xa0, 0xef,
    0xff, 0xff, 0xff, 0xff, 0xfa, 0xe, 0xff, 0xff,
    0xff, 0xff, 0xff, 0x80, 0x0, 0x0, 0x0, 0x4f,
    0xff, 0xd0, 0x0, 0x0, 0x0, 0x1e, 0xff, 0xf3,
    0x0, 0x0, 0x0, 0xb, 0xff, 0xf7, 0x0, 0x0,
    0x0, 0x6, 0xff, 0xfc, 0x0, 0x0, 0x0, 0x2,
    0xff, 0xff, 0x20, 0x0, 0x0, 0x0, 0xcf, 0xff,
    0x60, 0x0, 0x0, 0x0, 0x7f, 0xff, 0xa0, 0x0,
    0x0, 0x0, 0x3f, 0xff, 0xe1, 0x0, 0x0, 0x0,
    0xd, 0xff, 0xf4, 0x0, 0x0, 0x0, 0x9, 0xff,
    0xf9, 0x0, 0x0, 0x0, 0x3, 0xff, 0xff, 0xff,
    0xff, 0xff, 0xf7, 0x5f, 0xff, 0xff, 0xff, 0xff,
    0xff, 0x75, 0xff, 0xff, 0xff, 0xff, 0xff, 0xf7,

    /* U+005B "[" */
    0x9f, 0xff, 0xff, 0x9f, 0xff, 0xff, 0x9f, 0xf8,
    0x77, 0x9f, 0xf2, 0x0, 0x9f, 0xf2, 0x0, 0x9f,
    0xf2, 0x0, 0x9f, 0xf2, 0x0, 0x9f, 0xf2, 0x0,
    0x9f, 0xf2, 0x0, 0x9f, 0xf2, 0x0, 0x9f, 0xf2,
    0x0, 0x9f, 0xf2, 0x0, 0x9f, 0xf2, 0x0, 0x9f,
    0xf2, 0x0, 0x9f, 0xf2, 0x0, 0x9f, 0xf8, 0x77,
    0x9f, 0xff, 0xff, 0x9f, 0xff, 0xff,

    /* U+005C "\\" */
    0xcf, 0xf2, 0x0, 0x0, 0x7, 0xff, 0x60, 0x0,
    0x0, 0x3f, 0xfb, 0x0, 0x0, 0x0, 0xef, 0xf0,
    0x0, 0x0, 0x9, 0xff, 0x50, 0x0, 0x0, 0x4f,
    0xfa, 0x0, 0x0, 0x0, 0xff, 0xe0, 0x0, 0x0,
    0xb, 0xff, 0x30, 0x0, 0x0, 0x6f, 0xf8, 0x0,
    0x0, 0x1, 0xff, 0xd0, 0x0, 0x0, 0xc, 0xff,
    0x20, 0x0, 0x0, 0x7f, 0xf6, 0x0, 0x0, 0x3,
    0xff, 0xb0, 0x0, 0x0, 0xe, 0xff, 0x0, 0x0,
    0x0, 0x9f, 0xf5, 0x0, 0x0, 0x4, 0xff, 0xa0,
    0x0, 0x0, 0xf, 0xfe, 0x0, 0x0, 0x0, 0xbf,
    0xf3,

    /* U+005D "]" */
    0x4f, 0xff, 0xff, 0x44, 0xff, 0xff, 0xf4, 0x27,
    0x7b, 0xff, 0x40, 0x0, 0x7f, 0xf4, 0x0, 0x7,
    0xff, 0x40, 0x0, 0x7f, 0xf4, 0x0, 0x7, 0xff,
    0x40, 0x0, 0x7f, 0xf4, 0x0, 0x7, 0xff, 0x40,
    0x0, 0x7f, 0xf4, 0x0, 0x7, 0xff, 0x40, 0x0,
    0x7f, 0xf4, 0x0, 0x7, 0xff, 0x40, 0x0, 0x7f,
    0xf4, 0x0, 0x7, 0xff, 0x42, 0x77, 0xbf, 0xf4,
    0x4f, 0xff, 0xff, 0x44, 0xff, 0xff, 0xf4,

    /* U+005E "^" */
    0x0, 0x3, 0xff, 0x60, 0x0, 0x0, 0xb, 0xff,
    0xe1, 0x0, 0x0, 0x4f, 0xff, 0xf8, 0x0, 0x0,
    0xdf, 0xb6, 0xff, 0x20, 0x6, 0xff, 0x20, 0xdf,
    0xa0, 0xe, 0xf9, 0x0, 0x5f, 0xf3,

    /* U+005F "_" */
    0xaa, 0xaa, 0xaa, 0xaa, 0xaa, 0xa1, 0xff, 0xff,
    0xff, 0xff, 0xff, 0xf1, 0xff, 0xff, 0xff, 0xff,
    0xff, 0xf1,

    /* U+0060 "`" */
    0x0, 0x73, 0x0, 0x0, 0x4f, 0xf3, 0x0, 0xd,
    0xff, 0xf4, 0x0, 0x19, 0xff, 0xf0, 0x0, 0x2,
    0xb7, 0x0, 0x0, 0x0, 0x0,

    /* U+0061 "a" */
    0x0, 0x8, 0xdf, 0xe9, 0x7f, 0xfe, 0x1, 0xdf,
    0xff, 0xff, 0xff, 0xfe, 0xa, 0xff, 0xff, 0xff,
    0xff, 0xfe, 0x2f, 0xff, 0xc3, 0x15, 0xff, 0xfe,
    0x6f, 0xff, 0x20, 0x0, 0x7f, 0xfe, 0x7f, 0xff,
    0x0, 0x0, 0x4f, 0xfe, 0x6f, 0xff, 0x20, 0x0,
    0x7f, 0xfe, 0x2f, 0xff, 0xd3, 0x15, 0xff, 0xfe,
    0xa, 0xff, 0xff, 0xff, 0xff, 0xfe, 0x1, 0xdf,
    0xff, 0xff, 0xff, 0xfe, 0x0, 0x8, 0xdf, 0xe9,
    0x7f, 0xfe,

    /* U+0062 "b" */
    0xdf, 0xf8, 0x0, 0x0, 0x0, 0x0, 0xdf, 0xf8,
    0x0, 0x0, 0x0, 0x0, 0xdf, 0xf8, 0x0, 0x0,
    0x0, 0x0, 0xdf, 0xf8, 0x0, 0x0, 0x0, 0x0,
    0xdf, 0xf8, 0x0, 0x0, 0x0, 0x0, 0xdf, 0xfa,
    0xae, 0xfd, 0x81, 0x0, 0xdf, 0xff, 0xff, 0xff,
    0xfe, 0x20, 0xdf, 0xff, 0xff, 0xff, 0xff, 0xc0,
    0xdf, 0xff, 0x61, 0x2b, 0xff, 0xf3, 0xdf, 0xf8,
    0x0, 0x1, 0xff, 0xf7, 0xdf, 0xf6, 0x0, 0x0,
    0xdf, 0xf8, 0xdf, 0xf8, 0x0, 0x1, 0xff, 0xf7,
    0xdf, 0xff, 0x61, 0x2c, 0xff, 0xf3, 0xdf, 0xff,
    0xff, 0xff, 0xff, 0xc0, 0xdf, 0xff, 0xff, 0xff,
    0xfe, 0x20, 0xdf, 0xf9, 0x9e, 0xfe, 0x81, 0x0,

    /* U+0063 "c" */
    0x0, 0x5, 0xbe, 0xfe, 0xa2, 0x0, 0xa, 0xff,
    0xff, 0xff, 0xf4, 0x9, 0xff, 0xff, 0xff, 0xfb,
    0x2, 0xff, 0xfd, 0x31, 0x49, 0x0, 0x6f, 0xff,
    0x20, 0x0, 0x0, 0x8, 0xff, 0xf0, 0x0, 0x0,
    0x0, 0x6f, 0xff, 0x20, 0x0, 0x0, 0x2, 0xff,
    0xfd, 0x41, 0x4b, 0x10, 0x9, 0xff, 0xff, 0xff,
    0xfd, 0x10, 0xb, 0xff, 0xff, 0xff, 0xf4, 0x0,
    0x5, 0xbe, 0xfe, 0x92, 0x0,

    /* U+0064 "d" */
    0x0, 0x0, 0x0, 0x0, 0x7f, 0xfe, 0x0, 0x0,
    0x0, 0x0, 0x7f, 0xfe, 0x0, 0x0, 0x0, 0x0,
    0x7f, 0xfe, 0x0, 0x0, 0x0, 0x0, 0x7f, 0xfe,
    0x0, 0x0, 0x0, 0x0, 0x7f, 0xfe, 0x0, 0x8,
    0xdf, 0xea, 0xaf, 0xfe, 0x1, 0xdf, 0xff, 0xff,
    0xff, 0xfe, 0xa, 0xff, 0xff, 0xff, 0xff, 0xfe,
    0x2f, 0xff, 0xd3, 0x15, 0xff, 0xfe, 0x6f, 0xff,
    0x20, 0x0, 0x7f, 0xfe, 0x7f, 0xff, 0x0, 0x0,
    0x4f, 0xfe, 0x6f, 0xff, 0x20, 0x0, 0x7f, 0xfe,
    0x2f, 0xff, 0xd3, 0x15, 0xff, 0xfe, 0xa, 0xff,
    0xff, 0xff, 0xff, 0xfe, 0x1, 0xdf, 0xff, 0xff,
    0xff, 0xfe, 0x0, 0x8, 0xdf, 0xea, 0x8f, 0xfe,

    /* U+0065 "e" */
    0x0, 0x5, 0xcf, 0xfd, 0x91, 0x0, 0x0, 0xbf,
    0xff, 0xff, 0xfe, 0x30, 0x9, 0xff, 0xfb, 0x9d,
    0xff, 0xe0, 0x2f, 0xff, 0x40, 0x0, 0xdf, 0xf6,
    0x6f, 0xff, 0xff, 0xff, 0xff, 0xf9, 0x8f, 0xff,
    0xff, 0xff, 0xff, 0xf9, 0x6f, 0xfe, 0x55, 0x55,
    0x55, 0x52, 0x2f, 0xff, 0x50, 0x0, 0x55, 0x0,
    0x9, 0xff, 0xfc, 0xac, 0xff, 0x40, 0x0, 0xbf,
    0xff, 0xff, 0xff, 0x70, 0x0, 0x5, 0xbe, 0xfe,
    0xa3, 0x0,

    /* U+0066 "f" */
    0x0, 0x0, 0x3b, 0xff, 0xd7, 0x0, 0x0, 0x5f,
    0xff, 0xff, 0xf5, 0x0, 0xe, 0xff, 0xff, 0xf7,
    0x0, 0x5, 0xff, 0xf5, 0x3, 0x0, 0x0, 0x7f,
    0xfe, 0x0, 0x0, 0xc, 0xff, 0xff, 0xff, 0xff,
    0x0, 0xcf, 0xff, 0xff, 0xff, 0xf0, 0xb, 0xef,
    0xff, 0xfe, 0xee, 0x0, 0x0, 0x7f, 0xfe, 0x0,
    0x0, 0x0, 0x7, 0xff, 0xe0, 0x0, 0x0, 0x0,
    0x7f, 0xfe, 0x0, 0x0, 0x0, 0x7, 0xff, 0xe0,
    0x0, 0x0, 0x0, 0x7f, 0xfe, 0x0, 0x0, 0x0,
    0x7, 0xff, 0xe0, 0x0, 0x0, 0x0, 0x7f, 0xfe,
    0x0, 0x0, 0x0, 0x7, 0xff, 0xe0, 0x0, 0x0,

    /* U+0067 "g" */
    0x0, 0x18, 0xef, 0xe9, 0xbf, 0xfa, 0x1, 0xdf,
    0xff, 0xff, 0xff, 0xfa, 0xb, 0xff, 0xfd, 0xcf,
    0xff, 0xfa, 0x3f, 0xff, 0x90, 0x3, 0xff, 0xfa,
    0x6f, 0xff, 0x0, 0x0, 0xaf, 0xfa, 0x8f, 0xfe,
    0x0, 0x0, 0x8f, 0xfa, 0x6f, 0xff, 0x20, 0x0,
    0xbf, 0xfa, 0x2f, 0xff, 0xc2, 0x7, 0xff, 0xfa,
    0xb, 0xff, 0xff, 0xff, 0xff, 0xfa, 0x1, 0xdf,
    0xff, 0xff, 0xff, 0xfa, 0x0, 0x18, 0xef, 0xe8,
    0xcf, 0xfa, 0x0, 0x10, 0x0, 0x0, 0xdf, 0xf8,
    0x4, 0xf9, 0x20, 0x29, 0xff, 0xf4, 0x3f, 0xff,
    0xff, 0xff, 0xff, 0xc0, 0xa, 0xff, 0xff, 0xff,
    0xfc, 0x10, 0x0, 0x5b, 0xef, 0xfc, 0x60, 0x0,

    /* U+0068 "h" */
    0xdf, 0xf8, 0x0, 0x0, 0x0, 0xd, 0xff, 0x80,
    0x0, 0x0, 0x0, 0xdf, 0xf8, 0x0, 0x0, 0x0,
    0xd, 0xff, 0x80, 0x0, 0x0, 0x0, 0xdf, 0xf8,
    0x0, 0x0, 0x0, 0xd, 0xff, 0x99, 0xef, 0xe8,
    0x0, 0xdf, 0xff, 0xff, 0xff, 0xfc, 0xd, 0xff,
    0xff, 0xff, 0xff, 0xf5, 0xdf, 0xff, 0x30, 0x5f,
    0xff, 0x8d, 0xff, 0xa0, 0x0, 0xcf, 0xf9, 0xdf,
    0xf8, 0x0, 0xc, 0xff, 0x9d, 0xff, 0x80, 0x0,
    0xcf, 0xf9, 0xdf, 0xf8, 0x0, 0xc, 0xff, 0x9d,
    0xff, 0x80, 0x0, 0xcf, 0xf9, 0xdf, 0xf8, 0x0,
    0xc, 0xff, 0x9d, 0xff, 0x80, 0x0, 0xcf, 0xf9,

    /* U+0069 "i" */
    0x5f, 0xd2, 0xef, 0xfa, 0xcf, 0xf8, 0x2a, 0x90,
    0x0, 0x0, 0xdf, 0xf8, 0xdf, 0xf8, 0xdf, 0xf8,
    0xdf, 0xf8, 0xdf, 0xf8, 0xdf, 0xf8, 0xdf, 0xf8,
    0xdf, 0xf8, 0xdf, 0xf8, 0xdf, 0xf8, 0xdf, 0xf8,

    /* U+006A "j" */
    0x0, 0x0, 0x2d, 0xf6, 0x0, 0x0, 0x9f, 0xfe,
    0x0, 0x0, 0x8f, 0xfd, 0x0, 0x0, 0x9, 0xa2,
    0x0, 0x0, 0x0, 0x0, 0x0, 0x0, 0x8f, 0xfd,
    0x0, 0x0, 0x8f, 0xfd, 0x0, 0x0, 0x8f, 0xfd,
    0x0, 0x0, 0x8f, 0xfd, 0x0, 0x0, 0x8f, 0xfd,
    0x0, 0x0, 0x8f, 0xfd, 0x0, 0x0, 0x8f, 0xfd,
    0x0, 0x0, 0x8f, 0xfd, 0x0, 0x0, 0x8f, 0xfd,
    0x0, 0x0, 0x8f, 0xfd, 0x0, 0x0, 0x8f, 0xfd,
    0x0, 0x0, 0x8f, 0xfc, 0x0, 0x51, 0xcf, 0xfb,
    0xc, 0xff, 0xff, 0xf7, 0x9f, 0xff, 0xff, 0xd0,
    0x8, 0xef, 0xe9, 0x0,

    /* U+006B "k" */
    0xdf, 0xf8, 0x0, 0x0, 0x0, 0xd, 0xff, 0x80,
    0x0, 0x0, 0x0, 0xdf, 0xf8, 0x0, 0x0, 0x0,
    0xd, 0xff, 0x80, 0x0, 0x0, 0x0, 0xdf, 0xf8,
    0x0, 0x0, 0x0, 0xd, 0xff, 0x80, 0x5, 0xff,
    0xf6, 0xdf, 0xf8, 0x1, 0xef, 0xfa, 0xd, 0xff,
    0x80, 0xbf, 0xfd, 0x0, 0xdf, 0xf8, 0x7f, 0xff,
    0x20, 0xd, 0xff, 0xbf, 0xff, 0x60, 0x0, 0xdf,
    0xff, 0xff, 0xf2, 0x0, 0xd, 0xff, 0x9d, 0xff,
    0xc0, 0x0, 0xdf, 0xf8, 0x4f, 0xff, 0x80, 0xd,
    0xff, 0x80, 0x9f, 0xff, 0x30, 0xdf, 0xf8, 0x0,
    0xef, 0xfd, 0xd, 0xff, 0x80, 0x4, 0xff, 0xfa,

    /* U+006C "l" */
    0xdf, 0xf8, 0xdf, 0xf8, 0xdf, 0xf8, 0xdf, 0xf8,
    0xdf, 0xf8, 0xdf, 0xf8, 0xdf, 0xf8, 0xdf, 0xf8,
    0xdf, 0xf8, 0xdf, 0xf8, 0xdf, 0xf8, 0xdf, 0xf8,
    0xdf, 0xf8, 0xdf, 0xf8, 0xdf, 0xf8, 0xdf, 0xf8,

    /* U+006D "m" */
    0xdf, 0xfa, 0x9e, 0xfd, 0x70, 0x5c, 0xff, 0xc4,
    0x0, 0xdf, 0xff, 0xff, 0xff, 0xfd, 0xff, 0xff,
    0xff, 0x50, 0xdf, 0xff, 0xec, 0xff, 0xff, 0xfd,
    0xcf, 0xff, 0xe0, 0xdf, 0xfd, 0x0, 0x4f, 0xff,
    0xb0, 0x7, 0xff, 0xf2, 0xdf, 0xf9, 0x0, 0xf,
    0xff, 0x70, 0x2, 0xff, 0xf3, 0xdf, 0xf8, 0x0,
    0xf, 0xff, 0x60, 0x2, 0xff, 0xf3, 0xdf, 0xf8,
    0x0, 0xf, 0xff, 0x60, 0x2, 0xff, 0xf3, 0xdf,
    0xf8, 0x0, 0xf, 0xff, 0x60, 0x2, 0xff, 0xf3,
    0xdf, 0xf8, 0x0, 0xf, 0xff, 0x60, 0x2, 0xff,
    0xf3, 0xdf, 0xf8, 0x0, 0xf, 0xff, 0x60, 0x2,
    0xff, 0xf3, 0xdf, 0xf8, 0x0, 0xf, 0xff, 0x60,
    0x2, 0xff, 0xf3,

    /* U+006E "n" */
    0xdf, 0xf9, 0x8e, 0xfe, 0x70, 0xd, 0xff, 0xff,
    0xff, 0xff, 0xa0, 0xdf, 0xff, 0xff, 0xff, 0xff,
    0x4d, 0xff, 0xf3, 0x5, 0xff, 0xf8, 0xdf, 0xfa,
    0x0, 0xc, 0xff, 0x9d, 0xff, 0x80, 0x0, 0xcf,
    0xf9, 0xdf, 0xf8, 0x0, 0xc, 0xff, 0x9d, 0xff,
    0x80, 0x0, 0xcf, 0xf9, 0xdf, 0xf8, 0x0, 0xc,
    0xff, 0x9d, 0xff, 0x80, 0x0, 0xcf, 0xf9, 0xdf,
    0xf8, 0x0, 0xc, 0xff, 0x90,

    /* U+006F "o" */
    0x0, 0x5, 0xbe, 0xfe, 0xa2, 0x0, 0x0, 0xb,
    0xff, 0xff, 0xff, 0xf6, 0x0, 0x9, 0xff, 0xff,
    0xff, 0xff, 0xf4, 0x2, 0xff, 0xfc, 0x31, 0x5f,
    0xff, 0xd0, 0x6f, 0xff, 0x20, 0x0, 0x7f, 0xff,
    0x18, 0xff, 0xf0, 0x0, 0x4, 0xff, 0xf2, 0x6f,
    0xff, 0x20, 0x0, 0x7f, 0xff, 0x12, 0xff, 0xfc,
    0x31, 0x5f, 0xff, 0xc0, 0x9, 0xff, 0xff, 0xff,
    0xff, 0xf4, 0x0, 0xa, 0xff, 0xff, 0xff, 0xf6,
    0x0, 0x0, 0x5, 0xbe, 0xfe, 0xa2, 0x0, 0x0,

    /* U+0070 "p" */
    0xdf, 0xfa, 0x9e, 0xfd, 0x81, 0x0, 0xdf, 0xff,
    0xff, 0xff, 0xfe, 0x20, 0xdf, 0xff, 0xff, 0xff,
    0xff, 0xc0, 0xdf, 0xff, 0x61, 0x2b, 0xff, 0xf3,
    0xdf, 0xf8, 0x0, 0x1, 0xff, 0xf7, 0xdf, 0xf6,
    0x0, 0x0, 0xdf, 0xf8, 0xdf, 0xf9, 0x0, 0x1,
    0xff, 0xf7, 0xdf, 0xff, 0x61, 0x2c, 0xff, 0xf3,
    0xdf, 0xff, 0xff, 0xff, 0xff, 0xc0, 0xdf, 0xff,
    0xff, 0xff, 0xfe, 0x20, 0xdf, 0xfa, 0xae, 0xfe,
    0x81, 0x0, 0xdf, 0xf8, 0x0, 0x0, 0x0, 0x0,
    0xdf, 0xf8, 0x0, 0x0, 0x0, 0x0, 0xdf, 0xf8,
    0x0, 0x0, 0x0, 0x0, 0xdf, 0xf8, 0x0, 0x0,
    0x0, 0x0, 0xdf, 0xf8, 0x0, 0x0, 0x0, 0x0,

    /* U+0071 "q" */
    0x0, 0x8, 0xdf, 0xe9, 0x7f, 0xfe, 0x1, 0xdf,
    0xff, 0xff, 0xff, 0xfe, 0xa, 0xff, 0xff, 0xff,
    0xff, 0xfe, 0x2f, 0xff, 0xc3, 0x15, 0xff, 0xfe,
    0x6f, 0xff, 0x20, 0x0, 0x7f, 0xfe, 0x7f, 0xff,
    0x0, 0x0, 0x4f, 0xfe, 0x6f, 0xff, 0x20, 0x0,
    0x7f, 0xfe, 0x2f, 0xff, 0xd3, 0x15, 0xff, 0xfe,
    0xa, 0xff, 0xff, 0xff, 0xff, 0xfe, 0x1, 0xdf,
    0xff, 0xff, 0xff, 0xfe, 0x0, 0x8, 0xdf, 0xe9,
    0x7f, 0xfe, 0x0, 0x0, 0x0, 0x0, 0x6f, 0xfe,
    0x0, 0x0, 0x0, 0x0, 0x6f, 0xfe, 0x0, 0x0,
    0x0, 0x0, 0x6f, 0xfe, 0x0, 0x0, 0x0, 0x0,
    0x6f, 0xfe, 0x0, 0x0, 0x0, 0x0, 0x6f, 0xfe,

    /* U+0072 "r" */
    0xdf, 0xfa, 0xae, 0xfd, 0x5d, 0xff, 0xff, 0xff,
    0xf2, 0xdf, 0xff, 0xec, 0xf4, 0xd, 0xff, 0xe1,
    0x1, 0x0, 0xdf, 0xfa, 0x0, 0x0, 0xd, 0xff,
    0x80, 0x0, 0x0, 0xdf, 0xf8, 0x0, 0x0, 0xd,
    0xff, 0x80, 0x0, 0x0, 0xdf, 0xf8, 0x0, 0x0,
    0xd, 0xff, 0x80, 0x0, 0x0, 0xdf, 0xf8, 0x0,
    0x0, 0x0,

    /* U+0073 "s" */
    0x0, 0x4b, 0xff, 0xe9, 0x20, 0x6, 0xff, 0xff,
    0xff, 0xf4, 0xe, 0xff, 0xec, 0xef, 0xe2, 0xf,
    0xff, 0x60, 0x7, 0x20, 0xc, 0xff, 0xfd, 0x82,
    0x0, 0x2, 0xdf, 0xff, 0xff, 0x70, 0x0, 0x4,
    0x9e, 0xff, 0xf3, 0x4, 0x80, 0x0, 0xef, 0xf6,
    0x4f, 0xff, 0xcc, 0xff, 0xf5, 0x4f, 0xff, 0xff,
    0xff, 0xd0, 0x1, 0x8c, 0xff, 0xd8, 0x0,

    /* U+0074 "t" */
    0x0, 0x4f, 0xff, 0x10, 0x0, 0x4, 0xff, 0xf1,
    0x0, 0x0, 0x4f, 0xff, 0x10, 0x0, 0x4, 0xff,
    0xf1, 0x0, 0x0, 0x4f, 0xff, 0x10, 0xb, 0xff,
    0xff, 0xff, 0xf7, 0xbf, 0xff, 0xff, 0xff, 0x7a,
    0xee, 0xff, 0xfe, 0xe6, 0x0, 0x4f, 0xff, 0x10,
    0x0, 0x4, 0xff, 0xf1, 0x0, 0x0, 0x4f, 0xff,
    0x10, 0x0, 0x4, 0xff, 0xf1, 0x0, 0x0, 0x4f,
    0xff, 0x10, 0x0, 0x4, 0xff, 0xf1, 0x0, 0x0,
    0x4f, 0xff, 0x10, 0x0, 0x4, 0xff, 0xf1, 0x0,

    /* U+0075 "u" */
    0x1f, 0xff, 0x40, 0x7, 0xff, 0xf1, 0xff, 0xf4,
    0x0, 0x7f, 0xff, 0x1f, 0xff, 0x40, 0x7, 0xff,
    0xf1, 0xff, 0xf4, 0x0, 0x7f, 0xff, 0x1f, 0xff,
    0x40, 0x7, 0xff, 0xf1, 0xff, 0xf4, 0x0, 0x7f,
    0xff, 0x1f, 0xff, 0x50, 0x7, 0xff, 0xe0, 0xef,
    0xfb, 0x12, 0xdf, 0xfc, 0x8, 0xff, 0xff, 0xff,
    0xff, 0x60, 0xc, 0xff, 0xff, 0xff, 0xa0, 0x0,
    0x7, 0xdf, 0xfc, 0x60, 0x0,

    /* U+0076 "v" */
    0xcf, 0xfd, 0x0, 0x0, 0xef, 0xf9, 0x5f, 0xff,
    0x20, 0x4, 0xff, 0xf2, 0xe, 0xff, 0x70, 0x9,
    0xff, 0xc0, 0x8, 0xff, 0xd0, 0xe, 0xff, 0x50,
    0x2, 0xff, 0xf2, 0x4f, 0xfe, 0x0, 0x0, 0xbf,
    0xf8, 0xaf, 0xf8, 0x0, 0x0, 0x4f, 0xfd, 0xef,
    0xf2, 0x0, 0x0, 0xe, 0xff, 0xff, 0xb0, 0x0,
    0x0, 0x7, 0xff, 0xff, 0x40, 0x0, 0x0, 0x1,
    0xff, 0xfd, 0x0, 0x0, 0x0, 0x0, 0xaf, 0xf7,
    0x0, 0x0,

    /* U+0077 "w" */
    0xbf, 0xf8, 0x0, 0xe, 0xff, 0x20, 0x4, 0xff,
    0xf0, 0x6f, 0xfd, 0x0, 0x3f, 0xff, 0x70, 0x9,
    0xff, 0xa0, 0x1f, 0xff, 0x20, 0x8f, 0xff, 0xc0,
    0xd, 0xff, 0x50, 0xb, 0xff, 0x60, 0xdf, 0xff,
    0xf1, 0x2f, 0xff, 0x0, 0x6, 0xff, 0xb2, 0xff,
    0xff, 0xf6, 0x7f, 0xfa, 0x0, 0x1, 0xff, 0xf8,
    0xff, 0x7f, 0xfb, 0xbf, 0xf5, 0x0, 0x0, 0xbf,
    0xff, 0xff, 0xc, 0xff, 0xff, 0xf0, 0x0, 0x0,
    0x5f, 0xff, 0xfb, 0x6, 0xff, 0xff, 0xa0, 0x0,
    0x0, 0xf, 0xff, 0xf5, 0x1, 0xff, 0xff, 0x40,
    0x0, 0x0, 0xb, 0xff, 0xf0, 0x0, 0xcf, 0xff,
    0x0, 0x0, 0x0, 0x5, 0xff, 0xb0, 0x0, 0x7f,
    0xfa, 0x0, 0x0,

    /* U+0078 "x" */
    0x5f, 0xff, 0x80, 0x7, 0xff, 0xf2, 0xa, 0xff,
    0xf2, 0x1f, 0xff, 0x70, 0x1, 0xef, 0xfb, 0xbf,
    0xfc, 0x0, 0x0, 0x5f, 0xff, 0xff, 0xf2, 0x0,
    0x0, 0xa, 0xff, 0xff, 0x70, 0x0, 0x0, 0x3,
    0xff, 0xff, 0x10, 0x0, 0x0, 0xc, 0xff, 0xff,
    0xb0, 0x0, 0x0, 0x8f, 0xff, 0xff, 0xf6, 0x0,
    0x3, 0xff, 0xf5, 0xbf, 0xff, 0x10, 0xd, 0xff,
    0xb0, 0x2f, 0xff, 0xb0, 0x8f, 0xff, 0x20, 0x7,
    0xff, 0xf6,

    /* U+0079 "y" */
    0xbf, 0xfe, 0x0, 0x2, 0xff, 0xf7, 0x4f, 0xff,
    0x30, 0x7, 0xff, 0xf1, 0xe, 0xff, 0x80, 0xc,
    0xff, 0x90, 0x8, 0xff, 0xd0, 0x1f, 0xff, 0x30,
    0x1, 0xff, 0xf2, 0x7f, 0xfc, 0x0, 0x0, 0xbf,
    0xf7, 0xcf, 0xf5, 0x0, 0x0, 0x5f, 0xfe, 0xff,
    0xe0, 0x0, 0x0, 0xe, 0xff, 0xff, 0x80, 0x0,
    0x0, 0x8, 0xff, 0xff, 0x20, 0x0, 0x0, 0x2,
    0xff, 0xfb, 0x0, 0x0, 0x0, 0x0, 0xef, 0xf4,
    0x0, 0x0, 0x0, 0x5, 0xff, 0xe0, 0x0, 0x0,
    0x0, 0xc, 0xff, 0x80, 0x0, 0x0, 0x0, 0x3f,
    0xff, 0x20, 0x0, 0x0, 0x0, 0xaf, 0xfc, 0x0,
    0x0, 0x0, 0x1, 0xff, 0xf6, 0x0, 0x0, 0x0,

    /* U+007A "z" */
    0x1f, 0xff, 0xff, 0xff, 0xff, 0x1f, 0xff, 0xff,
    0xff, 0xff, 0x1d, 0xdd, 0xdf, 0xff, 0xf9, 0x0,
    0x0, 0x4f, 0xff, 0xc0, 0x0, 0x2, 0xef, 0xfe,
    0x10, 0x0, 0xc, 0xff, 0xf4, 0x0, 0x0, 0x9f,
    0xff, 0x80, 0x0, 0x5, 0xff, 0xfb, 0x0, 0x0,
    0x2f, 0xff, 0xfe, 0xdd, 0xdb, 0x8f, 0xff, 0xff,
    0xff, 0xfd, 0x8f, 0xff, 0xff, 0xff, 0xfd,

    /* U+007B "{" */
    0x0, 0x19, 0xef, 0xd0, 0xc, 0xff, 0xfd, 0x2,
    0xff, 0xf8, 0x60, 0x3f, 0xf8, 0x0, 0x2, 0xff,
    0x90, 0x0, 0x1f, 0xfa, 0x0, 0x0, 0xff, 0xb0,
    0x0, 0x2f, 0xfb, 0x0, 0x9f, 0xff, 0x50, 0x9,
    0xff, 0xd1, 0x0, 0x48, 0xff, 0x90, 0x0, 0xf,
    0xfb, 0x0, 0x0, 0xff, 0xa0, 0x0, 0x2f, 0xf9,
    0x0, 0x3, 0xff, 0x80, 0x0, 0x2f, 0xfe, 0x86,
    0x0, 0xdf, 0xff, 0xd0, 0x1, 0xae, 0xfd,

    /* U+007C "|" */
    0x0, 0x0, 0x3f, 0xfd, 0x3f, 0xfd, 0x3f, 0xfd,
    0x3f, 0xfd, 0x3f, 0xfd, 0x3f, 0xfd, 0x3f, 0xfd,
    0x3f, 0xfd, 0x3f, 0xfd, 0x3f, 0xfd, 0x3f, 0xfd,
    0x3f, 0xfd, 0x3f, 0xfd, 0x3f, 0xfd, 0x3f, 0xfd,
    0x3f, 0xfd, 0x3f, 0xfd, 0x3f, 0xfd, 0x3f, 0xfd,
    0x3f, 0xfd,

    /* U+007D "}" */
    0x6f, 0xfc, 0x40, 0x0, 0x6f, 0xff, 0xf2, 0x0,
    0x37, 0xcf, 0xf8, 0x0, 0x0, 0x2f, 0xfa, 0x0,
    0x0, 0x2f, 0xf9, 0x0, 0x0, 0x3f, 0xf8, 0x0,
    0x0, 0x4f, 0xf6, 0x0, 0x0, 0x4f, 0xf8, 0x0,
    0x0, 0xd, 0xff, 0xf0, 0x0, 0x9, 0xff, 0xf0,
    0x0, 0x3f, 0xfc, 0x70, 0x0, 0x4f, 0xf6, 0x0,
    0x0, 0x4f, 0xf7, 0x0, 0x0, 0x2f, 0xf9, 0x0,
    0x0, 0x2f, 0xfa, 0x0, 0x37, 0xcf, 0xf9, 0x0,
    0x6f, 0xff, 0xf3, 0x0, 0x6f, 0xfc, 0x40, 0x0,

    /* U+007E "~" */
    0x0, 0x8e, 0xfc, 0x50, 0x6, 0x40, 0xc, 0xff,
    0xff, 0xfe, 0xef, 0xf4, 0xc, 0xff, 0xdf, 0xff,
    0xff, 0xf4, 0x1, 0x80, 0x2, 0xaf, 0xfb, 0x30,

    /* U+F001 "" */
    0x0, 0x0, 0x0, 0x0, 0x0, 0x0, 0x0, 0x0,
    0x3, 0x10, 0x0, 0x0, 0x0, 0x0, 0x0, 0x0,
    0x5, 0xaf, 0xfc, 0x0, 0x0, 0x0, 0x0, 0x0,
    0x16, 0xbf, 0xff, 0xff, 0xe0, 0x0, 0x0, 0x0,
    0x27, 0xcf, 0xff, 0xff, 0xff, 0xfe, 0x0, 0x0,
    0x0, 0x6f, 0xff, 0xff, 0xff, 0xff, 0xff, 0xe0,
    0x0, 0x0, 0xa, 0xff, 0xff, 0xff, 0xff, 0xff,
    0xfe, 0x0, 0x0, 0x0, 0xaf, 0xff, 0xff, 0xff,
    0xff, 0xff, 0xe0, 0x0, 0x0, 0xa, 0xff, 0xff,
    0xff, 0xff, 0xb6, 0xbe, 0x0, 0x0, 0x0, 0xaf,
    0xff, 0xff, 0xa5, 0x10, 0xa, 0xe0, 0x0, 0x0,
    0xa, 0xfe, 0x94, 0x0, 0x0, 0x0, 0xae, 0x0,
    0x0, 0x0, 0xae, 0x0, 0x0, 0x0, 0x0, 0xa,
    0xe0, 0x0, 0x0, 0xa, 0xe0, 0x0, 0x0, 0x0,
    0x0, 0xae, 0x0, 0x0, 0x0, 0xae, 0x0, 0x0,
    0x0, 0x0, 0xa, 0xe0, 0x0, 0x0, 0xa, 0xe0,
    0x0, 0x2, 0x7a, 0xa8, 0xce, 0x0, 0x0, 0x0,
    0xae, 0x0, 0x6, 0xff, 0xff, 0xff, 0xe0, 0x0,
    0x0, 0xa, 0xe0, 0x0, 0xef, 0xff, 0xff, 0xfe,
    0x0, 0x58, 0x85, 0xbe, 0x0, 0xa, 0xff, 0xff,
    0xff, 0x94, 0xef, 0xff, 0xff, 0xe0, 0x0, 0x6,
    0xcf, 0xfc, 0x60, 0xdf, 0xff, 0xff, 0xfe, 0x0,
    0x0, 0x0, 0x0, 0x0, 0xb, 0xff, 0xff, 0xff,
    0xb0, 0x0, 0x0, 0x0, 0x0, 0x0, 0x9, 0xef,
    0xfe, 0x80, 0x0, 0x0, 0x0, 0x0, 0x0, 0x0,
    0x0, 0x11, 0x0, 0x0, 0x0, 0x0, 0x0, 0x0,
    0x0,

    /* U+F008 "" */
    0x6, 0x88, 0x88, 0x88, 0x88, 0x88, 0x88, 0x88,
    0x88, 0x88, 0x87, 0x30, 0xaf, 0xff, 0xff, 0xff,
    0xff, 0xff, 0xff, 0xff, 0xff, 0xff, 0xff, 0xf4,
    0xfc, 0x11, 0x5f, 0xb1, 0x11, 0x11, 0x11, 0x11,
    0x1d, 0xf3, 0x14, 0xf8, 0xf9, 0x0, 0x1f, 0x70,
    0x0, 0x0, 0x0, 0x0, 0xa, 0xe0, 0x0, 0xf9,
    0xf9, 0x0, 0x1f, 0x70, 0x0, 0x0, 0x0, 0x0,
    0xa, 0xf0, 0x0, 0xf9, 0xff, 0x99, 0xcf, 0x70,
    0x0, 0x0, 0x0, 0x0, 0xa, 0xfb, 0x9b, 0xf9,
    0xff, 0xff, 0xff, 0x70, 0x0, 0x0, 0x0, 0x0,
    0xa, 0xff, 0xff, 0xf9, 0xfb, 0x0, 0x4f, 0x70,
    0x0, 0x0, 0x0, 0x0, 0xa, 0xf1, 0x2, 0xf9,
    0xf9, 0x0, 0x1f, 0x70, 0x0, 0x0, 0x0, 0x0,
    0xa, 0xe0, 0x0, 0xf9, 0xfb, 0x0, 0x3f, 0xa0,
    0x0, 0x0, 0x0, 0x0, 0xc, 0xf1, 0x2, 0xf9,
    0xff, 0xff, 0xff, 0xff, 0xff, 0xff, 0xff, 0xff,
    0xff, 0xff, 0xff, 0xf9, 0xff, 0xaa, 0xdf, 0xfa,
    0xaa, 0xaa, 0xaa, 0xaa, 0xaf, 0xfb, 0xac, 0xf9,
    0xf9, 0x0, 0x1f, 0x80, 0x0, 0x0, 0x0, 0x0,
    0xb, 0xf0, 0x0, 0xf9, 0xf9, 0x0, 0x1f, 0x70,
    0x0, 0x0, 0x0, 0x0, 0xa, 0xe0, 0x0, 0xf9,
    0xfc, 0x10, 0x5f, 0x70, 0x0, 0x0, 0x0, 0x0,
    0xa, 0xf2, 0x3, 0xf9, 0xff, 0xff, 0xff, 0x70,
    0x0, 0x0, 0x0, 0x0, 0xa, 0xff, 0xff, 0xf9,
    0xfe, 0x88, 0xbf, 0x70, 0x0, 0x0, 0x0, 0x0,
    0xa, 0xfa, 0x8a, 0xf9, 0xf9, 0x0, 0x1f, 0x70,
    0x0, 0x0, 0x0, 0x0, 0xa, 0xe0, 0x0, 0xf9,
    0xf9, 0x0, 0x1f, 0x80, 0x0, 0x0, 0x0, 0x0,
    0xa, 0xe0, 0x0, 0xf9, 0xee, 0x88, 0xbf, 0xe8,
    0x88, 0x88, 0x88, 0x88, 0x8f, 0xfa, 0x8a, 0xf7,
    0x5f, 0xff, 0xff, 0xff, 0xff, 0xff, 0xff, 0xff,
    0xff, 0xff, 0xff, 0xc1, 0x0, 0x0, 0x0, 0x0,
    0x0, 0x0, 0x0, 0x0, 0x0, 0x0, 0x0, 0x0,

    /* U+F00B "" */
    0x0, 0x11, 0x10, 0x0, 0x0, 0x11, 0x11, 0x11,
    0x11, 0x11, 0x0, 0xbf, 0xff, 0xfe, 0x10, 0xdf,
    0xff, 0xff, 0xff, 0xff, 0xff, 0xfb, 0xff, 0xff,
    0xff, 0x42, 0xff, 0xff, 0xff, 0xff, 0xff, 0xff,
    0xff, 0xff, 0xff, 0xff, 0x42, 0xff, 0xff, 0xff,
    0xff, 0xff, 0xff, 0xff, 0xff, 0xff, 0xff, 0x41,
    0xff, 0xff, 0xff, 0xff, 0xff, 0xff, 0xff, 0x5a,
    0xaa, 0xa8, 0x0, 0x7a, 0xaa, 0xaa, 0xaa, 0xaa,
    0xaa, 0xa5, 0x0, 0x0, 0x0, 0x0, 0x0, 0x0,
    0x0, 0x0, 0x0, 0x0, 0x0, 0xaf, 0xff, 0xfd,
    0x10, 0xcf, 0xff, 0xff, 0xff, 0xff, 0xff, 0xfa,
    0xff, 0xff, 0xff, 0x42, 0xff, 0xff, 0xff, 0xff,
    0xff, 0xff, 0xff, 0xff, 0xff, 0xff, 0x42, 0xff,
    0xff, 0xff, 0xff, 0xff, 0xff, 0xff, 0xff, 0xff,
    0xff, 0x41, 0xff, 0xff, 0xff, 0xff, 0xff, 0xff,
    0xff, 0x6b, 0xbb, 0xb9, 0x0, 0x8b, 0xbb, 0xbb,
    0xbb, 0xbb, 0xbb, 0xb6, 0x0, 0x0, 0x0, 0x0,
    0x0, 0x0, 0x0, 0x0, 0x0, 0x0, 0x0, 0x6b,
    0xbb, 0xb9, 0x0, 0x8b, 0xbb, 0xbb, 0xbb, 0xbb,
    0xbb, 0xb6, 0xff, 0xff, 0xff, 0x41, 0xff, 0xff,
    0xff, 0xff, 0xff, 0xff, 0xff, 0xff, 0xff, 0xff,
    0x42, 0xff, 0xff, 0xff, 0xff, 0xff, 0xff, 0xff,
    0xff, 0xff, 0xff, 0x42, 0xff, 0xff, 0xff, 0xff,
    0xff, 0xff, 0xff, 0xaf, 0xff, 0xfe, 0x10, 0xcf,
    0xff, 0xff, 0xff, 0xff, 0xff, 0xfa,

    /* U+F00C "" */
    0x0, 0x0, 0x0, 0x0, 0x0, 0x0, 0x0, 0x2,
    0xa5, 0x0, 0x0, 0x0, 0x0, 0x0, 0x0, 0x0,
    0x0, 0x2e, 0xff, 0x60, 0x0, 0x0, 0x0, 0x0,
    0x0, 0x0, 0x2, 0xef, 0xff, 0xf4, 0x0, 0x0,
    0x0, 0x0, 0x0, 0x0, 0x2e, 0xff, 0xff, 0xf6,
    0x0, 0x13, 0x0, 0x0, 0x0, 0x2, 0xef, 0xff,
    0xff, 0x90, 0x1, 0xdf, 0xa0, 0x0, 0x0, 0x2e,
    0xff, 0xff, 0xf9, 0x0, 0x1d, 0xff, 0xf9, 0x0,
    0x2, 0xef, 0xff, 0xff, 0x90, 0x0, 0x7f, 0xff,
    0xff, 0x90, 0x2e, 0xff, 0xff, 0xf9, 0x0, 0x0,
    0x2e, 0xff, 0xff, 0xfa, 0xef, 0xff, 0xff, 0x90,
    0x0, 0x0, 0x2, 0xef, 0xff, 0xff, 0xff, 0xff,
    0xf9, 0x0, 0x0, 0x0, 0x0, 0x2e, 0xff, 0xff,
    0xff, 0xff, 0x90, 0x0, 0x0, 0x0, 0x0, 0x2,
    0xef, 0xff, 0xff, 0xf9, 0x0, 0x0, 0x0, 0x0,
    0x0, 0x0, 0x2e, 0xff, 0xff, 0x90, 0x0, 0x0,
    0x0, 0x0, 0x0, 0x0, 0x2, 0xef, 0xf9, 0x0,
    0x0, 0x0, 0x0, 0x0, 0x0, 0x0, 0x0, 0x2b,
    0x80, 0x0, 0x0, 0x0, 0x0, 0x0,

    /* U+F00D "" */
    0x0, 0x25, 0x0, 0x0, 0x0, 0x3, 0x40, 0x0,
    0x4f, 0xf9, 0x0, 0x0, 0x5, 0xff, 0x80, 0x3f,
    0xff, 0xf9, 0x0, 0x5, 0xff, 0xff, 0x79, 0xff,
    0xff, 0xf9, 0x5, 0xff, 0xff, 0xfe, 0x2e, 0xff,
    0xff, 0xfb, 0xff, 0xff, 0xff, 0x50, 0x2e, 0xff,
    0xff, 0xff, 0xff, 0xff, 0x50, 0x0, 0x2e, 0xff,
    0xff, 0xff, 0xff, 0x50, 0x0, 0x0, 0x2e, 0xff,
    0xff, 0xff, 0x50, 0x0, 0x0, 0x5, 0xff, 0xff,
    0xff, 0xfa, 0x0, 0x0, 0x5, 0xff, 0xff, 0xff,
    0xff, 0xfa, 0x0, 0x5, 0xff, 0xff, 0xff, 0xff,
    0xff, 0xfa, 0x5, 0xff, 0xff, 0xff, 0x7e, 0xff,
    0xff, 0xf9, 0x9f, 0xff, 0xff, 0x50, 0x2e, 0xff,
    0xff, 0xd1, 0xdf, 0xff, 0x50, 0x0, 0x2e, 0xff,
    0xf4, 0x1, 0xdf, 0x50, 0x0, 0x0, 0x2e, 0xf4,
    0x0, 0x0, 0x10, 0x0, 0x0, 0x0, 0x0, 0x0,

    /* U+F011 "" */
    0x0, 0x0, 0x0, 0x0, 0x7c, 0x50, 0x0, 0x0,
    0x0, 0x0, 0x0, 0x0, 0x0, 0x1f, 0xff, 0x0,
    0x0, 0x0, 0x0, 0x0, 0x0, 0x0, 0x2, 0xff,
    0xf0, 0x0, 0x0, 0x0, 0x0, 0x0, 0x16, 0x30,
    0x2f, 0xff, 0x0, 0x46, 0x0, 0x0, 0x0, 0x1d,
    0xff, 0x22, 0xff, 0xf0, 0x4f, 0xfb, 0x0, 0x0,
    0xd, 0xff, 0xf2, 0x2f, 0xff, 0x5, 0xff, 0xfc,
    0x0, 0x9, 0xff, 0xf7, 0x2, 0xff, 0xf0, 0x9,
    0xff, 0xf6, 0x2, 0xff, 0xf8, 0x0, 0x2f, 0xff,
    0x0, 0xa, 0xff, 0xf0, 0x8f, 0xfd, 0x0, 0x2,
    0xff, 0xf0, 0x0, 0x1e, 0xff, 0x5c, 0xff, 0x70,
    0x0, 0x1f, 0xff, 0x0, 0x0, 0x9f, 0xfa, 0xef,
    0xf3, 0x0, 0x0, 0xbf, 0x90, 0x0, 0x6, 0xff,
    0xcf, 0xff, 0x20, 0x0, 0x0, 0x10, 0x0, 0x0,
    0x4f, 0xfd, 0xef, 0xf4, 0x0, 0x0, 0x0, 0x0,
    0x0, 0x6, 0xff, 0xbb, 0xff, 0x80, 0x0, 0x0,
    0x0, 0x0, 0x0, 0xbf, 0xf9, 0x6f, 0xff, 0x10,
    0x0, 0x0, 0x0, 0x0, 0x2f, 0xff, 0x41, 0xef,
    0xfb, 0x0, 0x0, 0x0, 0x0, 0xd, 0xff, 0xd0,
    0x6, 0xff, 0xfb, 0x20, 0x0, 0x0, 0x3d, 0xff,
    0xf4, 0x0, 0xa, 0xff, 0xff, 0xa7, 0x67, 0xbf,
    0xff, 0xf8, 0x0, 0x0, 0xa, 0xff, 0xff, 0xff,
    0xff, 0xff, 0xf8, 0x0, 0x0, 0x0, 0x5, 0xef,
    0xff, 0xff, 0xff, 0xc4, 0x0, 0x0, 0x0, 0x0,
    0x0, 0x49, 0xbc, 0xb8, 0x30, 0x0, 0x0, 0x0,

    /* U+F013 "" */
    0x0, 0x0, 0x0, 0x0, 0x44, 0x40, 0x0, 0x0,
    0x0, 0x0, 0x0, 0x0, 0x0, 0x7f, 0xff, 0x50,
    0x0, 0x0, 0x0, 0x0, 0x3, 0x60, 0x9, 0xff,
    0xf7, 0x0, 0x72, 0x0, 0x0, 0x4, 0xff, 0xa5,
    0xef, 0xff, 0xd5, 0xcf, 0xe3, 0x0, 0x2, 0xff,
    0xff, 0xff, 0xff, 0xff, 0xff, 0xff, 0xe1, 0x0,
    0x1d, 0xff, 0xff, 0xff, 0xff, 0xff, 0xff, 0xfc,
    0x0, 0x0, 0x3f, 0xff, 0xff, 0xff, 0xff, 0xff,
    0xff, 0x20, 0x0, 0x3, 0xff, 0xff, 0xb3, 0x3,
    0xcf, 0xff, 0xf2, 0x0, 0xbe, 0xff, 0xff, 0xc0,
    0x0, 0x0, 0xdf, 0xff, 0xfd, 0x9f, 0xff, 0xff,
    0xf6, 0x0, 0x0, 0x7, 0xff, 0xff, 0xfe, 0xff,
    0xff, 0xff, 0x50, 0x0, 0x0, 0x7f, 0xff, 0xff,
    0xeb, 0xef, 0xff, 0xfb, 0x0, 0x0, 0xc, 0xff,
    0xff, 0xfb, 0x0, 0x3f, 0xff, 0xfa, 0x10, 0x2b,
    0xff, 0xff, 0x30, 0x0, 0x2, 0xff, 0xff, 0xff,
    0xff, 0xff, 0xff, 0xf1, 0x0, 0x0, 0xdf, 0xff,
    0xff, 0xff, 0xff, 0xff, 0xff, 0xc0, 0x0, 0x2f,
    0xff, 0xff, 0xff, 0xff, 0xff, 0xff, 0xff, 0x10,
    0x0, 0x5f, 0xfc, 0x6e, 0xff, 0xfd, 0x6c, 0xff,
    0x40, 0x0, 0x0, 0x48, 0x0, 0x9f, 0xff, 0x80,
    0x8, 0x30, 0x0, 0x0, 0x0, 0x0, 0x6, 0xff,
    0xf6, 0x0, 0x0, 0x0, 0x0, 0x0, 0x0, 0x0,
    0x15, 0x55, 0x10, 0x0, 0x0, 0x0,

    /* U+F015 "" */
    0x0, 0x0, 0x0, 0x0, 0x9, 0xa1, 0x0, 0xbb,
    0xb0, 0x0, 0x0, 0x0, 0x0, 0x2, 0xdf, 0xfe,
    0x31, 0xff, 0xf1, 0x0, 0x0, 0x0, 0x0, 0x4e,
    0xfc, 0xbf, 0xf6, 0xff, 0xf1, 0x0, 0x0, 0x0,
    0x6, 0xff, 0xa3, 0x48, 0xff, 0xff, 0xf1, 0x0,
    0x0, 0x0, 0x9f, 0xf7, 0x4f, 0xf6, 0x6f, 0xff,
    0xf1, 0x0, 0x0, 0xb, 0xff, 0x56, 0xff, 0xff,
    0x84, 0xef, 0xf2, 0x0, 0x2, 0xdf, 0xe3, 0x9f,
    0xff, 0xff, 0xfb, 0x3d, 0xfe, 0x20, 0x4e, 0xfc,
    0x2b, 0xff, 0xff, 0xff, 0xff, 0xd3, 0xbf, 0xf4,
    0xaf, 0xa3, 0xdf, 0xff, 0xff, 0xff, 0xff, 0xfe,
    0x49, 0xfb, 0x5, 0xe, 0xff, 0xff, 0xff, 0xff,
    0xff, 0xff, 0xf0, 0x51, 0x0, 0xe, 0xff, 0xff,
    0xff, 0xff, 0xff, 0xff, 0xf1, 0x0, 0x0, 0xe,
    0xff, 0xff, 0xb4, 0x49, 0xff, 0xff, 0xf1, 0x0,
    0x0, 0xe, 0xff, 0xff, 0x90, 0x6, 0xff, 0xff,
    0xf1, 0x0, 0x0, 0xe, 0xff, 0xff, 0x90, 0x6,
    0xff, 0xff, 0xf1, 0x0, 0x0, 0xe, 0xff, 0xff,
    0x90, 0x6, 0xff, 0xff, 0xf1, 0x0, 0x0, 0xb,
    0xff, 0xff, 0x90, 0x6, 0xff, 0xff, 0xd0, 0x0,

    /* U+F019 "" */
    0x0, 0x0, 0x0, 0x0, 0xac, 0xcc, 0x40, 0x0,
    0x0, 0x0, 0x0, 0x0, 0x0, 0x0, 0x2f, 0xff,
    0xf8, 0x0, 0x0, 0x0, 0x0, 0x0, 0x0, 0x0,
    0x2, 0xff, 0xff, 0x90, 0x0, 0x0, 0x0, 0x0,
    0x0, 0x0, 0x0, 0x2f, 0xff, 0xf9, 0x0, 0x0,
    0x0, 0x0, 0x0, 0x0, 0x0, 0x2, 0xff, 0xff,
    0x90, 0x0, 0x0, 0x0, 0x0, 0x0, 0x0, 0x0,
    0x2f, 0xff, 0xf9, 0x0, 0x0, 0x0, 0x0, 0x0,
    0x0, 0x67, 0x78, 0xff, 0xff, 0xc7, 0x77, 0x10,
    0x0, 0x0, 0x0, 0xf, 0xff, 0xff, 0xff, 0xff,
    0xff, 0xf6, 0x0, 0x0, 0x0, 0x0, 0x3f, 0xff,
    0xff, 0xff, 0xff, 0xf9, 0x0, 0x0, 0x0, 0x0,
    0x0, 0x3f, 0xff, 0xff, 0xff, 0xf9, 0x0, 0x0,
    0x0, 0x0, 0x0, 0x0, 0x3f, 0xff, 0xff, 0xf9,
    0x0, 0x0, 0x0, 0x0, 0x0, 0x0, 0x0, 0x3f,
    0xff, 0xf9, 0x0, 0x0, 0x0, 0x0, 0x2, 0x33,
    0x33, 0x20, 0x3f, 0xf9, 0x1, 0x33, 0x33, 0x32,
    0xd, 0xff, 0xff, 0xff, 0x90, 0x36, 0x3, 0xff,
    0xff, 0xff, 0xf5, 0xff, 0xff, 0xff, 0xff, 0xa1,
    0x5, 0xff, 0xff, 0xff, 0xff, 0x7f, 0xff, 0xff,
    0xff, 0xff, 0xff, 0xff, 0xff, 0xff, 0xff, 0xf7,
    0xff, 0xff, 0xff, 0xff, 0xff, 0xff, 0xff, 0x46,
    0xf7, 0x3f, 0x7f, 0xff, 0xff, 0xff, 0xff, 0xff,
    0xff, 0xfc, 0xdf, 0xdc, 0xf7, 0xbf, 0xff, 0xff,
    0xff, 0xff, 0xff, 0xff, 0xff, 0xff, 0xff, 0x30,

    /* U+F01C "" */
    0x0, 0x7, 0xef, 0xff, 0xff, 0xff, 0xff, 0xe5,
    0x0, 0x0, 0x1, 0xff, 0xff, 0xff, 0xff, 0xff,
    0xff, 0xe0, 0x0, 0x0, 0x7f, 0xf6, 0x66, 0x66,
    0x66, 0x67, 0xff, 0x50, 0x0, 0xe, 0xfa, 0x0,
    0x0, 0x0, 0x0, 0xc, 0xfc, 0x0, 0x5, 0xff,
    0x30, 0x0, 0x0, 0x0, 0x0, 0x5f, 0xf3, 0x0,
    0xcf, 0xc0, 0x0, 0x0, 0x0, 0x0, 0x0, 0xef,
    0x90, 0x3f, 0xf6, 0x0, 0x0, 0x0, 0x0, 0x0,
    0x8, 0xff, 0x19, 0xff, 0x0, 0x0, 0x0, 0x0,
    0x0, 0x0, 0x2f, 0xf7, 0xef, 0xa1, 0x11, 0x0,
    0x0, 0x0, 0x1, 0x11, 0xcf, 0xcf, 0xff, 0xff,
    0xf9, 0x0, 0x0, 0xb, 0xff, 0xff, 0xfd, 0xff,
    0xff, 0xff, 0xf1, 0x0, 0x3, 0xff, 0xff, 0xff,
    0xdf, 0xff, 0xff, 0xff, 0xdb, 0xbb, 0xdf, 0xff,
    0xff, 0xfd, 0xff, 0xff, 0xff, 0xff, 0xff, 0xff,
    0xff, 0xff, 0xff, 0xdf, 0xff, 0xff, 0xff, 0xff,
    0xff, 0xff, 0xff, 0xff, 0xfd, 0xff, 0xff, 0xff,
    0xff, 0xff, 0xff, 0xff, 0xff, 0xff, 0xdd, 0xff,
    0xff, 0xff, 0xff, 0xff, 0xff, 0xff, 0xff, 0xfa,

    /* U+F021 "" */
    0x0, 0x0, 0x0, 0x0, 0x0, 0x0, 0x0, 0x0,
    0x0, 0x0, 0x0, 0x0, 0x39, 0xdf, 0xff, 0xc8,
    0x20, 0x0, 0x1, 0x0, 0x1, 0xaf, 0xff, 0xff,
    0xff, 0xff, 0x90, 0x1d, 0xd0, 0x2, 0xdf, 0xff,
    0xff, 0xff, 0xff, 0xff, 0xcd, 0xfe, 0x1, 0xdf,
    0xff, 0xd6, 0x31, 0x26, 0xdf, 0xff, 0xff, 0xe0,
    0xaf, 0xff, 0x80, 0x0, 0x0, 0x0, 0x9f, 0xff,
    0xfe, 0x2f, 0xff, 0x80, 0x0, 0x0, 0x0, 0x1d,
    0xff, 0xff, 0xe8, 0xff, 0xd0, 0x0, 0x0, 0x0,
    0xd, 0xff, 0xff, 0xfe, 0x9c, 0xc5, 0x0, 0x0,
    0x0, 0x0, 0xbc, 0xcc, 0xcc, 0x80, 0x0, 0x0,
    0x0, 0x0, 0x0, 0x0, 0x0, 0x0, 0x0, 0x0,
    0x0, 0x0, 0x0, 0x0, 0x0, 0x0, 0x0, 0x0,
    0x0, 0x11, 0x11, 0x10, 0x0, 0x0, 0x0, 0x0,
    0x1, 0x10, 0xdf, 0xff, 0xff, 0xe0, 0x0, 0x0,
    0x0, 0xa, 0xff, 0x8f, 0xff, 0xff, 0xf9, 0x0,
    0x0, 0x0, 0x2, 0xff, 0xf3, 0xff, 0xff, 0xf9,
    0x0, 0x0, 0x0, 0x0, 0xdf, 0xfd, 0xf, 0xff,
    0xff, 0xc2, 0x0, 0x0, 0x2, 0xdf, 0xff, 0x40,
    0xff, 0xff, 0xff, 0xfb, 0x76, 0x7b, 0xff, 0xff,
    0x80, 0xf, 0xf9, 0xaf, 0xff, 0xff, 0xff, 0xff,
    0xff, 0x80, 0x0, 0xc9, 0x0, 0x5e, 0xff, 0xff,
    0xff, 0xfd, 0x40, 0x0, 0x0, 0x0, 0x0, 0x4,
    0x9b, 0xcb, 0x84, 0x0, 0x0, 0x0,

    /* U+F026 "" */
    0x0, 0x0, 0x0, 0x0, 0x0, 0x0, 0x0, 0x0,
    0x5, 0xf5, 0x0, 0x0, 0x0, 0x5f, 0xf6, 0x0,
    0x0, 0x5, 0xff, 0xf6, 0x0, 0x0, 0x5f, 0xff,
    0xf6, 0xad, 0xdd, 0xff, 0xff, 0xf6, 0xff, 0xff,
    0xff, 0xff, 0xf6, 0xff, 0xff, 0xff, 0xff, 0xf6,
    0xff, 0xff, 0xff, 0xff, 0xf6, 0xff, 0xff, 0xff,
    0xff, 0xf6, 0xff, 0xff, 0xff, 0xff, 0xf6, 0x47,
    0x77, 0xdf, 0xff, 0xf6, 0x0, 0x0, 0x1d, 0xff,
    0xf6, 0x0, 0x0, 0x1, 0xdf, 0xf6, 0x0, 0x0,
    0x0, 0x1d, 0xf6, 0x0, 0x0, 0x0, 0x1, 0xa2,

    /* U+F027 "" */
    0x0, 0x0, 0x0, 0x0, 0x0, 0x0, 0x0, 0x0,
    0x0, 0x0, 0x0, 0x5f, 0x50, 0x0, 0x0, 0x0,
    0x0, 0x0, 0x5f, 0xf6, 0x0, 0x0, 0x0, 0x0,
    0x0, 0x5f, 0xff, 0x60, 0x0, 0x0, 0x0, 0x0,
    0x5f, 0xff, 0xf6, 0x0, 0x0, 0xa, 0xdd, 0xdf,
    0xff, 0xff, 0x60, 0x56, 0x0, 0xff, 0xff, 0xff,
    0xff, 0xf6, 0xa, 0xf8, 0xf, 0xff, 0xff, 0xff,
    0xff, 0x60, 0xb, 0xf0, 0xff, 0xff, 0xff, 0xff,
    0xf6, 0x0, 0x7f, 0x1f, 0xff, 0xff, 0xff, 0xff,
    0x60, 0x2e, 0xd0, 0xff, 0xff, 0xff, 0xff, 0xf6,
    0xc, 0xf4, 0x4, 0x77, 0x7d, 0xff, 0xff, 0x60,
    0x11, 0x0, 0x0, 0x0, 0x1d, 0xff, 0xf6, 0x0,
    0x0, 0x0, 0x0, 0x0, 0x1d, 0xff, 0x60, 0x0,
    0x0, 0x0, 0x0, 0x0, 0x1d, 0xf6, 0x0, 0x0,
    0x0, 0x0, 0x0, 0x0, 0x1a, 0x20, 0x0, 0x0,

    /* U+F028 "" */
    0x0, 0x0, 0x0, 0x0, 0x0, 0x0, 0x1, 0x82,
    0x0, 0x0, 0x0, 0x0, 0x0, 0x0, 0x3, 0x0,
    0x0, 0x3f, 0xf7, 0x0, 0x0, 0x0, 0x0, 0x0,
    0x7, 0xf6, 0x0, 0x0, 0x2b, 0xfa, 0x0, 0x0,
    0x0, 0x0, 0x7, 0xff, 0x60, 0x4, 0x91, 0x9,
    0xf8, 0x0, 0x0, 0x0, 0x7, 0xff, 0xf6, 0x0,
    0x6f, 0xf4, 0xb, 0xf2, 0x0, 0x0, 0x7, 0xff,
    0xff, 0x60, 0x0, 0x2e, 0xf2, 0x1f, 0xa0, 0xdf,
    0xff, 0xff, 0xff, 0xf6, 0x8, 0x90, 0x2f, 0xb0,
    0xaf, 0xf, 0xff, 0xff, 0xff, 0xff, 0x60, 0x8f,
    0xa0, 0x9f, 0x15, 0xf4, 0xff, 0xff, 0xff, 0xff,
    0xf6, 0x0, 0x9f, 0x4, 0xf4, 0x3f, 0x6f, 0xff,
    0xff, 0xff, 0xff, 0x60, 0x8, 0xf1, 0x4f, 0x42,
    0xf6, 0xff, 0xff, 0xff, 0xff, 0xf6, 0x4, 0xfc,
    0x7, 0xf2, 0x4f, 0x4f, 0xff, 0xff, 0xff, 0xff,
    0x60, 0xbd, 0x20, 0xdd, 0x8, 0xf1, 0x24, 0x44,
    0xbf, 0xff, 0xf6, 0x0, 0x0, 0xbf, 0x50, 0xec,
    0x0, 0x0, 0x0, 0xbf, 0xff, 0x60, 0x3, 0xdf,
    0x70, 0x8f, 0x50, 0x0, 0x0, 0x0, 0xbf, 0xf6,
    0x0, 0x6d, 0x50, 0x5f, 0xb0, 0x0, 0x0, 0x0,
    0x0, 0xbf, 0x60, 0x0, 0x0, 0x7f, 0xd1, 0x0,
    0x0, 0x0, 0x0, 0x0, 0x71, 0x0, 0x2, 0xdf,
    0xc1, 0x0, 0x0, 0x0, 0x0, 0x0, 0x0, 0x0,
    0x0, 0x3c, 0x60, 0x0, 0x0,

    /* U+F03E "" */
    0x6, 0x88, 0x88, 0x88, 0x88, 0x88, 0x88, 0x88,
    0x88, 0x88, 0x87, 0x30, 0xaf, 0xff, 0xff, 0xff,
    0xff, 0xff, 0xff, 0xff, 0xff, 0xff, 0xff, 0xf4,
    0xfa, 0x11, 0x11, 0x11, 0x11, 0x11, 0x11, 0x11,
    0x11, 0x11, 0x11, 0xf8, 0xf9, 0x0, 0x1, 0x0,
    0x0, 0x0, 0x0, 0x0, 0x0, 0x0, 0x0, 0xf9,
    0xf9, 0x2, 0xdf, 0xd2, 0x0, 0x0, 0x0, 0x0,
    0x0, 0x0, 0x0, 0xf9, 0xf9, 0xb, 0xff, 0xfb,
    0x0, 0x0, 0x0, 0x0, 0x0, 0x0, 0x0, 0xf9,
    0xf9, 0xc, 0xff, 0xfc, 0x0, 0x0, 0x0, 0x5d,
    0x10, 0x0, 0x0, 0xf9, 0xf9, 0x6, 0xff, 0xf6,
    0x0, 0x0, 0x5, 0xff, 0xd1, 0x0, 0x0, 0xf9,
    0xf9, 0x0, 0x48, 0x40, 0x0, 0x0, 0x5f, 0xff,
    0xfd, 0x10, 0x0, 0xf9, 0xf9, 0x0, 0x0, 0x0,
    0x0, 0x5, 0xff, 0xff, 0xff, 0xd1, 0x0, 0xf9,
    0xf9, 0x0, 0x0, 0x46, 0x0, 0x5f, 0xff, 0xff,
    0xff, 0xfd, 0x10, 0xf9, 0xf9, 0x0, 0x4, 0xff,
    0x65, 0xff, 0xff, 0xff, 0xff, 0xff, 0x60, 0xf9,
    0xf9, 0x0, 0x5f, 0xff, 0xff, 0xff, 0xff, 0xff,
    0xff, 0xff, 0x60, 0xf9, 0xf9, 0x5, 0xff, 0xff,
    0xff, 0xff, 0xff, 0xff, 0xff, 0xff, 0x60, 0xf9,
    0xf9, 0xd, 0xff, 0xff, 0xff, 0xff, 0xff, 0xff,
    0xff, 0xff, 0x60, 0xf9, 0xf9, 0xd, 0xff, 0xff,
    0xff, 0xff, 0xff, 0xff, 0xff, 0xff, 0x60, 0xf9,
    0xf9, 0x5, 0x66, 0x66, 0x66, 0x66, 0x66, 0x66,
    0x66, 0x66, 0x20, 0xf9, 0xfa, 0x0, 0x0, 0x0,
    0x0, 0x0, 0x0, 0x0, 0x0, 0x0, 0x0, 0xf8,
    0xbf, 0xff, 0xff, 0xff, 0xff, 0xff, 0xff, 0xff,
    0xff, 0xff, 0xff, 0xf4, 0x7, 0x99, 0x99, 0x99,
    0x99, 0x99, 0x99, 0x99, 0x99, 0x99, 0x98, 0x40,

    /* U+F048 "" */
    0x1, 0x0, 0x0, 0x0, 0x0, 0x0, 0xd, 0xff,
    0x0, 0x0, 0x0, 0x0, 0x68, 0xff, 0xf2, 0x0,
    0x0, 0x0, 0x6f, 0x9f, 0xff, 0x20, 0x0, 0x0,
    0x6f, 0xf9, 0xff, 0xf2, 0x0, 0x0, 0x6f, 0xff,
    0x9f, 0xff, 0x20, 0x0, 0x6f, 0xff, 0xf9, 0xff,
    0xf2, 0x0, 0x6f, 0xff, 0xff, 0x9f, 0xff, 0x20,
    0x6f, 0xff, 0xff, 0xf9, 0xff, 0xf2, 0x6f, 0xff,
    0xff, 0xff, 0x9f, 0xff, 0x8f, 0xff, 0xff, 0xff,
    0xf9, 0xff, 0xff, 0xff, 0xff, 0xff, 0xff, 0x9f,
    0xff, 0x5e, 0xff, 0xff, 0xff, 0xf9, 0xff, 0xf2,
    0x3e, 0xff, 0xff, 0xff, 0x9f, 0xff, 0x20, 0x3e,
    0xff, 0xff, 0xf9, 0xff, 0xf2, 0x0, 0x3e, 0xff,
    0xff, 0x9f, 0xff, 0x20, 0x0, 0x3e, 0xff, 0xf9,
    0xff, 0xf2, 0x0, 0x0, 0x3e, 0xff, 0x9f, 0xff,
    0x20, 0x0, 0x0, 0x3e, 0xf9, 0xff, 0xf2, 0x0,
    0x0, 0x0, 0x3e, 0x99, 0xcb, 0x0, 0x0, 0x0,
    0x0, 0x36,

    /* U+F04B "" */
    0x40, 0x0, 0x0, 0x0, 0x0, 0x0, 0x0, 0x0,
    0x0, 0xfd, 0x40, 0x0, 0x0, 0x0, 0x0, 0x0,
    0x0, 0x0, 0xff, 0xfb, 0x20, 0x0, 0x0, 0x0,
    0x0, 0x0, 0x0, 0xff, 0xff, 0xf9, 0x10, 0x0,
    0x0, 0x0, 0x0, 0x0, 0xff, 0xff, 0xff, 0xf8,
    0x0, 0x0, 0x0, 0x0, 0x0, 0xff, 0xff, 0xff,
    0xff, 0xe6, 0x0, 0x0, 0x0, 0x0, 0xff, 0xff,
    0xff, 0xff, 0xff, 0xd4, 0x0, 0x0, 0x0, 0xff,
    0xff, 0xff, 0xff, 0xff, 0xff, 0xb2, 0x0, 0x0,
    0xff, 0xff, 0xff, 0xff, 0xff, 0xff, 0xff, 0x91,
    0x0, 0xff, 0xff, 0xff, 0xff, 0xff, 0xff, 0xff,
    0xff, 0x80, 0xff, 0xff, 0xff, 0xff, 0xff, 0xff,
    0xff, 0xff, 0xc1, 0xff, 0xff, 0xff, 0xff, 0xff,
    0xff, 0xff, 0xd5, 0x0, 0xff, 0xff, 0xff, 0xff,
    0xff, 0xff, 0xe7, 0x0, 0x0, 0xff, 0xff, 0xff,
    0xff, 0xff, 0xf9, 0x10, 0x0, 0x0, 0xff, 0xff,
    0xff, 0xff, 0xfa, 0x20, 0x0, 0x0, 0x0, 0xff,
    0xff, 0xff, 0xfc, 0x30, 0x0, 0x0, 0x0, 0x0,
    0xff, 0xff, 0xfd, 0x50, 0x0, 0x0, 0x0, 0x0,
    0x0, 0xff, 0xff, 0x70, 0x0, 0x0, 0x0, 0x0,
    0x0, 0x0, 0xff, 0x91, 0x0, 0x0, 0x0, 0x0,
    0x0, 0x0, 0x0, 0x82, 0x0, 0x0, 0x0, 0x0,
    0x0, 0x0, 0x0, 0x0,

    /* U+F04C "" */
    0x1, 0x11, 0x11, 0x10, 0x0, 0x0, 0x11, 0x11,
    0x11, 0xd, 0xff, 0xff, 0xff, 0xb0, 0x0, 0xdf,
    0xff, 0xff, 0xfb, 0xff, 0xff, 0xff, 0xfd, 0x0,
    0xf, 0xff, 0xff, 0xff, 0xdf, 0xff, 0xff, 0xff,
    0xd0, 0x0, 0xff, 0xff, 0xff, 0xfd, 0xff, 0xff,
    0xff, 0xfd, 0x0, 0xf, 0xff, 0xff, 0xff, 0xdf,
    0xff, 0xff, 0xff, 0xd0, 0x0, 0xff, 0xff, 0xff,
    0xfd, 0xff, 0xff, 0xff, 0xfd, 0x0, 0xf, 0xff,
    0xff, 0xff, 0xdf, 0xff, 0xff, 0xff, 0xd0, 0x0,
    0xff, 0xff, 0xff, 0xfd, 0xff, 0xff, 0xff, 0xfd,
    0x0, 0xf, 0xff, 0xff, 0xff, 0xdf, 0xff, 0xff,
    0xff, 0xd0, 0x0, 0xff, 0xff, 0xff, 0xfd, 0xff,
    0xff, 0xff, 0xfd, 0x0, 0xf, 0xff, 0xff, 0xff,
    0xdf, 0xff, 0xff, 0xff, 0xd0, 0x0, 0xff, 0xff,
    0xff, 0xfd, 0xff, 0xff, 0xff, 0xfd, 0x0, 0xf,
    0xff, 0xff, 0xff, 0xdf, 0xff, 0xff, 0xff, 0xd0,
    0x0, 0xff, 0xff, 0xff, 0xfd, 0xff, 0xff, 0xff,
    0xfd, 0x0, 0xf, 0xff, 0xff, 0xff, 0xdf, 0xff,
    0xff, 0xff, 0xd0, 0x0, 0xff, 0xff, 0xff, 0xfd,
    0xff, 0xff, 0xff, 0xfd, 0x0, 0xf, 0xff, 0xff,
    0xff, 0xdf, 0xff, 0xff, 0xff, 0xd0, 0x0, 0xff,
    0xff, 0xff, 0xfd, 0xff, 0xff, 0xff, 0xfd, 0x0,
    0xf, 0xff, 0xff, 0xff, 0xd9, 0xcc, 0xcc, 0xcc,
    0x70, 0x0, 0x9c, 0xcc, 0xcc, 0xc7,

    /* U+F04D "" */
    0x1, 0x11, 0x11, 0x11, 0x11, 0x11, 0x11, 0x11,
    0x11, 0xd, 0xff, 0xff, 0xff, 0xff, 0xff, 0xff,
    0xff, 0xff, 0xfb, 0xff, 0xff, 0xff, 0xff, 0xff,
    0xff, 0xff, 0xff, 0xff, 0xdf, 0xff, 0xff, 0xff,
    0xff, 0xff, 0xff, 0xff, 0xff, 0xfd, 0xff, 0xff,
    0xff, 0xff, 0xff, 0xff, 0xff, 0xff, 0xff, 0xdf,
    0xff, 0xff, 0xff, 0xff, 0xff, 0xff, 0xff, 0xff,
    0xfd, 0xff, 0xff, 0xff, 0xff, 0xff, 0xff, 0xff,
    0xff, 0xff, 0xdf, 0xff, 0xff, 0xff, 0xff, 0xff,
    0xff, 0xff, 0xff, 0xfd, 0xff, 0xff, 0xff, 0xff,
    0xff, 0xff, 0xff, 0xff, 0xff, 0xdf, 0xff, 0xff,
    0xff, 0xff, 0xff, 0xff, 0xff, 0xff, 0xfd, 0xff,
    0xff, 0xff, 0xff, 0xff, 0xff, 0xff, 0xff, 0xff,
    0xdf, 0xff, 0xff, 0xff, 0xff, 0xff, 0xff, 0xff,
    0xff, 0xfd, 0xff, 0xff, 0xff, 0xff, 0xff, 0xff,
    0xff, 0xff, 0xff, 0xdf, 0xff, 0xff, 0xff, 0xff,
    0xff, 0xff, 0xff, 0xff, 0xfd, 0xff, 0xff, 0xff,
    0xff, 0xff, 0xff, 0xff, 0xff, 0xff, 0xdf, 0xff,
    0xff, 0xff, 0xff, 0xff, 0xff, 0xff, 0xff, 0xfd,
    0xff, 0xff, 0xff, 0xff, 0xff, 0xff, 0xff, 0xff,
    0xff, 0xdf, 0xff, 0xff, 0xff, 0xff, 0xff, 0xff,
    0xff, 0xff, 0xfd, 0xff, 0xff, 0xff, 0xff, 0xff,
    0xff, 0xff, 0xff, 0xff, 0xd9, 0xcc, 0xcc, 0xcc,
    0xcc, 0xcc, 0xcc, 0xcc, 0xcc, 0xc7,

    /* U+F051 "" */
    0x0, 0x0, 0x0, 0x0, 0x0, 0x1, 0x0, 0x3b,
    0x0, 0x0, 0x0, 0x0, 0xaf, 0xf3, 0x3f, 0xb0,
    0x0, 0x0, 0x0, 0xcf, 0xf5, 0x3f, 0xfb, 0x0,
    0x0, 0x0, 0xcf, 0xf5, 0x3f, 0xff, 0xb0, 0x0,
    0x0, 0xcf, 0xf5, 0x3f, 0xff, 0xfb, 0x0, 0x0,
    0xcf, 0xf5, 0x3f, 0xff, 0xff, 0xb0, 0x0, 0xcf,
    0xf5, 0x3f, 0xff, 0xff, 0xfb, 0x0, 0xcf, 0xf5,
    0x3f, 0xff, 0xff, 0xff, 0xb0, 0xcf, 0xf5, 0x3f,
    0xff, 0xff, 0xff, 0xfb, 0xdf, 0xf5, 0x3f, 0xff,
    0xff, 0xff, 0xff, 0xff, 0xf5, 0x3f, 0xff, 0xff,
    0xff, 0xf7, 0xcf, 0xf5, 0x3f, 0xff, 0xff, 0xff,
    0x70, 0xcf, 0xf5, 0x3f, 0xff, 0xff, 0xf7, 0x0,
    0xcf, 0xf5, 0x3f, 0xff, 0xff, 0x70, 0x0, 0xcf,
    0xf5, 0x3f, 0xff, 0xf7, 0x0, 0x0, 0xcf, 0xf5,
    0x3f, 0xff, 0x70, 0x0, 0x0, 0xcf, 0xf5, 0x3f,
    0xf7, 0x0, 0x0, 0x0, 0xcf, 0xf5, 0x3f, 0x70,
    0x0, 0x0, 0x0, 0xcf, 0xf5, 0x26, 0x0, 0x0,
    0x0, 0x0, 0x7c, 0xc2,

    /* U+F052 "" */
    0x0, 0x0, 0x0, 0x0, 0x5, 0xd4, 0x0, 0x0,
    0x0, 0x0, 0x0, 0x0, 0x0, 0x0, 0x5f, 0xff,
    0x40, 0x0, 0x0, 0x0, 0x0, 0x0, 0x0, 0x5,
    0xff, 0xff, 0xf4, 0x0, 0x0, 0x0, 0x0, 0x0,
    0x0, 0x5f, 0xff, 0xff, 0xff, 0x40, 0x0, 0x0,
    0x0, 0x0, 0x5, 0xff, 0xff, 0xff, 0xff, 0xf4,
    0x0, 0x0, 0x0, 0x0, 0x5f, 0xff, 0xff, 0xff,
    0xff, 0xff, 0x40, 0x0, 0x0, 0x5, 0xff, 0xff,
    0xff, 0xff, 0xff, 0xff, 0xf4, 0x0, 0x0, 0x5f,
    0xff, 0xff, 0xff, 0xff, 0xff, 0xff, 0xff, 0x40,
    0x5, 0xff, 0xff, 0xff, 0xff, 0xff, 0xff, 0xff,
    0xff, 0xf4, 0x7, 0x88, 0x88, 0x88, 0x88, 0x88,
    0x88, 0x88, 0x88, 0x86, 0x0, 0x0, 0x0, 0x0,
    0x0, 0x0, 0x0, 0x0, 0x0, 0x0, 0x8, 0xbb,
    0xbb, 0xbb, 0xbb, 0xbb, 0xbb, 0xbb, 0xbb, 0xb7,
    0xf, 0xff, 0xff, 0xff, 0xff, 0xff, 0xff, 0xff,
    0xff, 0xfd, 0xf, 0xff, 0xff, 0xff, 0xff, 0xff,
    0xff, 0xff, 0xff, 0xfe, 0xf, 0xff, 0xff, 0xff,
    0xff, 0xff, 0xff, 0xff, 0xff, 0xfe, 0xc, 0xff,
    0xff, 0xff, 0xff, 0xff, 0xff, 0xff, 0xff, 0xfb,

    /* U+F053 "" */
    0x0, 0x0, 0x0, 0x0, 0x0, 0x74, 0x0, 0x0,
    0x0, 0x0, 0x0, 0xa, 0xff, 0x40, 0x0, 0x0,
    0x0, 0x0, 0xaf, 0xff, 0xf3, 0x0, 0x0, 0x0,
    0xa, 0xff, 0xff, 0xf7, 0x0, 0x0, 0x0, 0xaf,
    0xff, 0xff, 0x90, 0x0, 0x0, 0xa, 0xff, 0xff,
    0xf9, 0x0, 0x0, 0x0, 0xaf, 0xff, 0xff, 0x90,
    0x0, 0x0, 0xa, 0xff, 0xff, 0xf9, 0x0, 0x0,
    0x0, 0xaf, 0xff, 0xff, 0x90, 0x0, 0x0, 0xa,
    0xff, 0xff, 0xf9, 0x0, 0x0, 0x0, 0xe, 0xff,
    0xff, 0xf3, 0x0, 0x0, 0x0, 0x3, 0xff, 0xff,
    0xfe, 0x20, 0x0, 0x0, 0x0, 0x3f, 0xff, 0xff,
    0xe2, 0x0, 0x0, 0x0, 0x3, 0xff, 0xff, 0xfe,
    0x20, 0x0, 0x0, 0x0, 0x3f, 0xff, 0xff, 0xe2,
    0x0, 0x0, 0x0, 0x3, 0xff, 0xff, 0xfe, 0x20,
    0x0, 0x0, 0x0, 0x3f, 0xff, 0xff, 0xe2, 0x0,
    0x0, 0x0, 0x3, 0xff, 0xff, 0xf7, 0x0, 0x0,
    0x0, 0x0, 0x3f, 0xff, 0xb0, 0x0, 0x0, 0x0,
    0x0, 0x3, 0xfb, 0x0, 0x0, 0x0, 0x0, 0x0,
    0x0, 0x0, 0x0,

    /* U+F054 "" */
    0x0, 0x65, 0x0, 0x0, 0x0, 0x0, 0x0, 0x8f,
    0xf6, 0x0, 0x0, 0x0, 0x0, 0x7f, 0xff, 0xf6,
    0x0, 0x0, 0x0, 0xb, 0xff, 0xff, 0xf6, 0x0,
    0x0, 0x0, 0x1d, 0xff, 0xff, 0xf6, 0x0, 0x0,
    0x0, 0x1d, 0xff, 0xff, 0xf6, 0x0, 0x0, 0x0,
    0x1d, 0xff, 0xff, 0xf6, 0x0, 0x0, 0x0, 0x1d,
    0xff, 0xff, 0xf6, 0x0, 0x0, 0x0, 0x1d, 0xff,
    0xff, 0xf6, 0x0, 0x0, 0x0, 0x1d, 0xff, 0xff,
    0xf6, 0x0, 0x0, 0x0, 0x7f, 0xff, 0xff, 0xa0,
    0x0, 0x0, 0x6f, 0xff, 0xff, 0xd1, 0x0, 0x0,
    0x6f, 0xff, 0xff, 0xd1, 0x0, 0x0, 0x6f, 0xff,
    0xff, 0xd1, 0x0, 0x0, 0x6f, 0xff, 0xff, 0xd1,
    0x0, 0x0, 0x6f, 0xff, 0xff, 0xd1, 0x0, 0x0,
    0x6f, 0xff, 0xff, 0xd1, 0x0, 0x0, 0xc, 0xff,
    0xff, 0xd1, 0x0, 0x0, 0x0, 0x2e, 0xff, 0xd1,
    0x0, 0x0, 0x0, 0x0, 0x2e, 0xc1, 0x0, 0x0,
    0x0, 0x0, 0x0, 0x0, 0x0, 0x0, 0x0, 0x0,
    0x0,

    /* U+F067 "" */
    0x0, 0x0, 0x0, 0x4, 0x44, 0x10, 0x0, 0x0,
    0x0, 0x0, 0x0, 0x0, 0x9f, 0xff, 0xd0, 0x0,
    0x0, 0x0, 0x0, 0x0, 0x0, 0xbf, 0xff, 0xf0,
    0x0, 0x0, 0x0, 0x0, 0x0, 0x0, 0xbf, 0xff,
    0xf0, 0x0, 0x0, 0x0, 0x0, 0x0, 0x0, 0xbf,
    0xff, 0xf0, 0x0, 0x0, 0x0, 0x0, 0x0, 0x0,
    0xbf, 0xff, 0xf0, 0x0, 0x0, 0x0, 0x0, 0x0,
    0x0, 0xbf, 0xff, 0xf0, 0x0, 0x0, 0x0, 0xaf,
    0xff, 0xff, 0xff, 0xff, 0xff, 0xff, 0xff, 0xd1,
    0xff, 0xff, 0xff, 0xff, 0xff, 0xff, 0xff, 0xff,
    0xf4, 0xff, 0xff, 0xff, 0xff, 0xff, 0xff, 0xff,
    0xff, 0xf4, 0xff, 0xff, 0xff, 0xff, 0xff, 0xff,
    0xff, 0xff, 0xf4, 0x6b, 0xbb, 0xbb, 0xef, 0xff,
    0xfb, 0xbb, 0xbb, 0x90, 0x0, 0x0, 0x0, 0xbf,
    0xff, 0xf0, 0x0, 0x0, 0x0, 0x0, 0x0, 0x0,
    0xbf, 0xff, 0xf0, 0x0, 0x0, 0x0, 0x0, 0x0,
    0x0, 0xbf, 0xff, 0xf0, 0x0, 0x0, 0x0, 0x0,
    0x0, 0x0, 0xbf, 0xff, 0xf0, 0x0, 0x0, 0x0,
    0x0, 0x0, 0x0, 0xbf, 0xff, 0xf0, 0x0, 0x0,
    0x0, 0x0, 0x0, 0x0, 0x6f, 0xff, 0xa0, 0x0,
    0x0, 0x0,

    /* U+F068 "" */
    0xaf, 0xff, 0xff, 0xff, 0xff, 0xff, 0xff, 0xff,
    0xd1, 0xff, 0xff, 0xff, 0xff, 0xff, 0xff, 0xff,
    0xff, 0xf4, 0xff, 0xff, 0xff, 0xff, 0xff, 0xff,
    0xff, 0xff, 0xf4, 0xff, 0xff, 0xff, 0xff, 0xff,
    0xff, 0xff, 0xff, 0xf4, 0x6b, 0xbb, 0xbb, 0xbb,
    0xbb, 0xbb, 0xbb, 0xbb, 0x90,

    /* U+F06E "" */
    0x0, 0x0, 0x0, 0x0, 0x0, 0x1, 0x10, 0x0,
    0x0, 0x0, 0x0, 0x0, 0x0, 0x0, 0x0, 0x4a,
    0xef, 0xff, 0xfd, 0x83, 0x0, 0x0, 0x0, 0x0,
    0x0, 0x4, 0xdf, 0xff, 0xea, 0xff, 0xff, 0xfb,
    0x20, 0x0, 0x0, 0x0, 0xa, 0xfe, 0xff, 0x80,
    0x2c, 0xff, 0xfe, 0xff, 0x70, 0x0, 0x0, 0x1c,
    0xfa, 0x3f, 0xb1, 0xcf, 0xff, 0xff, 0xe3, 0xdf,
    0x90, 0x0, 0xc, 0xf7, 0x6, 0xf5, 0x9f, 0xff,
    0xff, 0xff, 0x20, 0xcf, 0x80, 0x9, 0xf8, 0x0,
    0x8f, 0x6d, 0xff, 0xff, 0xff, 0xf4, 0x0, 0xdf,
    0x41, 0xfb, 0x0, 0x6, 0xff, 0xff, 0xff, 0xff,
    0xff, 0x20, 0x2, 0xfd, 0x1f, 0xc0, 0x0, 0x1f,
    0xff, 0xff, 0xff, 0xff, 0xd0, 0x0, 0x3f, 0xc0,
    0x7f, 0x90, 0x0, 0x8f, 0xff, 0xff, 0xff, 0xf4,
    0x0, 0x1e, 0xf3, 0x0, 0xaf, 0x90, 0x0, 0xaf,
    0xff, 0xff, 0xf6, 0x0, 0x2d, 0xf6, 0x0, 0x0,
    0xaf, 0xb1, 0x0, 0x4a, 0xdc, 0x92, 0x0, 0x5e,
    0xf7, 0x0, 0x0, 0x0, 0x8f, 0xf8, 0x20, 0x0,
    0x0, 0x4, 0xbf, 0xe5, 0x0, 0x0, 0x0, 0x0,
    0x2b, 0xff, 0xda, 0x99, 0xbe, 0xff, 0x91, 0x0,
    0x0, 0x0, 0x0, 0x0, 0x2, 0x8b, 0xef, 0xfe,
    0xb6, 0x10, 0x0, 0x0, 0x0,

    /* U+F070 "" */
    0x0, 0x0, 0x0, 0x0, 0x0, 0x0, 0x0, 0x11,
    0x0, 0x0, 0x0, 0x0, 0x0, 0x0, 0x0, 0x0,
    0x0, 0x11, 0xb, 0xf7, 0x0, 0x0, 0x0, 0x0,
    0x0, 0x0, 0x5, 0xae, 0xff, 0xff, 0xff, 0x80,
    0x0, 0x0, 0x0, 0x0, 0x0, 0x5d, 0xff, 0xfe,
    0xaf, 0xff, 0xe0, 0x0, 0x0, 0x0, 0x0, 0x0,
    0xaf, 0xef, 0xf8, 0x2, 0xcf, 0xf6, 0x0, 0xb5,
    0x0, 0x0, 0x0, 0xcf, 0xa3, 0xfb, 0x1c, 0xff,
    0xfd, 0x0, 0x1d, 0xf8, 0x0, 0x0, 0xbf, 0x70,
    0x6f, 0x59, 0xff, 0xff, 0x50, 0x1, 0x1b, 0xf7,
    0x0, 0x8f, 0x80, 0x8, 0xf6, 0xdf, 0xff, 0xc0,
    0x7, 0x30, 0xc, 0xf4, 0x1f, 0xb0, 0x0, 0x6f,
    0xff, 0xff, 0xf4, 0x1, 0xf1, 0x0, 0x1e, 0xd1,
    0xfc, 0x0, 0x1, 0xff, 0xff, 0xfb, 0x0, 0x9c,
    0x0, 0x2, 0xfc, 0x6, 0xf9, 0x0, 0x8, 0xff,
    0xff, 0x20, 0x2f, 0x40, 0x1, 0xdf, 0x30, 0x9,
    0xf9, 0x0, 0xa, 0xff, 0x90, 0xa, 0x50, 0x1,
    0xcf, 0x60, 0x0, 0x9, 0xfc, 0x20, 0xbf, 0xf1,
    0x0, 0x10, 0x4, 0xef, 0x50, 0x0, 0x0, 0x6,
    0xff, 0xaf, 0xf8, 0x0, 0x0, 0x4b, 0xfe, 0x40,
    0x0, 0x0, 0x0, 0x2, 0xaf, 0xfe, 0x0, 0x4b,
    0xef, 0xf8, 0x0, 0x0, 0x0, 0x0, 0x0, 0x4,
    0xff, 0x60, 0xd, 0xdb, 0x61, 0x0, 0x0, 0x0,
    0x0, 0x0, 0x0, 0x2c, 0xd0, 0x0, 0x0, 0x0,
    0x0, 0x0, 0x0, 0x0, 0x0, 0x0, 0x0, 0x0,
    0x0, 0x0, 0x0, 0x0, 0x0, 0x0, 0x0,

    /* U+F071 "" */
    0x0, 0x0, 0x0, 0x0, 0x0, 0x1c, 0xc1, 0x0,
    0x0, 0x0, 0x0, 0x0, 0x0, 0x0, 0x0, 0x0,
    0x0, 0xbf, 0xfb, 0x0, 0x0, 0x0, 0x0, 0x0,
    0x0, 0x0, 0x0, 0x0, 0x3, 0xff, 0xff, 0x30,
    0x0, 0x0, 0x0, 0x0, 0x0, 0x0, 0x0, 0x0,
    0xc, 0xff, 0xff, 0xc0, 0x0, 0x0, 0x0, 0x0,
    0x0, 0x0, 0x0, 0x0, 0x5f, 0xff, 0xff, 0xf4,
    0x0, 0x0, 0x0, 0x0, 0x0, 0x0, 0x0, 0x0,
    0xdf, 0xff, 0xff, 0xfd, 0x0, 0x0, 0x0, 0x0,
    0x0, 0x0, 0x0, 0x6, 0xff, 0x85, 0x58, 0xff,
    0x60, 0x0, 0x0, 0x0, 0x0, 0x0, 0x0, 0xe,
    0xff, 0x40, 0x4, 0xff, 0xe0, 0x0, 0x0, 0x0,
    0x0, 0x0, 0x0, 0x7f, 0xff, 0x40, 0x4, 0xff,
    0xf7, 0x0, 0x0, 0x0, 0x0, 0x0, 0x1, 0xef,
    0xff, 0x50, 0x5, 0xff, 0xfe, 0x10, 0x0, 0x0,
    0x0, 0x0, 0x8, 0xff, 0xff, 0x50, 0x6, 0xff,
    0xff, 0x80, 0x0, 0x0, 0x0, 0x0, 0x1f, 0xff,
    0xff, 0x60, 0x6, 0xff, 0xff, 0xf1, 0x0, 0x0,
    0x0, 0x0, 0x9f, 0xff, 0xff, 0xc8, 0x8c, 0xff,
    0xff, 0xf9, 0x0, 0x0, 0x0, 0x2, 0xff, 0xff,
    0xff, 0xff, 0xff, 0xff, 0xff, 0xff, 0x20, 0x0,
    0x0, 0xa, 0xff, 0xff, 0xff, 0x81, 0x18, 0xff,
    0xff, 0xff, 0xa0, 0x0, 0x0, 0x3f, 0xff, 0xff,
    0xff, 0x60, 0x6, 0xff, 0xff, 0xff, 0xf3, 0x0,
    0x0, 0xcf, 0xff, 0xff, 0xff, 0x60, 0x6, 0xff,
    0xff, 0xff, 0xfc, 0x0, 0x4, 0xff, 0xff, 0xff,
    0xff, 0xa5, 0x5a, 0xff, 0xff, 0xff, 0xff, 0x40,
    0xc, 0xff, 0xff, 0xff, 0xff, 0xff, 0xff, 0xff,
    0xff, 0xff, 0xff, 0xc0, 0xe, 0xff, 0xff, 0xff,
    0xff, 0xff, 0xff, 0xff, 0xff, 0xff, 0xff, 0xe0,
    0x4, 0xcc, 0xcc, 0xcc, 0xcc, 0xcc, 0xcc, 0xcc,
    0xcc, 0xcc, 0xcc, 0x40,

    /* U+F074 "" */
    0x0, 0x0, 0x0, 0x0, 0x0, 0x0, 0x0, 0x0,
    0x4, 0x0, 0x0, 0x0, 0x0, 0x0, 0x0, 0x0,
    0x0, 0x0, 0x0, 0xb, 0xc0, 0x0, 0x0, 0x0,
    0x0, 0x0, 0x0, 0x0, 0x0, 0x0, 0xb, 0xfc,
    0x0, 0xbc, 0xcb, 0x93, 0x0, 0x0, 0x2, 0x7a,
    0xbc, 0xce, 0xff, 0xc0, 0xff, 0xff, 0xff, 0xa0,
    0x0, 0x7f, 0xff, 0xff, 0xff, 0xff, 0xfc, 0xff,
    0xff, 0xff, 0xfb, 0x7, 0xff, 0xff, 0xff, 0xff,
    0xff, 0xf7, 0x56, 0x67, 0xcf, 0xfd, 0x3f, 0xff,
    0xe8, 0x66, 0x6d, 0xff, 0x70, 0x0, 0x0, 0xa,
    0xf5, 0xcf, 0xfd, 0x10, 0x0, 0xb, 0xf7, 0x0,
    0x0, 0x0, 0x0, 0xc4, 0xff, 0xf3, 0x0, 0x0,
    0xb, 0x70, 0x0, 0x0, 0x0, 0x0, 0xb, 0xff,
    0xb0, 0x0, 0x0, 0x0, 0x0, 0x0, 0x0, 0x0,
    0x0, 0x2f, 0xff, 0x40, 0x0, 0x0, 0x0, 0x0,
    0x0, 0x0, 0x0, 0x0, 0x9f, 0xfd, 0x30, 0x0,
    0x0, 0x4, 0x0, 0x0, 0x0, 0x0, 0x3, 0xff,
    0xf6, 0xc7, 0x0, 0x0, 0xb, 0xc0, 0x0, 0x0,
    0x0, 0x2d, 0xff, 0xd4, 0xff, 0x40, 0x0, 0xb,
    0xfc, 0x0, 0xbc, 0xcc, 0xff, 0xff, 0x3b, 0xff,
    0xfd, 0xcc, 0xce, 0xff, 0xc0, 0xff, 0xff, 0xff,
    0xf6, 0x3, 0xff, 0xff, 0xff, 0xff, 0xff, 0xfc,
    0xff, 0xff, 0xfd, 0x40, 0x0, 0x2c, 0xff, 0xff,
    0xff, 0xff, 0xf7, 0x56, 0x65, 0x30, 0x0, 0x0,
    0x0, 0x25, 0x66, 0x6d, 0xff, 0x70, 0x0, 0x0,
    0x0, 0x0, 0x0, 0x0, 0x0, 0x0, 0xb, 0xf7,
    0x0, 0x0, 0x0, 0x0, 0x0, 0x0, 0x0, 0x0,
    0x0, 0xb, 0x70, 0x0, 0x0, 0x0, 0x0, 0x0,
    0x0, 0x0, 0x0, 0x0, 0x0, 0x0, 0x0,

    /* U+F077 "" */
    0x0, 0x0, 0x0, 0x0, 0xb, 0xb0, 0x0, 0x0,
    0x0, 0x0, 0x0, 0x0, 0x0, 0x0, 0xbf, 0xfb,
    0x0, 0x0, 0x0, 0x0, 0x0, 0x0, 0x0, 0xb,
    0xff, 0xff, 0xb0, 0x0, 0x0, 0x0, 0x0, 0x0,
    0x0, 0xbf, 0xff, 0xff, 0xfb, 0x0, 0x0, 0x0,
    0x0, 0x0, 0xb, 0xff, 0xff, 0xff, 0xff, 0xb0,
    0x0, 0x0, 0x0, 0x0, 0xbf, 0xff, 0xff, 0xff,
    0xff, 0xfb, 0x0, 0x0, 0x0, 0xb, 0xff, 0xff,
    0xf7, 0x7f, 0xff, 0xff, 0xb0, 0x0, 0x0, 0xcf,
    0xff, 0xff, 0x70, 0x7, 0xff, 0xff, 0xfb, 0x0,
    0xc, 0xff, 0xff, 0xf7, 0x0, 0x0, 0x7f, 0xff,
    0xff, 0xc0, 0xaf, 0xff, 0xff, 0x70, 0x0, 0x0,
    0x7, 0xff, 0xff, 0xfa, 0x9f, 0xff, 0xf7, 0x0,
    0x0, 0x0, 0x0, 0x7f, 0xff, 0xf9, 0xa, 0xff,
    0x70, 0x0, 0x0, 0x0, 0x0, 0x8, 0xff, 0xa0,
    0x0, 0x86, 0x0, 0x0, 0x0, 0x0, 0x0, 0x0,
    0x68, 0x0,

    /* U+F078 "" */
    0x0, 0x21, 0x0, 0x0, 0x0, 0x0, 0x0, 0x0,
    0x12, 0x0, 0x4, 0xfe, 0x20, 0x0, 0x0, 0x0,
    0x0, 0x2, 0xef, 0x30, 0x4f, 0xff, 0xe2, 0x0,
    0x0, 0x0, 0x0, 0x2e, 0xff, 0xf4, 0xcf, 0xff,
    0xfe, 0x20, 0x0, 0x0, 0x2, 0xef, 0xff, 0xfc,
    0x4f, 0xff, 0xff, 0xe2, 0x0, 0x0, 0x2e, 0xff,
    0xff, 0xf4, 0x4, 0xff, 0xff, 0xfe, 0x20, 0x2,
    0xef, 0xff, 0xff, 0x40, 0x0, 0x4f, 0xff, 0xff,
    0xe2, 0x2e, 0xff, 0xff, 0xf4, 0x0, 0x0, 0x4,
    0xff, 0xff, 0xfe, 0xef, 0xff, 0xff, 0x40, 0x0,
    0x0, 0x0, 0x4f, 0xff, 0xff, 0xff, 0xff, 0xf4,
    0x0, 0x0, 0x0, 0x0, 0x4, 0xff, 0xff, 0xff,
    0xff, 0x40, 0x0, 0x0, 0x0, 0x0, 0x0, 0x4f,
    0xff, 0xff, 0xf4, 0x0, 0x0, 0x0, 0x0, 0x0,
    0x0, 0x3, 0xff, 0xff, 0x30, 0x0, 0x0, 0x0,
    0x0, 0x0, 0x0, 0x0, 0x3f, 0xf3, 0x0, 0x0,
    0x0, 0x0, 0x0, 0x0, 0x0, 0x0, 0x2, 0x20,
    0x0, 0x0, 0x0, 0x0,

    /* U+F079 "" */
    0x0, 0x0, 0x0, 0x0, 0x22, 0x22, 0x22, 0x22,
    0x22, 0x22, 0x0, 0x0, 0x0, 0x3, 0xf9, 0x0,
    0xef, 0xff, 0xff, 0xff, 0xff, 0xff, 0x60, 0x0,
    0x0, 0x1e, 0xff, 0x70, 0x4f, 0xff, 0xff, 0xff,
    0xff, 0xff, 0x70, 0x0, 0x0, 0xcf, 0xff, 0xf4,
    0x6, 0xff, 0xff, 0xff, 0xff, 0xff, 0x70, 0x0,
    0xa, 0xff, 0xff, 0xff, 0x20, 0x0, 0x0, 0x0,
    0xb, 0xff, 0x70, 0x0, 0x8f, 0xff, 0xff, 0xff,
    0xd1, 0x0, 0x0, 0x0, 0xb, 0xff, 0x70, 0x0,
    0xef, 0xff, 0xff, 0xff, 0xf4, 0x0, 0x0, 0x0,
    0xb, 0xff, 0x70, 0x0, 0x2, 0x2e, 0xff, 0x62,
    0x10, 0x0, 0x0, 0x0, 0xb, 0xff, 0x70, 0x0,
    0x0, 0xd, 0xff, 0x40, 0x0, 0x0, 0x0, 0x14,
    0x4c, 0xff, 0x94, 0x40, 0x0, 0xd, 0xff, 0x40,
    0x0, 0x0, 0x0, 0xcf, 0xff, 0xff, 0xff, 0xf7,
    0x0, 0xd, 0xff, 0x40, 0x0, 0x0, 0x0, 0x4f,
    0xff, 0xff, 0xff, 0xe1, 0x0, 0xd, 0xff, 0x62,
    0x22, 0x22, 0x21, 0x6, 0xff, 0xff, 0xff, 0x20,
    0x0, 0xd, 0xff, 0xff, 0xff, 0xff, 0xff, 0x20,
    0x9f, 0xff, 0xf4, 0x0, 0x0, 0xd, 0xff, 0xff,
    0xff, 0xff, 0xff, 0xd1, 0xb, 0xff, 0x70, 0x0,
    0x0, 0xd, 0xff, 0xff, 0xff, 0xff, 0xff, 0xf9,
    0x1, 0xd9, 0x0, 0x0,

    /* U+F07B "" */
    0x0, 0x34, 0x44, 0x41, 0x0, 0x0, 0x0, 0x0,
    0x0, 0x0, 0x2, 0xef, 0xff, 0xff, 0xf7, 0x0,
    0x0, 0x0, 0x0, 0x0, 0x0, 0xcf, 0xff, 0xff,
    0xff, 0xf3, 0x0, 0x0, 0x0, 0x0, 0x0, 0xf,
    0xff, 0xff, 0xff, 0xff, 0x72, 0x22, 0x22, 0x22,
    0x20, 0x0, 0xff, 0xff, 0xff, 0xff, 0xff, 0xff,
    0xff, 0xff, 0xff, 0xf5, 0xf, 0xff, 0xff, 0xff,
    0xff, 0xff, 0xff, 0xff, 0xff, 0xff, 0xf2, 0xff,
    0xff, 0xff, 0xff, 0xff, 0xff, 0xff, 0xff, 0xff,
    0xff, 0x6f, 0xff, 0xff, 0xff, 0xff, 0xff, 0xff,
    0xff, 0xff, 0xff, 0xf6, 0xff, 0xff, 0xff, 0xff,
    0xff, 0xff, 0xff, 0xff, 0xff, 0xff, 0x6f, 0xff,
    0xff, 0xff, 0xff, 0xff, 0xff, 0xff, 0xff, 0xff,
    0xf6, 0xff, 0xff, 0xff, 0xff, 0xff, 0xff, 0xff,
    0xff, 0xff, 0xff, 0x6f, 0xff, 0xff, 0xff, 0xff,
    0xff, 0xff, 0xff, 0xff, 0xff, 0xf6, 0xff, 0xff,
    0xff, 0xff, 0xff, 0xff, 0xff, 0xff, 0xff, 0xff,
    0x6f, 0xff, 0xff, 0xff, 0xff, 0xff, 0xff, 0xff,
    0xff, 0xff, 0xf6, 0xff, 0xff, 0xff, 0xff, 0xff,
    0xff, 0xff, 0xff, 0xff, 0xff, 0x6f, 0xff, 0xff,
    0xff, 0xff, 0xff, 0xff, 0xff, 0xff, 0xff, 0xf5,
    0xaf, 0xff, 0xff, 0xff, 0xff, 0xff, 0xff, 0xff,
    0xff, 0xff, 0x10, 0xaf, 0xff, 0xff, 0xff, 0xff,
    0xff, 0xff, 0xff, 0xfd, 0x40,

    /* U+F093 "" */
    0x0, 0x0, 0x0, 0x0, 0x0, 0x20, 0x0, 0x0,
    0x0, 0x0, 0x0, 0x0, 0x0, 0x0, 0x1, 0xdf,
    0x50, 0x0, 0x0, 0x0, 0x0, 0x0, 0x0, 0x0,
    0x1, 0xdf, 0xff, 0x50, 0x0, 0x0, 0x0, 0x0,
    0x0, 0x0, 0x1, 0xdf, 0xff, 0xff, 0x50, 0x0,
    0x0, 0x0, 0x0, 0x0, 0x1, 0xdf, 0xff, 0xff,
    0xff, 0x50, 0x0, 0x0, 0x0, 0x0, 0x1, 0xdf,
    0xff, 0xff, 0xff, 0xff, 0x50, 0x0, 0x0, 0x0,
    0x0, 0xdf, 0xff, 0xff, 0xff, 0xff, 0xff, 0x40,
    0x0, 0x0, 0x0, 0xa, 0xcc, 0xcf, 0xff, 0xfe,
    0xcc, 0xc3, 0x0, 0x0, 0x0, 0x0, 0x0, 0x2,
    0xff, 0xff, 0x90, 0x0, 0x0, 0x0, 0x0, 0x0,
    0x0, 0x0, 0x2f, 0xff, 0xf9, 0x0, 0x0, 0x0,
    0x0, 0x0, 0x0, 0x0, 0x2, 0xff, 0xff, 0x90,
    0x0, 0x0, 0x0, 0x0, 0x0, 0x0, 0x0, 0x2f,
    0xff, 0xf9, 0x0, 0x0, 0x0, 0x0, 0x0, 0x0,
    0x0, 0x2, 0xff, 0xff, 0x90, 0x0, 0x0, 0x0,
    0x0, 0x0, 0x0, 0x0, 0x1f, 0xff, 0xf6, 0x0,
    0x0, 0x0, 0x0, 0x9e, 0xff, 0xff, 0x90, 0x1,
    0x10, 0x3, 0xff, 0xff, 0xfd, 0x2f, 0xff, 0xff,
    0xff, 0x83, 0x22, 0x25, 0xef, 0xff, 0xff, 0xf7,
    0xff, 0xff, 0xff, 0xff, 0xff, 0xff, 0xff, 0xff,
    0xff, 0xff, 0x7f, 0xff, 0xff, 0xff, 0xff, 0xff,
    0xff, 0xf8, 0x9f, 0xa7, 0xf7, 0xff, 0xff, 0xff,
    0xff, 0xff, 0xff, 0xff, 0x57, 0xf8, 0x4f, 0x7f,
    0xff, 0xff, 0xff, 0xff, 0xff, 0xff, 0xff, 0xff,
    0xff, 0xf7, 0x48, 0x99, 0x99, 0x99, 0x99, 0x99,
    0x99, 0x99, 0x99, 0x98, 0x0,

    /* U+F095 "" */
    0x0, 0x13, 0x0, 0x0, 0x0, 0x0, 0x0, 0x0,
    0x0, 0x8, 0xff, 0x60, 0x0, 0x0, 0x0, 0x0,
    0x0, 0x0, 0x4f, 0xff, 0xe0, 0x0, 0x0, 0x0,
    0x0, 0x0, 0x0, 0xbf, 0xff, 0xf8, 0x0, 0x0,
    0x0, 0x0, 0x0, 0x0, 0xff, 0xff, 0xff, 0x20,
    0x0, 0x0, 0x0, 0x0, 0x0, 0xff, 0xff, 0xfd,
    0x10, 0x0, 0x0, 0x0, 0x0, 0x0, 0xbf, 0xff,
    0xb1, 0x0, 0x0, 0x0, 0x0, 0x0, 0x0, 0x5f,
    0xff, 0x20, 0x0, 0x0, 0x0, 0x0, 0x0, 0x0,
    0xf, 0xff, 0x90, 0x0, 0x0, 0x0, 0x0, 0x0,
    0x0, 0x8, 0xff, 0xf3, 0x0, 0x0, 0x0, 0x0,
    0x0, 0x0, 0x0, 0xef, 0xfd, 0x10, 0x0, 0x0,
    0x0, 0x0, 0x0, 0x0, 0x3f, 0xff, 0xc1, 0x0,
    0x0, 0x2, 0x0, 0x0, 0x0, 0x6, 0xff, 0xfd,
    0x30, 0x0, 0xdf, 0x80, 0x0, 0x0, 0x0, 0x7f,
    0xff, 0xf9, 0x2b, 0xff, 0xfe, 0x60, 0x0, 0x0,
    0x6, 0xff, 0xff, 0xff, 0xff, 0xff, 0xf3, 0x0,
    0x0, 0x0, 0x3e, 0xff, 0xff, 0xff, 0xff, 0xf1,
    0x0, 0x0, 0x0, 0x0, 0x8f, 0xff, 0xff, 0xff,
    0x80, 0x0, 0x0, 0x0, 0x0, 0x0, 0x5b, 0xff,
    0xb4, 0x0,

    /* U+F0C4 "" */
    0x0, 0x4a, 0xcb, 0x71, 0x0, 0x0, 0x0, 0x0,
    0x0, 0x0, 0x0, 0x0, 0x8f, 0xff, 0xff, 0xe4,
    0x0, 0x0, 0x0, 0x0, 0x0, 0x2, 0x0, 0x1f,
    0xf8, 0x24, 0x9f, 0xf4, 0x0, 0x0, 0x0, 0x0,
    0x4c, 0xbc, 0x33, 0xff, 0x0, 0x0, 0x4f, 0xd0,
    0x0, 0x0, 0x2, 0xba, 0x10, 0x6b, 0xf, 0xf6,
    0x0, 0x0, 0xaf, 0x20, 0x0, 0x18, 0xc3, 0x0,
    0x7b, 0x10, 0x8f, 0xf8, 0x10, 0xc, 0xf2, 0x0,
    0x6d, 0x50, 0x0, 0xa9, 0x0, 0x0, 0x9f, 0xff,
    0xdf, 0xfd, 0xd7, 0xc8, 0x0, 0x1, 0xc5, 0x0,
    0x0, 0x0, 0x5c, 0xff, 0xfe, 0x69, 0xa1, 0x0,
    0x3, 0xc3, 0x0, 0x0, 0x0, 0x0, 0x0, 0x10,
    0x19, 0xf0, 0xc2, 0x6, 0xb1, 0x0, 0x0, 0x0,
    0x0, 0x0, 0x1, 0x1, 0x9b, 0x1b, 0x29, 0xbc,
    0x10, 0x0, 0x0, 0x0, 0x5, 0xcf, 0xff, 0xe6,
    0x19, 0x8c, 0x60, 0x4d, 0x30, 0x0, 0x0, 0xa,
    0xff, 0xfd, 0xff, 0xdc, 0x7d, 0xb0, 0x0, 0x1c,
    0x60, 0x0, 0x8, 0xff, 0x81, 0x0, 0xcf, 0x20,
    0x6, 0xd6, 0x0, 0xa, 0x90, 0x0, 0xff, 0x60,
    0x0, 0xa, 0xf2, 0x0, 0x0, 0x8c, 0x30, 0x6,
    0xc1, 0x3f, 0xf0, 0x0, 0x4, 0xfd, 0x0, 0x0,
    0x0, 0x2a, 0xa2, 0x6, 0xb1, 0xff, 0x93, 0x4a,
    0xff, 0x40, 0x0, 0x0, 0x0, 0x3, 0xcb, 0xb3,
    0x7, 0xff, 0xff, 0xfe, 0x40, 0x0, 0x0, 0x0,
    0x0, 0x0, 0x20, 0x0, 0x4, 0xac, 0xb6, 0x0,
    0x0, 0x0, 0x0, 0x0, 0x0, 0x0, 0x0,

    /* U+F0C5 "" */
    0x0, 0x0, 0x0, 0x8d, 0xff, 0xff, 0xfb, 0x0,
    0x0, 0x0, 0x0, 0x0, 0x0, 0xb, 0xff, 0xaa,
    0xaa, 0xcf, 0x10, 0x0, 0x0, 0x0, 0x0, 0x0,
    0xbf, 0xfe, 0x0, 0x0, 0x7f, 0x10, 0x0, 0x0,
    0x0, 0x0, 0xb, 0xf8, 0xae, 0x0, 0x0, 0x7f,
    0x10, 0x0, 0x0, 0x0, 0x0, 0xbf, 0x80, 0xae,
    0x0, 0x0, 0x7f, 0x12, 0x22, 0x22, 0x20, 0xb,
    0xf8, 0x0, 0xae, 0x0, 0x0, 0x7f, 0xef, 0xff,
    0xff, 0xfd, 0x8f, 0xe9, 0x99, 0xde, 0x0, 0x0,
    0x8f, 0xfc, 0x66, 0x66, 0xcf, 0xef, 0xff, 0xff,
    0xf9, 0x0, 0x3, 0xfe, 0xfa, 0x0, 0x0, 0x9f,
    0xf9, 0x0, 0x0, 0x0, 0x0, 0x2e, 0xe2, 0xea,
    0x0, 0x0, 0x9f, 0xf9, 0x0, 0x0, 0x0, 0x2,
    0xee, 0x20, 0xea, 0x0, 0x0, 0x9f, 0xf9, 0x0,
    0x0, 0x0, 0x2e, 0xe2, 0x0, 0xea, 0x0, 0x0,
    0x9f, 0xf9, 0x0, 0x0, 0x0, 0xbf, 0xff, 0xff,
    0xfa, 0x0, 0x0, 0x9f, 0xf9, 0x0, 0x0, 0x0,
    0xfc, 0xaa, 0xaa, 0x92, 0x0, 0x0, 0x9f, 0xf9,
    0x0, 0x0, 0x1, 0xf7, 0x0, 0x0, 0x0, 0x0,
    0x0, 0x9f, 0xf9, 0x0, 0x0, 0x1, 0xf7, 0x0,
    0x0, 0x0, 0x0, 0x0, 0x9f, 0xf9, 0x0, 0x0,
    0x1, 0xf7, 0x0, 0x0, 0x0, 0x0, 0x0, 0x9f,
    0xff, 0xff, 0xff, 0xff, 0xf7, 0x0, 0x0, 0x0,
    0x0, 0x0, 0x9f, 0x48, 0x88, 0x88, 0x88, 0xf7,
    0x0, 0x0, 0x0, 0x0, 0x0, 0x9f, 0x0, 0x0,
    0x0, 0x1, 0xf7, 0x0, 0x0, 0x0, 0x0, 0x0,
    0x9f, 0x0, 0x0, 0x0, 0x1, 0xf7, 0x0, 0x0,
    0x0, 0x0, 0x0, 0x9f, 0x0, 0x0, 0x0, 0x1,
    0xfb, 0x88, 0x88, 0x88, 0x88, 0x88, 0xcf, 0x0,
    0x0, 0x0, 0x0, 0xcf, 0xff, 0xff, 0xff, 0xff,
    0xff, 0xfb, 0x0, 0x0, 0x0, 0x0, 0x0, 0x0,
    0x0, 0x0, 0x0, 0x0, 0x0,

    /* U+F0C7 "" */
    0x37, 0x88, 0x88, 0x88, 0x88, 0x88, 0x74, 0x0,
    0x0, 0xf, 0xff, 0xff, 0xff, 0xff, 0xff, 0xff,
    0xfb, 0x0, 0x0, 0xf9, 0x1e, 0xff, 0xfd, 0x11,
    0x1f, 0xbb, 0xfb, 0x0, 0xf, 0x90, 0xef, 0xff,
    0xc0, 0x0, 0xf9, 0xa, 0xfb, 0x0, 0xf9, 0xe,
    0xff, 0xfc, 0x0, 0xf, 0x90, 0xa, 0xfb, 0xf,
    0x90, 0xef, 0xff, 0xc0, 0x0, 0xf9, 0x0, 0xa,
    0xf8, 0xf9, 0xe, 0xff, 0xfd, 0x0, 0xf, 0x90,
    0x0, 0xd, 0xdf, 0x90, 0xef, 0xff, 0xff, 0xff,
    0xf8, 0x0, 0x0, 0xae, 0xf9, 0x3, 0x99, 0x99,
    0x99, 0x98, 0x10, 0x0, 0xa, 0xef, 0x90, 0x0,
    0x0, 0x0, 0x0, 0x0, 0x0, 0x0, 0xae, 0xf9,
    0x0, 0x0, 0x0, 0x0, 0x0, 0x0, 0x0, 0xa,
    0xef, 0x90, 0x37, 0x88, 0x88, 0x88, 0x88, 0x87,
    0x10, 0xae, 0xf9, 0xd, 0xff, 0xff, 0xff, 0xff,
    0xff, 0xf9, 0xa, 0xef, 0x90, 0xea, 0x11, 0x11,
    0x11, 0x11, 0x1e, 0xa0, 0xae, 0xf9, 0xe, 0xa0,
    0x0, 0x0, 0x0, 0x0, 0xea, 0xa, 0xef, 0x90,
    0xea, 0x0, 0x0, 0x0, 0x0, 0xe, 0xa0, 0xae,
    0xf9, 0xe, 0xa0, 0x0, 0x0, 0x0, 0x0, 0xea,
    0xa, 0xef, 0x90, 0xea, 0x0, 0x0, 0x0, 0x0,
    0xe, 0xa0, 0xae, 0xff, 0xff, 0xff, 0xff, 0xff,
    0xff, 0xff, 0xff, 0xff, 0xe4, 0x89, 0x99, 0x99,
    0x99, 0x99, 0x99, 0x99, 0x99, 0x83,

    /* U+F0E7 "" */
    0x0, 0x1, 0x44, 0x44, 0x10, 0x0, 0x0, 0x0,
    0x9f, 0xff, 0xf7, 0x0, 0x0, 0x0, 0xd, 0xff,
    0xff, 0x20, 0x0, 0x0, 0x1, 0xff, 0xff, 0xc0,
    0x0, 0x0, 0x0, 0x5f, 0xff, 0xf6, 0x0, 0x0,
    0x0, 0x9, 0xff, 0xff, 0x10, 0x0, 0x0, 0x0,
    0xdf, 0xff, 0xa1, 0x59, 0xde, 0x0, 0x1f, 0xff,
    0xff, 0xff, 0xff, 0x80, 0x5, 0xff, 0xff, 0xff,
    0xff, 0xf1, 0x0, 0x9f, 0xff, 0xff, 0xff, 0xf9,
    0x0, 0xc, 0xff, 0xfe, 0xcf, 0xff, 0x20, 0x0,
    0xca, 0x62, 0x8, 0xff, 0xa0, 0x0, 0x0, 0x0,
    0x0, 0xcf, 0xf3, 0x0, 0x0, 0x0, 0x0, 0xf,
    0xfb, 0x0, 0x0, 0x0, 0x0, 0x4, 0xff, 0x40,
    0x0, 0x0, 0x0, 0x0, 0x8f, 0xd0, 0x0, 0x0,
    0x0, 0x0, 0xc, 0xf5, 0x0, 0x0, 0x0, 0x0,
    0x0, 0xfd, 0x0, 0x0, 0x0, 0x0, 0x0, 0x3f,
    0x60, 0x0, 0x0, 0x0, 0x0, 0x7, 0xe0, 0x0,
    0x0, 0x0, 0x0, 0x0, 0xa7, 0x0, 0x0, 0x0,
    0x0, 0x0, 0x0, 0x0, 0x0, 0x0, 0x0,

    /* U+F0EA "" */
    0xaf, 0xff, 0xff, 0xff, 0xff, 0xff, 0xff, 0xe5,
    0x0, 0x0, 0x0, 0xff, 0xfb, 0xaa, 0xaa, 0xaa,
    0xaa, 0xdf, 0xfa, 0x0, 0x0, 0x0, 0xff, 0xf2,
    0x0, 0x0, 0x0, 0x0, 0x8f, 0xfa, 0x0, 0x0,
    0x0, 0xff, 0xff, 0xff, 0xff, 0xff, 0xff, 0xff,
    0xfa, 0x0, 0x0, 0x0, 0xff, 0xff, 0xff, 0xff,
    0xff, 0xff, 0xff, 0xfa, 0x0, 0x0, 0x0, 0xff,
    0xff, 0xff, 0xff, 0xff, 0xff, 0xff, 0xfe, 0x30,
    0x0, 0x0, 0xff, 0xff, 0xff, 0xff, 0xf9, 0x33,
    0x33, 0xff, 0xe3, 0x0, 0x0, 0xff, 0xff, 0xff,
    0xff, 0xf7, 0x0, 0x0, 0xed, 0xee, 0x30, 0x0,
    0xff, 0xff, 0xff, 0xff, 0xf7, 0x0, 0x0, 0xea,
    0x3f, 0xe3, 0x0, 0xff, 0xff, 0xff, 0xff, 0xf7,
    0x0, 0x0, 0xea, 0x3, 0xfe, 0x30, 0xff, 0xff,
    0xff, 0xff, 0xf7, 0x0, 0x0, 0xea, 0x0, 0x3f,
    0xe2, 0xff, 0xff, 0xff, 0xff, 0xf7, 0x0, 0x0,
    0xef, 0xff, 0xff, 0xfb, 0xff, 0xff, 0xff, 0xff,
    0xf7, 0x0, 0x0, 0x49, 0xaa, 0xaa, 0xdf, 0xff,
    0xff, 0xff, 0xff, 0xf7, 0x0, 0x0, 0x0, 0x0,
    0x0, 0x9f, 0xff, 0xff, 0xff, 0xff, 0xf7, 0x0,
    0x0, 0x0, 0x0, 0x0, 0x9f, 0xff, 0xff, 0xff,
    0xff, 0xf7, 0x0, 0x0, 0x0, 0x0, 0x0, 0x9f,
    0xff, 0xff, 0xff, 0xff, 0xf7, 0x0, 0x0, 0x0,
    0x0, 0x0, 0x9f, 0xff, 0xff, 0xff, 0xff, 0xf7,
    0x0, 0x0, 0x0, 0x0, 0x0, 0x9f, 0x9e, 0xee,
    0xee, 0xee, 0xf7, 0x0, 0x0, 0x0, 0x0, 0x0,
    0x9f, 0x0, 0x0, 0x0, 0x1, 0xf7, 0x0, 0x0,
    0x0, 0x0, 0x0, 0x9f, 0x0, 0x0, 0x0, 0x1,
    0xfc, 0x88, 0x88, 0x88, 0x88, 0x88, 0xcf, 0x0,
    0x0, 0x0, 0x0, 0xcf, 0xff, 0xff, 0xff, 0xff,
    0xff, 0xfb, 0x0, 0x0, 0x0, 0x0, 0x0, 0x0,
    0x0, 0x0, 0x0, 0x0, 0x0,

    /* U+F0F3 "" */
    0x0, 0x0, 0x0, 0x0, 0x0, 0xbb, 0x0, 0x0,
    0x0, 0x0, 0x0, 0x0, 0x0, 0x0, 0x0, 0x3,
    0xff, 0x30, 0x0, 0x0, 0x0, 0x0, 0x0, 0x0,
    0x0, 0x5, 0xdf, 0xff, 0xfd, 0x50, 0x0, 0x0,
    0x0, 0x0, 0x0, 0x0, 0x9f, 0xff, 0xff, 0xff,
    0xf9, 0x0, 0x0, 0x0, 0x0, 0x0, 0x6, 0xff,
    0xff, 0xff, 0xff, 0xff, 0x60, 0x0, 0x0, 0x0,
    0x0, 0xe, 0xff, 0xff, 0xff, 0xff, 0xff, 0xe0,
    0x0, 0x0, 0x0, 0x0, 0x3f, 0xff, 0xff, 0xff,
    0xff, 0xff, 0xf3, 0x0, 0x0, 0x0, 0x0, 0x4f,
    0xff, 0xff, 0xff, 0xff, 0xff, 0xf4, 0x0, 0x0,
    0x0, 0x0, 0x6f, 0xff, 0xff, 0xff, 0xff, 0xff,
    0xf5, 0x0, 0x0, 0x0, 0x0, 0x7f, 0xff, 0xff,
    0xff, 0xff, 0xff, 0xf7, 0x0, 0x0, 0x0, 0x0,
    0x9f, 0xff, 0xff, 0xff, 0xff, 0xff, 0xf8, 0x0,
    0x0, 0x0, 0x0, 0xcf, 0xff, 0xff, 0xff, 0xff,
    0xff, 0xfb, 0x0, 0x0, 0x0, 0x0, 0xff, 0xff,
    0xff, 0xff, 0xff, 0xff, 0xff, 0x0, 0x0, 0x0,
    0x6, 0xff, 0xff, 0xff, 0xff, 0xff, 0xff, 0xff,
    0x60, 0x0, 0x0, 0xd, 0xff, 0xff, 0xff, 0xff,
    0xff, 0xff, 0xff, 0xd0, 0x0, 0x0, 0x7f, 0xff,
    0xff, 0xff, 0xff, 0xff, 0xff, 0xff, 0xf7, 0x0,
    0x4, 0xff, 0xff, 0xff, 0xff, 0xff, 0xff, 0xff,
    0xff, 0xff, 0x40, 0x1f, 0xff, 0xff, 0xff, 0xff,
    0xff, 0xff, 0xff, 0xff, 0xff, 0xf1, 0xa, 0xff,
    0xff, 0xff, 0xff, 0xff, 0xff, 0xff, 0xff, 0xff,
    0xa0, 0x0, 0x0, 0x0, 0x0, 0xea, 0xff, 0xff,
    0x0, 0x0, 0x0, 0x0, 0x0, 0x0, 0x0, 0x0,
    0xba, 0xaf, 0xfb, 0x0, 0x0, 0x0, 0x0, 0x0,
    0x0, 0x0, 0x0, 0x1a, 0xef, 0xa1, 0x0, 0x0,
    0x0, 0x0, 0x0, 0x0, 0x0, 0x0, 0x0, 0x0,
    0x0, 0x0, 0x0, 0x0, 0x0,

    /* U+F11C "" */
    0x0, 0x0, 0x0, 0x0, 0x0, 0x0, 0x0, 0x0,
    0x0, 0x0, 0x0, 0x0, 0x8f, 0xff, 0xff, 0xff,
    0xff, 0xff, 0xff, 0xff, 0xff, 0xff, 0xff, 0xe2,
    0xfc, 0x88, 0x88, 0x88, 0x88, 0x88, 0x88, 0x88,
    0x88, 0x88, 0x88, 0xf8, 0xf9, 0x0, 0x0, 0x0,
    0x0, 0x0, 0x0, 0x0, 0x0, 0x0, 0x0, 0xf9,
    0xf9, 0xe, 0xa0, 0xce, 0x7, 0xf0, 0x6f, 0x15,
    0xf5, 0x1f, 0x70, 0xf9, 0xf9, 0x8, 0x50, 0x68,
    0x4, 0x80, 0x39, 0x2, 0x92, 0x1f, 0x70, 0xf9,
    0xf9, 0x0, 0x0, 0x0, 0x0, 0x0, 0x0, 0x0,
    0x0, 0x1f, 0x70, 0xf9, 0xf9, 0xd, 0xff, 0x30,
    0xf7, 0xe, 0x80, 0xd9, 0x9, 0xff, 0x70, 0xf9,
    0xf9, 0x8, 0xaa, 0x10, 0x94, 0x9, 0x50, 0x86,
    0x6, 0xaa, 0x40, 0xf9, 0xf9, 0x0, 0x0, 0x0,
    0x0, 0x0, 0x0, 0x0, 0x0, 0x0, 0x0, 0xf9,
    0xf9, 0x8, 0x60, 0x7a, 0xaa, 0xaa, 0xaa, 0xaa,
    0xa3, 0x9, 0x40, 0xf9, 0xf9, 0xd, 0x90, 0xbf,
    0xff, 0xff, 0xff, 0xff, 0xf4, 0xf, 0x70, 0xf9,
    0xf9, 0x0, 0x0, 0x0, 0x0, 0x0, 0x0, 0x0,
    0x0, 0x0, 0x0, 0xf9, 0xfd, 0x99, 0x99, 0x99,
    0x99, 0x99, 0x99, 0x99, 0x99, 0x99, 0x99, 0xf8,
    0x7f, 0xff, 0xff, 0xff, 0xff, 0xff, 0xff, 0xff,
    0xff, 0xff, 0xff, 0xd2,

    /* U+F124 "" */
    0x0, 0x0, 0x0, 0x0, 0x0, 0x0, 0x0, 0x0,
    0x4a, 0x10, 0x0, 0x0, 0x0, 0x0, 0x0, 0x0,
    0x4, 0xcf, 0xf2, 0x0, 0x0, 0x0, 0x0, 0x0,
    0x0, 0x4c, 0xff, 0xfa, 0x0, 0x0, 0x0, 0x0,
    0x0, 0x4, 0xcf, 0xff, 0xff, 0x20, 0x0, 0x0,
    0x0, 0x0, 0x4c, 0xff, 0xff, 0xff, 0xa0, 0x0,
    0x0, 0x0, 0x4, 0xcf, 0xff, 0xff, 0xff, 0xf2,
    0x0, 0x0, 0x0, 0x4c, 0xff, 0xff, 0xff, 0xff,
    0xfa, 0x0, 0x0, 0x4, 0xcf, 0xff, 0xff, 0xff,
    0xff, 0xff, 0x20, 0x0, 0xb, 0xff, 0xff, 0xff,
    0xff, 0xff, 0xff, 0xa0, 0x0, 0x0, 0x8b, 0xbb,
    0xbb, 0xbc, 0xff, 0xff, 0xf2, 0x0, 0x0, 0x0,
    0x0, 0x0, 0x0, 0x2f, 0xff, 0xfa, 0x0, 0x0,
    0x0, 0x0, 0x0, 0x0, 0x2, 0xff, 0xff, 0x20,
    0x0, 0x0, 0x0, 0x0, 0x0, 0x0, 0x2f, 0xff,
    0xa0, 0x0, 0x0, 0x0, 0x0, 0x0, 0x0, 0x2,
    0xff, 0xf2, 0x0, 0x0, 0x0, 0x0, 0x0, 0x0,
    0x0, 0x2f, 0xfa, 0x0, 0x0, 0x0, 0x0, 0x0,
    0x0, 0x0, 0x2, 0xff, 0x20, 0x0, 0x0, 0x0,
    0x0, 0x0, 0x0, 0x0, 0x2f, 0xa0, 0x0, 0x0,
    0x0, 0x0, 0x0, 0x0, 0x0, 0x0, 0x71, 0x0,
    0x0, 0x0, 0x0,

    /* U+F158 "" */
    0x0, 0x0, 0x11, 0x11, 0x11, 0x0, 0x0, 0x0,
    0x0, 0xd, 0xff, 0xff, 0xff, 0xfe, 0x92, 0x0,
    0x0, 0xd, 0xff, 0xff, 0xff, 0xff, 0xff, 0x30,
    0x0, 0xd, 0xff, 0x88, 0x88, 0xae, 0xff, 0xe1,
    0x0, 0xd, 0xff, 0x0, 0x0, 0x1, 0xdf, 0xf6,
    0x0, 0xd, 0xff, 0x0, 0x0, 0x0, 0x5f, 0xfa,
    0x0, 0xd, 0xff, 0x0, 0x0, 0x0, 0x3f, 0xfb,
    0x0, 0xd, 0xff, 0x0, 0x0, 0x0, 0x8f, 0xf9,
    0x0, 0xd, 0xff, 0x0, 0x0, 0x27, 0xff, 0xf3,
    0xff, 0xff, 0xff, 0xff, 0xff, 0xff, 0xff, 0xa0,
    0xff, 0xff, 0xff, 0xff, 0xff, 0xff, 0xf9, 0x0,
    0x89, 0x9f, 0xff, 0x99, 0x99, 0x86, 0x20, 0x0,
    0x11, 0x1d, 0xff, 0x11, 0x11, 0x11, 0x0, 0x0,
    0xff, 0xff, 0xff, 0xff, 0xff, 0xff, 0x80, 0x0,
    0xff, 0xff, 0xff, 0xff, 0xff, 0xff, 0x90, 0x0,
    0x34, 0x4e, 0xff, 0x44, 0x44, 0x44, 0x10, 0x0,
    0x0, 0xd, 0xff, 0x0, 0x0, 0x0, 0x0, 0x0,
    0x0, 0xd, 0xff, 0x0, 0x0, 0x0, 0x0, 0x0,
    0x0, 0x2, 0x32, 0x0, 0x0, 0x0, 0x0, 0x0,

    /* U+F1EB "" */
    0x0, 0x0, 0x0, 0x0, 0x0, 0x13, 0x43, 0x20,
    0x0, 0x0, 0x0, 0x0, 0x0, 0x0, 0x0, 0x1,
    0x6b, 0xff, 0xff, 0xff, 0xfd, 0x83, 0x0, 0x0,
    0x0, 0x0, 0x0, 0x29, 0xff, 0xff, 0xff, 0xff,
    0xff, 0xff, 0xfd, 0x50, 0x0, 0x0, 0x0, 0x8f,
    0xff, 0xff, 0xff, 0xed, 0xef, 0xff, 0xff, 0xff,
    0xc3, 0x0, 0x1, 0xcf, 0xff, 0xfe, 0x84, 0x0,
    0x0, 0x2, 0x6c, 0xff, 0xff, 0xf6, 0x1, 0xdf,
    0xff, 0xf7, 0x0, 0x2, 0x35, 0x43, 0x0, 0x3,
    0xcf, 0xff, 0xf7, 0x1e, 0xff, 0xb1, 0x3, 0x9e,
    0xff, 0xff, 0xff, 0xb6, 0x0, 0x6f, 0xff, 0x50,
    0x2d, 0x80, 0x2b, 0xff, 0xff, 0xff, 0xff, 0xff,
    0xfe, 0x60, 0x3e, 0x60, 0x0, 0x0, 0x4f, 0xff,
    0xff, 0xff, 0xdd, 0xff, 0xff, 0xff, 0xa0, 0x0,
    0x0, 0x0, 0xc, 0xff, 0xfc, 0x51, 0x0, 0x0,
    0x39, 0xff, 0xff, 0x30, 0x0, 0x0, 0x0, 0x1c,
    0xd4, 0x2, 0x7b, 0xdc, 0x94, 0x1, 0xbf, 0x40,
    0x0, 0x0, 0x0, 0x0, 0x0, 0x9, 0xff, 0xff,
    0xff, 0xfd, 0x30, 0x10, 0x0, 0x0, 0x0, 0x0,
    0x0, 0x8, 0xff, 0xff, 0xff, 0xff, 0xfe, 0x0,
    0x0, 0x0, 0x0, 0x0, 0x0, 0x0, 0xc, 0xfd,
    0x74, 0x6b, 0xff, 0x40, 0x0, 0x0, 0x0, 0x0,
    0x0, 0x0, 0x0, 0x5, 0x0, 0x10, 0x3, 0x30,
    0x0, 0x0, 0x0, 0x0, 0x0, 0x0, 0x0, 0x0,
    0x2, 0xdf, 0xf7, 0x0, 0x0, 0x0, 0x0, 0x0,
    0x0, 0x0, 0x0, 0x0, 0x0, 0xc, 0xff, 0x40,
    0x0, 0x0, 0x0, 0x0, 0x0, 0x0, 0x0, 0x0,
    0x0, 0x0, 0x1a, 0x40, 0x0, 0x0, 0x0, 0x0,
    0x0,

    /* U+F240 "" */
    0x18, 0xaa, 0xaa, 0xaa, 0xaa, 0xaa, 0xaa, 0xaa,
    0xaa, 0xaa, 0xaa, 0xaa, 0x96, 0x0, 0xc, 0xff,
    0xff, 0xff, 0xff, 0xff, 0xff, 0xff, 0xff, 0xff,
    0xff, 0xff, 0xff, 0xf6, 0x0, 0xf9, 0x0, 0x0,
    0x0, 0x0, 0x0, 0x0, 0x0, 0x0, 0x0, 0x0,
    0x0, 0xf, 0xa0, 0xf, 0x90, 0x77, 0x77, 0x77,
    0x77, 0x77, 0x77, 0x77, 0x77, 0x77, 0x77, 0x30,
    0xea, 0x0, 0xf9, 0xe, 0xff, 0xff, 0xff, 0xff,
    0xff, 0xff, 0xff, 0xff, 0xff, 0xf8, 0xe, 0xe6,
    0xf, 0x90, 0xef, 0xff, 0xff, 0xff, 0xff, 0xff,
    0xff, 0xff, 0xff, 0xff, 0x80, 0xce, 0xf2, 0xf9,
    0xe, 0xff, 0xff, 0xff, 0xff, 0xff, 0xff, 0xff,
    0xff, 0xff, 0xf8, 0x0, 0x5f, 0x3f, 0x90, 0xef,
    0xff, 0xff, 0xff, 0xff, 0xff, 0xff, 0xff, 0xff,
    0xff, 0x80, 0x5, 0xf3, 0xf9, 0xe, 0xff, 0xff,
    0xff, 0xff, 0xff, 0xff, 0xff, 0xff, 0xff, 0xf8,
    0x0, 0x5f, 0x3f, 0x90, 0xef, 0xff, 0xff, 0xff,
    0xff, 0xff, 0xff, 0xff, 0xff, 0xff, 0x80, 0x5,
    0xf3, 0xf9, 0xe, 0xff, 0xff, 0xff, 0xff, 0xff,
    0xff, 0xff, 0xff, 0xff, 0xf8, 0x7, 0xaf, 0x3f,
    0x90, 0xef, 0xff, 0xff, 0xff, 0xff, 0xff, 0xff,
    0xff, 0xff, 0xff, 0x80, 0xef, 0xc0, 0xf9, 0xe,
    0xff, 0xff, 0xff, 0xff, 0xff, 0xff, 0xff, 0xff,
    0xff, 0xf7, 0xe, 0xb0, 0xf, 0x90, 0x0, 0x0,
    0x0, 0x0, 0x0, 0x0, 0x0, 0x0, 0x0, 0x0,
    0x0, 0xea, 0x0, 0xed, 0x99, 0x99, 0x99, 0x99,
    0x99, 0x99, 0x99, 0x99, 0x99, 0x99, 0x99, 0x9f,
    0x80, 0x4, 0xef, 0xff, 0xff, 0xff, 0xff, 0xff,
    0xff, 0xff, 0xff, 0xff, 0xff, 0xff, 0xc1, 0x0,

    /* U+F241 "" */
    0x18, 0xaa, 0xaa, 0xaa, 0xaa, 0xaa, 0xaa, 0xaa,
    0xaa, 0xaa, 0xaa, 0xaa, 0x96, 0x0, 0xc, 0xff,
    0xff, 0xff, 0xff, 0xff, 0xff, 0xff, 0xff, 0xff,
    0xff, 0xff, 0xff, 0xf6, 0x0, 0xf9, 0x0, 0x0,
    0x0, 0x0, 0x0, 0x0, 0x0, 0x0, 0x0, 0x0,
    0x0, 0xf, 0xa0, 0xf, 0x90, 0x77, 0x77, 0x77,
    0x77, 0x77, 0x77, 0x77, 0x76, 0x0, 0x0, 0x0,
    0xea, 0x0, 0xf9, 0xe, 0xff, 0xff, 0xff, 0xff,
    0xff, 0xff, 0xff, 0xc0, 0x0, 0x0, 0xe, 0xe6,
    0xf, 0x90, 0xef, 0xff, 0xff, 0xff, 0xff, 0xff,
    0xff, 0xfc, 0x0, 0x0, 0x0, 0xce, 0xf2, 0xf9,
    0xe, 0xff, 0xff, 0xff, 0xff, 0xff, 0xff, 0xff,
    0xc0, 0x0, 0x0, 0x0, 0x5f, 0x3f, 0x90, 0xef,
    0xff, 0xff, 0xff, 0xff, 0xff, 0xff, 0xfc, 0x0,
    0x0, 0x0, 0x5, 0xf3, 0xf9, 0xe, 0xff, 0xff,
    0xff, 0xff, 0xff, 0xff, 0xff, 0xc0, 0x0, 0x0,
    0x0, 0x5f, 0x3f, 0x90, 0xef, 0xff, 0xff, 0xff,
    0xff, 0xff, 0xff, 0xfc, 0x0, 0x0, 0x0, 0x5,
    0xf3, 0xf9, 0xe, 0xff, 0xff, 0xff, 0xff, 0xff,
    0xff, 0xff, 0xc0, 0x0, 0x0, 0x7, 0xaf, 0x3f,
    0x90, 0xef, 0xff, 0xff, 0xff, 0xff, 0xff, 0xff,
    0xfc, 0x0, 0x0, 0x0, 0xef, 0xc0, 0xf9, 0xe,
    0xff, 0xff, 0xff, 0xff, 0xff, 0xff, 0xff, 0xc0,
    0x0, 0x0, 0xe, 0xb0, 0xf, 0x90, 0x0, 0x0,
    0x0, 0x0, 0x0, 0x0, 0x0, 0x0, 0x0, 0x0,
    0x0, 0xea, 0x0, 0xed, 0x99, 0x99, 0x99, 0x99,
    0x99, 0x99, 0x99, 0x99, 0x99, 0x99, 0x99, 0x9f,
    0x80, 0x4, 0xef, 0xff, 0xff, 0xff, 0xff, 0xff,
    0xff, 0xff, 0xff, 0xff, 0xff, 0xff, 0xc1, 0x0,

    /* U+F242 "" */
    0x18, 0xaa, 0xaa, 0xaa, 0xaa, 0xaa, 0xaa, 0xaa,
    0xaa, 0xaa, 0xaa, 0xaa, 0x96, 0x0, 0xc, 0xff,
    0xff, 0xff, 0xff, 0xff, 0xff, 0xff, 0xff, 0xff,
    0xff, 0xff, 0xff, 0xf6, 0x0, 0xf9, 0x0, 0x0,
    0x0, 0x0, 0x0, 0x0, 0x0, 0x0, 0x0, 0x0,
    0x0, 0xf, 0xa0, 0xf, 0x90, 0x77, 0x77, 0x77,
    0x77, 0x77, 0x70, 0x0, 0x0, 0x0, 0x0, 0x0,
    0xea, 0x0, 0xf9, 0xe, 0xff, 0xff, 0xff, 0xff,
    0xff, 0x10, 0x0, 0x0, 0x0, 0x0, 0xe, 0xe6,
    0xf, 0x90, 0xef, 0xff, 0xff, 0xff, 0xff, 0xf1,
    0x0, 0x0, 0x0, 0x0, 0x0, 0xce, 0xf2, 0xf9,
    0xe, 0xff, 0xff, 0xff, 0xff, 0xff, 0x10, 0x0,
    0x0, 0x0, 0x0, 0x0, 0x5f, 0x3f, 0x90, 0xef,
    0xff, 0xff, 0xff, 0xff, 0xf1, 0x0, 0x0, 0x0,
    0x0, 0x0, 0x5, 0xf3, 0xf9, 0xe, 0xff, 0xff,
    0xff, 0xff, 0xff, 0x10, 0x0, 0x0, 0x0, 0x0,
    0x0, 0x5f, 0x3f, 0x90, 0xef, 0xff, 0xff, 0xff,
    0xff, 0xf1, 0x0, 0x0, 0x0, 0x0, 0x0, 0x5,
    0xf3, 0xf9, 0xe, 0xff, 0xff, 0xff, 0xff, 0xff,
    0x10, 0x0, 0x0, 0x0, 0x0, 0x7, 0xaf, 0x3f,
    0x90, 0xef, 0xff, 0xff, 0xff, 0xff, 0xf1, 0x0,
    0x0, 0x0, 0x0, 0x0, 0xef, 0xc0, 0xf9, 0xe,
    0xff, 0xff, 0xff, 0xff, 0xff, 0x10, 0x0, 0x0,
    0x0, 0x0, 0xe, 0xb0, 0xf, 0x90, 0x0, 0x0,
    0x0, 0x0, 0x0, 0x0, 0x0, 0x0, 0x0, 0x0,
    0x0, 0xea, 0x0, 0xed, 0x99, 0x99, 0x99, 0x99,
    0x99, 0x99, 0x99, 0x99, 0x99, 0x99, 0x99, 0x9f,
    0x80, 0x4, 0xef, 0xff, 0xff, 0xff, 0xff, 0xff,
    0xff, 0xff, 0xff, 0xff, 0xff, 0xff, 0xc1, 0x0,

    /* U+F243 "" */
    0x18, 0xaa, 0xaa, 0xaa, 0xaa, 0xaa, 0xaa, 0xaa,
    0xaa, 0xaa, 0xaa, 0xaa, 0x96, 0x0, 0xc, 0xff,
    0xff, 0xff, 0xff, 0xff, 0xff, 0xff, 0xff, 0xff,
    0xff, 0xff, 0xff, 0xf6, 0x0, 0xf9, 0x0, 0x0,
    0x0, 0x0, 0x0, 0x0, 0x0, 0x0, 0x0, 0x0,
    0x0, 0xf, 0xa0, 0xf, 0x90, 0x77, 0x77, 0x77,
    0x20, 0x0, 0x0, 0x0, 0x0, 0x0, 0x0, 0x0,
    0xea, 0x0, 0xf9, 0xe, 0xff, 0xff, 0xf5, 0x0,
    0x0, 0x0, 0x0, 0x0, 0x0, 0x0, 0xe, 0xe6,
    0xf, 0x90, 0xef, 0xff, 0xff, 0x50, 0x0, 0x0,
    0x0, 0x0, 0x0, 0x0, 0x0, 0xce, 0xf2, 0xf9,
    0xe, 0xff, 0xff, 0xf5, 0x0, 0x0, 0x0, 0x0,
    0x0, 0x0, 0x0, 0x0, 0x5f, 0x3f, 0x90, 0xef,
    0xff, 0xff, 0x50, 0x0, 0x0, 0x0, 0x0, 0x0,
    0x0, 0x0, 0x5, 0xf3, 0xf9, 0xe, 0xff, 0xff,
    0xf5, 0x0, 0x0, 0x0, 0x0, 0x0, 0x0, 0x0,
    0x0, 0x5f, 0x3f, 0x90, 0xef, 0xff, 0xff, 0x50,
    0x0, 0x0, 0x0, 0x0, 0x0, 0x0, 0x0, 0x5,
    0xf3, 0xf9, 0xe, 0xff, 0xff, 0xf5, 0x0, 0x0,
    0x0, 0x0, 0x0, 0x0, 0x0, 0x7, 0xaf, 0x3f,
    0x90, 0xef, 0xff, 0xff, 0x50, 0x0, 0x0, 0x0,
    0x0, 0x0, 0x0, 0x0, 0xef, 0xc0, 0xf9, 0xe,
    0xff, 0xff, 0xf5, 0x0, 0x0, 0x0, 0x0, 0x0,
    0x0, 0x0, 0xe, 0xb0, 0xf, 0x90, 0x0, 0x0,
    0x0, 0x0, 0x0, 0x0, 0x0, 0x0, 0x0, 0x0,
    0x0, 0xea, 0x0, 0xed, 0x99, 0x99, 0x99, 0x99,
    0x99, 0x99, 0x99, 0x99, 0x99, 0x99, 0x99, 0x9f,
    0x80, 0x4, 0xef, 0xff, 0xff, 0xff, 0xff, 0xff,
    0xff, 0xff, 0xff, 0xff, 0xff, 0xff, 0xc1, 0x0,

    /* U+F244 "" */
    0x18, 0xaa, 0xaa, 0xaa, 0xaa, 0xaa, 0xaa, 0xaa,
    0xaa, 0xaa, 0xaa, 0xaa, 0x96, 0x0, 0xc, 0xff,
    0xff, 0xff, 0xff, 0xff, 0xff, 0xff, 0xff, 0xff,
    0xff, 0xff, 0xff, 0xf6, 0x0, 0xf9, 0x0, 0x0,
    0x0, 0x0, 0x0, 0x0, 0x0, 0x0, 0x0, 0x0,
    0x0, 0xf, 0xa0, 0xf, 0x90, 0x0, 0x0, 0x0,
    0x0, 0x0, 0x0, 0x0, 0x0, 0x0, 0x0, 0x0,
    0xea, 0x0, 0xf9, 0x0, 0x0, 0x0, 0x0, 0x0,
    0x0, 0x0, 0x0, 0x0, 0x0, 0x0, 0xe, 0xe7,
    0xf, 0x90, 0x0, 0x0, 0x0, 0x0, 0x0, 0x0,
    0x0, 0x0, 0x0, 0x0, 0x0, 0xce, 0xf2, 0xf9,
    0x0, 0x0, 0x0, 0x0, 0x0, 0x0, 0x0, 0x0,
    0x0, 0x0, 0x0, 0x0, 0x5f, 0x3f, 0x90, 0x0,
    0x0, 0x0, 0x0, 0x0, 0x0, 0x0, 0x0, 0x0,
    0x0, 0x0, 0x5, 0xf3, 0xf9, 0x0, 0x0, 0x0,
    0x0, 0x0, 0x0, 0x0, 0x0, 0x0, 0x0, 0x0,
    0x0, 0x5f, 0x3f, 0x90, 0x0, 0x0, 0x0, 0x0,
    0x0, 0x0, 0x0, 0x0, 0x0, 0x0, 0x0, 0x5,
    0xf3, 0xf9, 0x0, 0x0, 0x0, 0x0, 0x0, 0x0,
    0x0, 0x0, 0x0, 0x0, 0x0, 0x7, 0xaf, 0x3f,
    0x90, 0x0, 0x0, 0x0, 0x0, 0x0, 0x0, 0x0,
    0x0, 0x0, 0x0, 0x0, 0xef, 0xc0, 0xf9, 0x0,
    0x0, 0x0, 0x0, 0x0, 0x0, 0x0, 0x0, 0x0,
    0x0, 0x0, 0xe, 0xa0, 0xf, 0x90, 0x0, 0x0,
    0x0, 0x0, 0x0, 0x0, 0x0, 0x0, 0x0, 0x0,
    0x0, 0xea, 0x0, 0xed, 0x99, 0x99, 0x99, 0x99,
    0x99, 0x99, 0x99, 0x99, 0x99, 0x99, 0x99, 0x9f,
    0x80, 0x4, 0xef, 0xff, 0xff, 0xff, 0xff, 0xff,
    0xff, 0xff, 0xff, 0xff, 0xff, 0xff, 0xc1, 0x0,

    /* U+F287 "" */
    0x0, 0x0, 0x0, 0x0, 0x0, 0x0, 0x0, 0x0,
    0x10, 0x0, 0x0, 0x0, 0x0, 0x0, 0x0, 0x0,
    0x0, 0x0, 0x0, 0x0, 0x0, 0x2, 0xdf, 0xd2,
    0x0, 0x0, 0x0, 0x0, 0x0, 0x0, 0x0, 0x0,
    0x0, 0x0, 0x2, 0x79, 0xdf, 0xff, 0xb0, 0x0,
    0x0, 0x0, 0x0, 0x0, 0x0, 0x0, 0x0, 0x0,
    0x2, 0xef, 0xff, 0xff, 0xfc, 0x0, 0x0, 0x0,
    0x0, 0x0, 0x0, 0x0, 0x0, 0x0, 0x0, 0xcf,
    0x30, 0x6f, 0xff, 0x60, 0x0, 0x0, 0x0, 0x0,
    0x0, 0x0, 0x0, 0x0, 0x0, 0x5f, 0x60, 0x0,
    0x48, 0x40, 0x0, 0x0, 0x0, 0x0, 0x0, 0x3,
    0x9a, 0x50, 0x0, 0xc, 0xe0, 0x0, 0x0, 0x0,
    0x0, 0x0, 0x2, 0x30, 0x0, 0x4, 0xff, 0xff,
    0x90, 0x5, 0xf7, 0x0, 0x0, 0x0, 0x0, 0x0,
    0x0, 0x7f, 0x91, 0x0, 0xdf, 0xff, 0xff, 0x89,
    0xff, 0x88, 0x88, 0x88, 0x88, 0x88, 0x88, 0x8b,
    0xff, 0xe6, 0xf, 0xff, 0xff, 0xff, 0xff, 0xff,
    0xff, 0xff, 0xff, 0xff, 0xff, 0xff, 0xff, 0xff,
    0xe1, 0xbf, 0xff, 0xff, 0x10, 0x0, 0x1a, 0xf5,
    0x0, 0x0, 0x0, 0x0, 0x7, 0xff, 0x80, 0x2,
    0xef, 0xff, 0x50, 0x0, 0x0, 0xe, 0xc0, 0x0,
    0x0, 0x0, 0x0, 0x6b, 0x20, 0x0, 0x0, 0x56,
    0x20, 0x0, 0x0, 0x0, 0x7f, 0x30, 0x0, 0x0,
    0x0, 0x0, 0x0, 0x0, 0x0, 0x0, 0x0, 0x0,
    0x0, 0x0, 0x1, 0xfb, 0x0, 0x7b, 0xbb, 0xa0,
    0x0, 0x0, 0x0, 0x0, 0x0, 0x0, 0x0, 0x0,
    0x0, 0x8, 0xf7, 0x2c, 0xff, 0xff, 0x0, 0x0,
    0x0, 0x0, 0x0, 0x0, 0x0, 0x0, 0x0, 0x0,
    0xc, 0xff, 0xff, 0xff, 0xf0, 0x0, 0x0, 0x0,
    0x0, 0x0, 0x0, 0x0, 0x0, 0x0, 0x0, 0x4,
    0x6d, 0xff, 0xff, 0x0, 0x0, 0x0, 0x0, 0x0,
    0x0, 0x0, 0x0, 0x0, 0x0, 0x0, 0x0, 0xaf,
    0xff, 0xf0, 0x0, 0x0, 0x0,

    /* U+F293 "" */
    0x0, 0x0, 0x5, 0xac, 0xdd, 0xb8, 0x20, 0x0,
    0x0, 0x0, 0x4e, 0xff, 0xff, 0xff, 0xff, 0x90,
    0x0, 0x0, 0x4f, 0xff, 0xfe, 0x4f, 0xff, 0xff,
    0xb0, 0x0, 0xe, 0xff, 0xff, 0xe0, 0x4f, 0xff,
    0xff, 0x60, 0x7, 0xff, 0xff, 0xfe, 0x0, 0x3f,
    0xff, 0xfd, 0x0, 0xcf, 0xff, 0xff, 0xe0, 0x10,
    0x3e, 0xff, 0xf3, 0xf, 0xff, 0x6b, 0xfe, 0x4,
    0x90, 0x3e, 0xff, 0x73, 0xff, 0xe1, 0xb, 0xe0,
    0x4f, 0x40, 0x7f, 0xfa, 0x5f, 0xff, 0xd1, 0xa,
    0x4, 0x60, 0x5f, 0xff, 0xc6, 0xff, 0xff, 0xd1,
    0x0, 0x0, 0x5f, 0xff, 0xfd, 0x7f, 0xff, 0xff,
    0xd1, 0x0, 0x5f, 0xff, 0xff, 0xe7, 0xff, 0xff,
    0xff, 0x30, 0x9, 0xff, 0xff, 0xfe, 0x6f, 0xff,
    0xff, 0x40, 0x0, 0x9, 0xff, 0xff, 0xd6, 0xff,
    0xff, 0x40, 0x60, 0x33, 0x9, 0xff, 0xfc, 0x4f,
    0xff, 0x40, 0x7e, 0x4, 0xe2, 0x9, 0xff, 0xa1,
    0xff, 0xe2, 0x7f, 0xe0, 0x4d, 0x10, 0xcf, 0xf8,
    0xd, 0xff, 0xff, 0xfe, 0x2, 0x11, 0xcf, 0xff,
    0x40, 0x8f, 0xff, 0xff, 0xe0, 0x1, 0xcf, 0xff,
    0xf0, 0x2, 0xff, 0xff, 0xfe, 0x1, 0xdf, 0xff,
    0xf8, 0x0, 0x7, 0xff, 0xff, 0xe1, 0xdf, 0xff,
    0xfe, 0x0, 0x0, 0x8, 0xff, 0xff, 0xdf, 0xff,
    0xfd, 0x20, 0x0, 0x0, 0x3, 0xae, 0xff, 0xff,
    0xc7, 0x0, 0x0, 0x0, 0x0, 0x0, 0x1, 0x21,
    0x0, 0x0, 0x0, 0x0,

    /* U+F2ED "" */

};


/*---------------------
 *  GLYPH DESCRIPTION
 *--------------------*/

static const lv_font_fmt_txt_glyph_dsc_t glyph_dsc[] = {
    {.bitmap_index = 0, .adv_w = 0, .box_w = 0, .box_h = 0, .ofs_x = 0, .ofs_y = 0} /* id = 0 reserved */,
    {.bitmap_index = 0, .adv_w = 67, .box_w = 0, .box_h = 0, .ofs_x = 0, .ofs_y = 0},
    {.bitmap_index = 0, .adv_w = 101, .box_w = 5, .box_h = 16, .ofs_x = 1, .ofs_y = 0},
    {.bitmap_index = 40, .adv_w = 161, .box_w = 8, .box_h = 7, .ofs_x = 1, .ofs_y = 9},
    {.bitmap_index = 68, .adv_w = 233, .box_w = 14, .box_h = 16, .ofs_x = 0, .ofs_y = 0},
    {.bitmap_index = 180, .adv_w = 212, .box_w = 13, .box_h = 20, .ofs_x = 0, .ofs_y = -2},
    {.bitmap_index = 310, .adv_w = 241, .box_w = 15, .box_h = 16, .ofs_x = 0, .ofs_y = 0},
    {.bitmap_index = 430, .adv_w = 243, .box_w = 16, .box_h = 16, .ofs_x = 0, .ofs_y = 0},
    {.bitmap_index = 558, .adv_w = 88, .box_w = 4, .box_h = 7, .ofs_x = 1, .ofs_y = 9},
    {.bitmap_index = 572, .adv_w = 109, .box_w = 7, .box_h = 20, .ofs_x = 0, .ofs_y = -3},
    {.bitmap_index = 642, .adv_w = 109, .box_w = 7, .box_h = 20, .ofs_x = 0, .ofs_y = -3},
    {.bitmap_index = 712, .adv_w = 172, .box_w = 10, .box_h = 11, .ofs_x = 0, .ofs_y = 6},
    {.bitmap_index = 767, .adv_w = 198, .box_w = 11, .box_h = 11, .ofs_x = 1, .ofs_y = 2},
    {.bitmap_index = 828, .adv_w = 100, .box_w = 5, .box_h = 8, .ofs_x = 1, .ofs_y = -4},
    {.bitmap_index = 848, .adv_w = 163, .box_w = 8, .box_h = 3, .ofs_x = 1, .ofs_y = 4},
    {.bitmap_index = 860, .adv_w = 106, .box_w = 5, .box_h = 5, .ofs_x = 1, .ofs_y = 0},
    {.bitmap_index = 873, .adv_w = 135, .box_w = 9, .box_h = 18, .ofs_x = 0, .ofs_y = -1},
    {.bitmap_index = 954, .adv_w = 234, .box_w = 14, .box_h = 16, .ofs_x = 0, .ofs_y = 0},
    {.bitmap_index = 1066, .adv_w = 133, .box_w = 7, .box_h = 16, .ofs_x = 0, .ofs_y = 0},
    {.bitmap_index = 1122, .adv_w = 199, .box_w = 12, .box_h = 16, .ofs_x = 0, .ofs_y = 0},
    {.bitmap_index = 1218, .adv_w = 197, .box_w = 12, .box_h = 16, .ofs_x = 0, .ofs_y = 0},
    {.bitmap_index = 1314, .adv_w = 214, .box_w = 13, .box_h = 16, .ofs_x = 0, .ofs_y = 0},
    {.bitmap_index = 1418, .adv_w = 197, .box_w = 12, .box_h = 16, .ofs_x = 0, .ofs_y = 0},
    {.bitmap_index = 1514, .adv_w = 202, .box_w = 13, .box_h = 16, .ofs_x = 0, .ofs_y = 0},
    {.bitmap_index = 1618, .adv_w = 186, .box_w = 12, .box_h = 16, .ofs_x = 0, .ofs_y = 0},
    {.bitmap_index = 1714, .adv_w = 198, .box_w = 12, .box_h = 16, .ofs_x = 0, .ofs_y = 0},
    {.bitmap_index = 1810, .adv_w = 202, .box_w = 13, .box_h = 16, .ofs_x = 0, .ofs_y = 0},
    {.bitmap_index = 1914, .adv_w = 102, .box_w = 5, .box_h = 11, .ofs_x = 1, .ofs_y = 0},
    {.bitmap_index = 1942, .adv_w = 99, .box_w = 5, .box_h = 15, .ofs_x = 1, .ofs_y = -4},
    {.bitmap_index = 1980, .adv_w = 198, .box_w = 11, .box_h = 12, .ofs_x = 1, .ofs_y = 1},
    {.bitmap_index = 2046, .adv_w = 198, .box_w = 11, .box_h = 8, .ofs_x = 1, .ofs_y = 3},
    {.bitmap_index = 2090, .adv_w = 198, .box_w = 11, .box_h = 12, .ofs_x = 1, .ofs_y = 1},
    {.bitmap_index = 2156, .adv_w = 176, .box_w = 11, .box_h = 16, .ofs_x = 0, .ofs_y = 0},
    {.bitmap_index = 2244, .adv_w = 266, .box_w = 16, .box_h = 15, .ofs_x = 0, .ofs_y = -2},
    {.bitmap_index = 2364, .adv_w = 257, .box_w = 16, .box_h = 16, .ofs_x = 0, .ofs_y = 0},
    {.bitmap_index = 2492, .adv_w = 226, .box_w = 13, .box_h = 16, .ofs_x = 1, .ofs_y = 0},
    {.bitmap_index = 2596, .adv_w = 243, .box_w = 15, .box_h = 16, .ofs_x = 0, .ofs_y = 0},
    {.bitmap_index = 2716, .adv_w = 265, .box_w = 15, .box_h = 16, .ofs_x = 1, .ofs_y = 0},
    {.bitmap_index = 2836, .adv_w = 216, .box_w = 12, .box_h = 16, .ofs_x = 1, .ofs_y = 0},
    {.bitmap_index = 2932, .adv_w = 208, .box_w = 12, .box_h = 16, .ofs_x = 1, .ofs_y = 0},
    {.bitmap_index = 3028, .adv_w = 276, .box_w = 17, .box_h = 16, .ofs_x = 0, .ofs_y = 0},
    {.bitmap_index = 3164, .adv_w = 257, .box_w = 14, .box_h = 16, .ofs_x = 1, .ofs_y = 0},
    {.bitmap_index = 3276, .adv_w = 103, .box_w = 4, .box_h = 16, .ofs_x = 1, .ofs_y = 0},
    {.bitmap_index = 3308, .adv_w = 187, .box_w = 11, .box_h = 16, .ofs_x = 0, .ofs_y = 0},
    {.bitmap_index = 3396, .adv_w = 248, .box_w = 15, .box_h = 16, .ofs_x = 1, .ofs_y = 0},
    {.bitmap_index = 3516, .adv_w = 197, .box_w = 11, .box_h = 16, .ofs_x = 1, .ofs_y = 0},
    {.bitmap_index = 3604, .adv_w = 302, .box_w = 17, .box_h = 16, .ofs_x = 1, .ofs_y = 0},
    {.bitmap_index = 3740, .adv_w = 260, .box_w = 14, .box_h = 16, .ofs_x = 1, .ofs_y = 0},
    {.bitmap_index = 3852, .adv_w = 284, .box_w = 18, .box_h = 16, .ofs_x = 0, .ofs_y = 0},
    {.bitmap_index = 3996, .adv_w = 221, .box_w = 13, .box_h = 16, .ofs_x = 1, .ofs_y = 0},
    {.bitmap_index = 4100, .adv_w = 288, .box_w = 18, .box_h = 17, .ofs_x = 0, .ofs_y = -1},
    {.bitmap_index = 4253, .adv_w = 230, .box_w = 14, .box_h = 16, .ofs_x = 1, .ofs_y = 0},
    {.bitmap_index = 4365, .adv_w = 205, .box_w = 13, .box_h = 16, .ofs_x = 0, .ofs_y = 0},
    {.bitmap_index = 4469, .adv_w = 225, .box_w = 14, .box_h = 16, .ofs_x = 0, .ofs_y = 0},
    {.bitmap_index = 4581, .adv_w = 247, .box_w = 14, .box_h = 16, .ofs_x = 1, .ofs_y = 0},
    {.bitmap_index = 4693, .adv_w = 251, .box_w = 16, .box_h = 16, .ofs_x = 0, .ofs_y = 0},
    {.bitmap_index = 4821, .adv_w = 353, .box_w = 22, .box_h = 16, .ofs_x = 0, .ofs_y = 0},
    {.bitmap_index = 4997, .adv_w = 252, .box_w = 16, .box_h = 16, .ofs_x = 0, .ofs_y = 0},
    {.bitmap_index = 5125, .adv_w = 242, .box_w = 15, .box_h = 16, .ofs_x = 0, .ofs_y = 0},
    {.bitmap_index = 5245, .adv_w = 214, .box_w = 13, .box_h = 16, .ofs_x = 0, .ofs_y = 0},
    {.bitmap_index = 5349, .adv_w = 123, .box_w = 6, .box_h = 18, .ofs_x = 1, .ofs_y = -2},
    {.bitmap_index = 5403, .adv_w = 135, .box_w = 9, .box_h = 18, .ofs_x = 0, .ofs_y = -1},
    {.bitmap_index = 5484, .adv_w = 123, .box_w = 7, .box_h = 18, .ofs_x = 0, .ofs_y = -2},
    {.bitmap_index = 5547, .adv_w = 164, .box_w = 10, .box_h = 6, .ofs_x = 0, .ofs_y = 10},
    {.bitmap_index = 5577, .adv_w = 178, .box_w = 12, .box_h = 3, .ofs_x = 0, .ofs_y = -4},
    {.bitmap_index = 5595, .adv_w = 114, .box_w = 7, .box_h = 6, .ofs_x = 0, .ofs_y = 11},
    {.bitmap_index = 5616, .adv_w = 209, .box_w = 12, .box_h = 11, .ofs_x = 0, .ofs_y = 0},
    {.bitmap_index = 5682, .adv_w = 209, .box_w = 12, .box_h = 16, .ofs_x = 1, .ofs_y = 0},
    {.bitmap_index = 5778, .adv_w = 175, .box_w = 11, .box_h = 11, .ofs_x = 0, .ofs_y = 0},
    {.bitmap_index = 5839, .adv_w = 209, .box_w = 12, .box_h = 16, .ofs_x = 0, .ofs_y = 0},
    {.bitmap_index = 5935, .adv_w = 193, .box_w = 12, .box_h = 11, .ofs_x = 0, .ofs_y = 0},
    {.bitmap_index = 6001, .adv_w = 153, .box_w = 11, .box_h = 16, .ofs_x = 0, .ofs_y = 0},
    {.bitmap_index = 6089, .adv_w = 206, .box_w = 12, .box_h = 16, .ofs_x = 0, .ofs_y = -5},
    {.bitmap_index = 6185, .adv_w = 201, .box_w = 11, .box_h = 16, .ofs_x = 1, .ofs_y = 0},
    {.bitmap_index = 6273, .adv_w = 92, .box_w = 4, .box_h = 16, .ofs_x = 1, .ofs_y = 0},
    {.bitmap_index = 6305, .adv_w = 96, .box_w = 8, .box_h = 21, .ofs_x = -3, .ofs_y = -5},
    {.bitmap_index = 6389, .adv_w = 192, .box_w = 11, .box_h = 16, .ofs_x = 1, .ofs_y = 0},
    {.bitmap_index = 6477, .adv_w = 92, .box_w = 4, .box_h = 16, .ofs_x = 1, .ofs_y = 0},
    {.bitmap_index = 6509, .adv_w = 307, .box_w = 18, .box_h = 11, .ofs_x = 1, .ofs_y = 0},
    {.bitmap_index = 6608, .adv_w = 201, .box_w = 11, .box_h = 11, .ofs_x = 1, .ofs_y = 0},
    {.bitmap_index = 6669, .adv_w = 203, .box_w = 13, .box_h = 11, .ofs_x = 0, .ofs_y = 0},
    {.bitmap_index = 6741, .adv_w = 209, .box_w = 12, .box_h = 16, .ofs_x = 1, .ofs_y = -5},
    {.bitmap_index = 6837, .adv_w = 209, .box_w = 12, .box_h = 16, .ofs_x = 0, .ofs_y = -5},
    {.bitmap_index = 6933, .adv_w = 156, .box_w = 9, .box_h = 11, .ofs_x = 1, .ofs_y = 0},
    {.bitmap_index = 6983, .adv_w = 161, .box_w = 10, .box_h = 11, .ofs_x = 0, .ofs_y = 0},
    {.bitmap_index = 7038, .adv_w = 140, .box_w = 9, .box_h = 16, .ofs_x = 0, .ofs_y = 0},
    {.bitmap_index = 7110, .adv_w = 190, .box_w = 11, .box_h = 11, .ofs_x = 0, .ofs_y = 0},
    {.bitmap_index = 7171, .adv_w = 189, .box_w = 12, .box_h = 11, .ofs_x = 0, .ofs_y = 0},
    {.bitmap_index = 7237, .adv_w = 276, .box_w = 18, .box_h = 11, .ofs_x = 0, .ofs_y = 0},
    {.bitmap_index = 7336, .adv_w = 189, .box_w = 12, .box_h = 11, .ofs_x = 0, .ofs_y = 0},
    {.bitmap_index = 7402, .adv_w = 188, .box_w = 12, .box_h = 16, .ofs_x = 0, .ofs_y = -5},
    {.bitmap_index = 7498, .adv_w = 169, .box_w = 10, .box_h = 11, .ofs_x = 0, .ofs_y = 0},
    {.bitmap_index = 7553, .adv_w = 120, .box_w = 7, .box_h = 18, .ofs_x = 0, .ofs_y = -2},
    {.bitmap_index = 7616, .adv_w = 106, .box_w = 4, .box_h = 21, .ofs_x = 1, .ofs_y = -3},
    {.bitmap_index = 7658, .adv_w = 120, .box_w = 8, .box_h = 18, .ofs_x = 0, .ofs_y = -2},
    {.bitmap_index = 7730, .adv_w = 198, .box_w = 12, .box_h = 4, .ofs_x = 0, .ofs_y = 6},
    {.bitmap_index = 7754, .adv_w = 302, .box_w = 19, .box_h = 22, .ofs_x = 0, .ofs_y = -4},
    {.bitmap_index = 7963, .adv_w = 377, .box_w = 24, .box_h = 22, .ofs_x = 0, .ofs_y = -4},
    {.bitmap_index = 8227, .adv_w = 352, .box_w = 22, .box_h = 18, .ofs_x = 0, .ofs_y = 0},
    {.bitmap_index = 8425, .adv_w = 352, .box_w = 20, .box_h = 15, .ofs_x = 1, .ofs_y = 0},
    {.bitmap_index = 8575, .adv_w = 277, .box_w = 15, .box_h = 16, .ofs_x = 1, .ofs_y = -1},
    {.bitmap_index = 8695, .adv_w = 302, .box_w = 19, .box_h = 21, .ofs_x = 0, .ofs_y = -2},
    {.bitmap_index = 8895, .adv_w = 302, .box_w = 19, .box_h = 20, .ofs_x = 0, .ofs_y = -2},
    {.bitmap_index = 9085, .adv_w = 327, .box_w = 20, .box_h = 16, .ofs_x = 0, .ofs_y = 0},
    {.bitmap_index = 9245, .adv_w = 327, .box_w = 21, .box_h = 19, .ofs_x = 0, .ofs_y = 0},
    {.bitmap_index = 9445, .adv_w = 302, .box_w = 19, .box_h = 16, .ofs_x = 0, .ofs_y = 0},
    {.bitmap_index = 9597, .adv_w = 302, .box_w = 19, .box_h = 20, .ofs_x = 0, .ofs_y = -2},
    {.bitmap_index = 9787, .adv_w = 151, .box_w = 10, .box_h = 16, .ofs_x = 0, .ofs_y = 0},
    {.bitmap_index = 9867, .adv_w = 226, .box_w = 15, .box_h = 16, .ofs_x = 0, .ofs_y = 0},
    {.bitmap_index = 9987, .adv_w = 327, .box_w = 21, .box_h = 18, .ofs_x = 0, .ofs_y = -1},
    {.bitmap_index = 10176, .adv_w = 377, .box_w = 24, .box_h = 20, .ofs_x = 0, .ofs_y = -2},
    {.bitmap_index = 10416, .adv_w = 201, .box_w = 13, .box_h = 20, .ofs_x = 0, .ofs_y = -2},
    {.bitmap_index = 10546, .adv_w = 277, .box_w = 18, .box_h = 20, .ofs_x = 0, .ofs_y = -2},
    {.bitmap_index = 10726, .adv_w = 302, .box_w = 19, .box_h = 20, .ofs_x = 0, .ofs_y = -2},
    {.bitmap_index = 10916, .adv_w = 302, .box_w = 19, .box_h = 20, .ofs_x = 0, .ofs_y = -2},
    {.bitmap_index = 11106, .adv_w = 201, .box_w = 14, .box_h = 20, .ofs_x = -1, .ofs_y = -2},
    {.bitmap_index = 11246, .adv_w = 302, .box_w = 20, .box_h = 16, .ofs_x = -1, .ofs_y = 0},
    {.bitmap_index = 11406, .adv_w = 251, .box_w = 14, .box_h = 21, .ofs_x = 1, .ofs_y = -2},
    {.bitmap_index = 11553, .adv_w = 251, .box_w = 13, .box_h = 21, .ofs_x = 1, .ofs_y = -2},
    {.bitmap_index = 11690, .adv_w = 277, .box_w = 18, .box_h = 18, .ofs_x = 0, .ofs_y = 0},
    {.bitmap_index = 11852, .adv_w = 277, .box_w = 18, .box_h = 5, .ofs_x = 0, .ofs_y = 6},
    {.bitmap_index = 11897, .adv_w = 352, .box_w = 23, .box_h = 15, .ofs_x = -1, .ofs_y = 0},
    {.bitmap_index = 12070, .adv_w = 352, .box_w = 23, .box_h = 18, .ofs_x = -1, .ofs_y = -2},
    {.bitmap_index = 12277, .adv_w = 352, .box_w = 24, .box_h = 21, .ofs_x = -1, .ofs_y = -2},
    {.bitmap_index = 12529, .adv_w = 352, .box_w = 22, .box_h = 21, .ofs_x = 0, .ofs_y = -2},
    {.bitmap_index = 12760, .adv_w = 352, .box_w = 20, .box_h = 13, .ofs_x = 1, .ofs_y = 0},
    {.bitmap_index = 12890, .adv_w = 352, .box_w = 20, .box_h = 14, .ofs_x = 1, .ofs_y = -1},
    {.bitmap_index = 13030, .adv_w = 377, .box_w = 24, .box_h = 15, .ofs_x = 0, .ofs_y = 0},
    {.bitmap_index = 13210, .adv_w = 327, .box_w = 21, .box_h = 18, .ofs_x = 0, .ofs_y = 0},
    {.bitmap_index = 13399, .adv_w = 327, .box_w = 21, .box_h = 21, .ofs_x = 0, .ofs_y = -2},
    {.bitmap_index = 13620, .adv_w = 277, .box_w = 18, .box_h = 18, .ofs_x = 0, .ofs_y = 0},
    {.bitmap_index = 13782, .adv_w = 352, .box_w = 23, .box_h = 18, .ofs_x = -1, .ofs_y = -2},
    {.bitmap_index = 13989, .adv_w = 352, .box_w = 22, .box_h = 23, .ofs_x = 0, .ofs_y = -4},
    {.bitmap_index = 14242, .adv_w = 302, .box_w = 19, .box_h = 20, .ofs_x = 0, .ofs_y = -2},
    {.bitmap_index = 14432, .adv_w = 176, .box_w = 13, .box_h = 22, .ofs_x = -1, .ofs_y = -4},
    {.bitmap_index = 14575, .adv_w = 352, .box_w = 22, .box_h = 23, .ofs_x = 0, .ofs_y = -4},
    {.bitmap_index = 14828, .adv_w = 352, .box_w = 22, .box_h = 23, .ofs_x = 0, .ofs_y = -4},
    {.bitmap_index = 15081, .adv_w = 377, .box_w = 24, .box_h = 15, .ofs_x = 0, .ofs_y = 0},
    {.bitmap_index = 15261, .adv_w = 277, .box_w = 19, .box_h = 18, .ofs_x = -1, .ofs_y = -2},
    {.bitmap_index = 15432, .adv_w = 251, .box_w = 16, .box_h = 19, .ofs_x = 0, .ofs_y = -1},
    {.bitmap_index = 15584, .adv_w = 402, .box_w = 25, .box_h = 18, .ofs_x = 0, .ofs_y = 0},
    {.bitmap_index = 15809, .adv_w = 453, .box_w = 29, .box_h = 16, .ofs_x = 0, .ofs_y = 0},
    {.bitmap_index = 16041, .adv_w = 453, .box_w = 29, .box_h = 16, .ofs_x = 0, .ofs_y = 0},
    {.bitmap_index = 16273, .adv_w = 453, .box_w = 29, .box_h = 16, .ofs_x = 0, .ofs_y = 0},
    {.bitmap_index = 16505, .adv_w = 453, .box_w = 29, .box_h = 16, .ofs_x = 0, .ofs_y = 0},
    {.bitmap_index = 16737, .adv_w = 453, .box_w = 29, .box_h = 16, .ofs_x = 0, .ofs_y = 0},
    {.bitmap_index = 16969, .adv_w = 453, .box_w = 29, .box_h = 18, .ofs_x = 0, .ofs_y = 0},
    {.bitmap_index = 17230, .adv_w = 302, .box_w = 17, .box_h = 23, .ofs_x = 1, .ofs_y = -4},
    {.bitmap_index = 17426, .adv_w = 352, .box_w = 0, .box_h = 0, .ofs_x = 0, .ofs_y = 0}
};

/*---------------------
 *  CHARACTER MAPPING
 *--------------------*/

static const uint16_t unicode_list_1[] = {
    0x0, 0x7, 0xa, 0xb, 0xc, 0x10, 0x12, 0x14,
    0x18, 0x1b, 0x20, 0x25, 0x26, 0x27, 0x3d, 0x47,
    0x4a, 0x4b, 0x4c, 0x50, 0x51, 0x52, 0x53, 0x66,
    0x67, 0x6d, 0x6f, 0x70, 0x73, 0x76, 0x77, 0x78,
    0x7a, 0x92, 0x94, 0xc3, 0xc4, 0xc6, 0xe6, 0xe9,
    0xf2, 0x11b, 0x123, 0x157, 0x1ea, 0x23f, 0x240, 0x241,
    0x242, 0x243, 0x286, 0x292, 0x2ec
};

/*Collect the unicode lists and glyph_id offsets*/
static const lv_font_fmt_txt_cmap_t cmaps[] =
{
    {
        .range_start = 32, .range_length = 95, .glyph_id_start = 1,
        .unicode_list = NULL, .glyph_id_ofs_list = NULL, .list_length = 0, .type = LV_FONT_FMT_TXT_CMAP_FORMAT0_TINY
    },
    {
        .range_start = 61441, .range_length = 749, .glyph_id_start = 96,
        .unicode_list = unicode_list_1, .glyph_id_ofs_list = NULL, .list_length = 53, .type = LV_FONT_FMT_TXT_CMAP_SPARSE_TINY
    }
};

/*-----------------
 *    KERNING
 *----------------*/


/*Map glyph_ids to kern left classes*/
static const uint8_t kern_left_class_mapping[] =
{
    0, 1, 0, 2, 0, 3, 0, 4,
    2, 5, 0, 0, 0, 6, 7, 6,
    8, 9, 0, 10, 11, 12, 13, 14,
    15, 16, 17, 0, 0, 0, 0, 0,
    0, 18, 19, 20, 21, 0, 22, 23,
    24, 25, 25, 26, 27, 28, 25, 25,
    29, 30, 31, 32, 33, 34, 26, 35,
    36, 37, 38, 39, 40, 0, 0, 0,
    0, 0, 0, 18, 41, 0, 42, 43,
    44, 45, 46, 47, 48, 0, 45, 45,
    18, 18, 49, 50, 51, 52, 53, 54,
    55, 56, 57, 58, 59, 25, 0, 0,
    0, 0, 0, 0, 0, 0, 0, 0,
    0, 0, 0, 0, 0, 0, 0, 0,
    0, 0, 0, 0, 0, 0, 0, 0,
    0, 0, 0, 0, 0, 0, 0, 0,
    0, 0, 0, 0, 0, 0, 0, 0,
    0, 0, 0, 0, 0, 0, 0, 0,
    0, 0, 0, 0, 0
};

/*Map glyph_ids to kern right classes*/
static const uint8_t kern_right_class_mapping[] =
{
    0, 1, 0, 2, 0, 0, 0, 3,
    2, 0, 4, 5, 0, 6, 7, 6,
    8, 9, 10, 11, 12, 13, 14, 15,
    16, 17, 18, 19, 19, 0, 0, 0,
    20, 21, 22, 23, 24, 23, 23, 23,
    24, 23, 23, 25, 23, 23, 23, 23,
    24, 23, 24, 23, 26, 27, 28, 29,
    30, 31, 32, 33, 0, 0, 34, 0,
    0, 0, 21, 35, 21, 21, 21, 36,
    21, 37, 38, 39, 37, 37, 40, 40,
    41, 40, 21, 40, 42, 36, 43, 44,
    45, 46, 47, 48, 0, 23, 49, 0,
    0, 0, 0, 0, 0, 0, 0, 0,
    0, 0, 0, 0, 0, 0, 0, 0,
    0, 0, 0, 0, 0, 0, 0, 0,
    0, 0, 0, 0, 0, 0, 0, 0,
    0, 0, 0, 0, 0, 0, 0, 0,
    0, 0, 0, 0, 0, 0, 0, 0,
    0, 0, 0, 0, 0
};

/*Kern values between classes*/
static const int8_t kern_class_values[] =
{
    0, 0, 0, 0, 0, 0, 0, 0,
    0, 0, 0, 0, 0, 0, 0, 0,
    0, 0, 0, 0, 0, -10, 0, 0,
    -10, 0, -6, 0, 0, 0, 0, -10,
    0, 0, 0, 0, 0, 0, 0, 0,
    0, 0, 0, 0, 0, 0, 0, 0,
    0, 0, 0, 0, 0, 0, 0, 0,
    0, -11, 0, 0, 0, -20, 0, -15,
    10, -6, 0, 0, 0, -19, -40, 0,
    -9, -37, -10, 11, 0, 0, 0, 0,
    0, 0, 0, 0, 5, 0, 0, 0,
    -5, -19, -13, -2, 0, 0, 0, 0,
    0, 0, 0, 0, 0, 0, 0, 0,
    0, 0, 0, 0, 0, 0, 0, 0,
    0, -6, 0, 0, 0, 0, 0, 0,
    0, 0, 0, 0, 0, 0, 0, 0,
    0, 0, 0, 0, 0, 0, 0, 0,
    0, 0, 0, 0, 0, 0, 0, 0,
    0, 0, 0, -13, 0, 0, 0, 0,
    0, 0, 0, 0, 0, 0, 0, 0,
    0, 0, 0, 0, 0, 0, 0, -8,
    -31, -13, -27, 0, -8, -33, -15, -30,
    -26, -24, -35, -18, 0, 0, -11, 0,
    0, 0, 0, -8, -8, -5, -19, -11,
    0, -19, 0, 0, 0, 0, 0, 0,
    0, 0, 0, 0, 0, 0, 0, 0,
    0, 0, 0, 0, 0, 0, 0, 0,
    0, 0, 0, -4, -6, 0, 0, 0,
    0, 0, 0, 0, 0, 0, 0, 0,
    0, 0, 34, 0, 0, 0, 0, -13,
    -10, 0, -13, 0, 0, 0, 0, 0,
    0, -24, 0, 0, 0, -7, -25, 0,
    0, -6, 0, -6, -18, 0, -15, 0,
    0, -4, 0, 0, -11, 0, 0, -20,
    0, -25, -17, 0, -37, 0, 0, 0,
    -10, 0, 0, 13, 0, -4, 0, 0,
    -16, -9, 0, -16, 0, 0, 0, 0,
    0, 0, 0, 0, 0, 0, 0, -15,
    -7, -15, 0, 0, 0, -23, 0, 0,
    0, 0, 7, -10, 0, 6, -16, -7,
    -23, 0, -21, -18, -17, -27, -5, 0,
    0, -4, 0, 0, 0, 0, 7, 0,
    0, -7, 0, -8, -7, -6, 0, 0,
    0, 0, 0, 0, 0, 0, 0, 0,
    0, 0, 0, 0, 0, 0, 0, 0,
    0, 0, 0, -14, -20, 7, -7, -27,
    0, 0, 0, 0, 0, 0, 0, 0,
    0, 0, -3, 0, 0, 0, -11, -14,
    -14, -8, -11, -11, 0, -11, -10, 0,
    0, -11, 0, 0, 0, -7, 0, 0,
    0, 0, 0, 0, 0, 0, 0, -9,
    0, 0, 0, 0, 0, 0, 0, 0,
    0, 0, 0, 0, 0, 0, 0, 0,
    0, 0, 0, 0, 0, 0, 0, 0,
    0, 0, 0, 0, 0, 0, 0, 0,
    0, 0, 0, 0, 0, 0, 0, -6,
    0, 0, 0, 0, 0, 0, 0, 0,
    -5, 0, 0, 0, 0, 0, 0, 0,
    0, 0, 0, 0, 0, 0, 0, 0,
    0, 0, 0, 0, 0, 0, 0, 0,
    0, 0, 0, 0, 0, 0, 0, 0,
    0, 0, 0, 0, 0, 0, 0, -8,
    0, 0, 0, 0, 0, 0, 0, 0,
    0, -5, 0, 0, 0, 0, 0, 0,
    0, 0, 0, 0, 0, 0, 0, 0,
    0, 0, 0, 0, 0, 0, 0, 0,
    0, 0, 0, 0, 0, 0, 0, 0,
    0, 0, 0, 0, -18, 0, 0, 0,
    -10, 0, 0, 0, -11, -4, 0, -3,
    -4, 0, -14, 0, -6, 0, 0, 0,
    0, 0, 0, 0, 0, 0, 0, 0,
    0, 0, 0, 0, 0, 0, 0, 0,
    0, 0, 0, 0, 0, 0, 0, 0,
    0, 0, 0, 0, 0, 0, 0, 0,
    0, -6, 0, 0, 0, 0, 0, 0,
    0, 0, 0, -8, 0, 0, 0, 0,
    0, 0, 0, 0, 0, 0, 0, 0,
    0, 0, 0, 0, 0, 0, 0, 0,
    0, 0, 0, 0, 0, 0, 0, 0,
    0, 0, 0, 0, 0, 0, -16, 0,
    0, 0, 0, 0, 0, 0, -5, 0,
    -4, 0, 0, 0, -8, 0, -5, 0,
    0, 0, 0, 0, 0, 0, 0, 0,
    0, 0, 0, 0, 0, 0, 0, 0,
    0, 0, 0, 0, 0, 0, 0, 0,
    0, 0, 0, 0, 0, 0, 0, 10,
    0, 0, 0, -21, -14, 0, -4, 0,
    -1, -5, -11, 0, -10, -4, -5, -4,
    0, 0, 0, 0, 0, 0, 0, 0,
    0, 0, 0, 0, 0, 0, 0, 0,
    0, 0, 0, 0, 0, 0, 0, 0,
    0, 0, 0, 0, 0, 0, 0, 0,
    -6, 0, 0, 0, 0, 0, 0, 0,
    -4, -1, -4, 0, 0, 0, -6, 0,
    -2, 0, 0, 0, 0, 0, 0, 0,
    0, 0, 0, 0, 0, 0, 0, 0,
    0, 0, 0, 0, 0, 0, 0, 0,
    0, 0, 0, 0, 0, 0, 0, 0,
    0, 0, 0, 0, 0, -20, 0, 0,
    0, -1, -1, -1, -5, 0, -7, -6,
    -2, 0, 0, 0, 0, 0, 0, 0,
    0, 0, 0, 0, 0, 0, 0, 0,
    0, 0, 0, 0, 0, 0, 0, 0,
    0, 0, 0, 0, 0, 0, 0, 0,
    0, 0, -19, 0, 0, 0, -4, 7,
    0, 0, 0, 0, 0, 0, 0, 0,
    0, 0, 0, 0, 0, 0, 0, 0,
    0, 0, 0, 0, 0, 0, 0, 0,
    0, 0, 0, 0, -4, 0, 0, 0,
    0, 0, 0, 0, -5, -4, -5, -5,
    -6, 0, -10, -40, 0, 0, -44, 0,
    -10, 0, 0, 0, 0, 0, 0, 0,
    0, 0, 0, 0, -5, -17, -9, -13,
    -3, -16, -6, -7, -31, -6, -32, -27,
    -13, -34, -6, 0, 0, -13, 0, 0,
    -3, 0, -9, 0, -6, -23, -19, -14,
    -18, 0, 0, 0, 0, 0, 0, 0,
    0, 0, 0, 0, 0, 0, 0, 0,
    0, 0, 0, 0, 0, 0, 0, 0,
    0, 0, 0, -13, -5, -6, 0, -4,
    -2, -7, -10, 0, 0, 0, 0, 0,
    0, 0, 0, 0, 0, 0, 0, 0,
    0, 0, 0, 0, 0, 0, 0, 0,
    0, 0, -5, 0, 0, 0, 0, 0,
    0, 0, 0, 0, 0, 0, 0, 0,
    -4, -6, 0, -10, -17, -4, -4, 0,
    0, 0, 0, -10, 0, 0, 0, -7,
    0, 0, 0, 0, -4, 0, 0, -11,
    -11, -6, -11, 0, 12, 0, 0, 0,
    9, 0, 0, -9, 0, 0, 0, 0,
    0, 0, 0, 0, 0, 0, 0, 0,
    0, -1, 0, 0, -5, -11, -6, -7,
    0, -5, 0, 0, -5, 0, 9, 0,
    0, 0, 0, 0, 0, -1, 0, 0,
    0, 0, 0, 0, 0, 9, -4, 0,
    -4, 10, 0, -17, -6, -15, 0, 0,
    0, 0, 0, 0, 0, 0, 0, 0,
    0, 0, -5, -20, 0, -3, -47, -5,
    -8, 0, 0, 0, -8, 0, -3, 9,
    0, 0, 0, 0, 0, 0, -5, -6,
    0, -4, -2, -8, -4, -6, 9, 0,
    -11, 0, 0, 0, -15, 0, 0, 0,
    0, 0, 0, 0, 0, 0, 0, 0,
    0, 0, 0, 0, -11, 0, 4, -11,
    -5, -8, 0, -8, -5, -8, -13, 0,
    0, 0, 0, 0, 0, 0, 0, 0,
    0, 0, 0, 0, 0, 0, 0, 5,
    0, 0, 0, 0, 0, 0, 0, 7,
    0, 0, 0, 0, 0, 0, 0, 0,
    0, 0, 0, 0, 0, 0, 0, 0,
    0, -5, 0, 0, 0, 0, 0, 0,
    0, 0, 0, 0, 0, 0, 0, 0,
    0, 0, 0, 0, 0, -4, 0, 0,
    0, 0, 0, 0, 0, 0, 0, 0,
    -5, 0, 0, 0, 0, 0, 0, 0,
    0, 0, 0, 0, 0, 0, -10, 0,
    0, -15, -3, -1, 0, 0, 0, -6,
    -4, 0, 0, 0, 0, 0, 0, 0,
    0, 0, 0, 0, 0, 0, 0, 0,
    0, 0, -10, 0, 0, 0, -13, 0,
    -22, 0, 0, 0, 0, 0, 0, 0,
    0, 0, 0, 0, -4, 0, -15, -13,
    -6, -21, -8, -15, -23, -11, -20, -13,
    -23, -19, -13, 0, 0, -15, 0, 0,
    0, 0, -15, -12, -17, -29, -18, -13,
    -29, 0, 0, -3, -26, 0, 0, -30,
    0, -8, 0, 0, 0, 0, 0, 0,
    0, 0, 0, 0, 0, 0, -7, -3,
    -7, 0, -14, -1, -11, -26, -8, -25,
    -20, 0, -32, 0, 0, 0, -8, 0,
    0, 0, 0, -3, 0, 0, -7, -6,
    -4, -7, 0, 0, 0, -9, 0, -4,
    0, -11, 6, -7, 0, 0, 0, 0,
    0, 0, 0, 0, 0, 0, 0, 0,
    0, -16, 0, 4, -18, -6, -13, 0,
    -10, -9, -12, -19, -5, -4, 0, 0,
    0, 0, 8, 0, 0, 0, 0, 0,
    0, -3, 0, 0, 0, -6, 0, 0,
    0, 0, -29, -13, -15, 0, 0, 0,
    0, 0, 0, 0, 0, 0, 0, 0,
    0, -7, -19, -2, 0, -39, 0, -4,
    0, -3, 0, -10, -8, -8, 0, 0,
    0, 0, 0, 0, 0, -7, -4, 0,
    0, 0, 0, 0, 0, 0, 0, 0,
    0, 0, 0, -8, 0, 7, 0, 0,
    0, 0, 0, 0, 0, 0, 0, 0,
    0, 0, 0, 0, 2, 0, 0, 0,
    -13, 0, 0, -9, -2, -19, 0, 0,
    0, 0, 0, 0, 0, 0, 0, 0,
    0, 0, 0, 0, 0, 0, 8, 0,
    -6, 0, 0, 0, 0, -19, 0, 0,
    0, 0, 0, 0, 0, 0, 0, 0,
    0, 0, 0, -9, -13, -5, -6, -6,
    -11, -13, -6, -12, -8, -11, -17, -7,
    0, 0, -6, 0, 0, 0, 0, -9,
    -10, -4, -6, -5, -11, -6, -6, 0,
    0, 0, 0, 0, 0, 0, 4, 0,
    0, 0, 0, 0, 0, 0, 0, 0,
    0, 0, 0, 0, -1, -7, 0, 2,
    -12, -6, -9, 4, -5, -3, -4, -12,
    0, 0, 0, 0, 0, 0, 0, 0,
    -1, 0, 0, -4, -3, -5, -4, 0,
    0, -6, 11, -10, 0, 0, -20, -23,
    -17, 0, 0, 0, 0, 0, 0, 0,
    0, 0, 0, -27, 5, -41, -31, 0,
    -13, -47, -13, -9, -1, -9, -8, -14,
    -12, -11, 0, 0, -15, 0, 0, 0,
    -34, -41, -39, -34, -37, -33, -42, -37,
    -34, 0, 0, 0, -10, 0, 0, -25,
    -21, -11, 0, 0, 0, 0, 0, 0,
    0, 0, 0, 0, -19, 4, -32, -32,
    0, -10, -42, -14, -9, 0, -12, -10,
    -13, -11, -8, 0, 0, -16, 0, 0,
    0, -23, -37, -34, -23, -23, -19, -37,
    -23, -26, 0, 0, 0, -10, 0, 0,
    -17, -18, -11, 0, 0, 0, 0, 0,
    0, 0, 0, 0, 0, -8, 4, -22,
    -27, 0, -9, -36, -10, -8, 0, -10,
    -10, -10, -13, -6, 0, 0, -13, 0,
    0, 0, -23, -22, -27, -18, -18, -14,
    -22, -18, -20, 0, 0, 0, -3, 0,
    0, 0, -17, 0, 0, 0, 0, 0,
    0, 0, 0, 0, 0, 0, 0, 0,
    -13, -13, -5, -12, -13, -12, -14, -6,
    -13, -10, -16, -15, -6, 0, -6, -19,
    -6, 0, 0, -8, -13, -8, -11, -20,
    -18, -13, -20, -8, 0, -10, 0, -17,
    0, 0, -37, -27, -24, 0, 0, 0,
    0, 0, 0, 0, 0, 0, 0, -30,
    -1, -50, -34, -8, -19, -49, -23, -12,
    -4, -11, -13, -15, -15, -8, 0, -6,
    -18, -6, -13, -15, -33, -50, -46, -33,
    -32, -28, -39, -32, -31, 0, 0, 0,
    0, 0, 0, 0, -5, 0, 0, 0,
    0, 0, 0, 0, 0, 0, 0, 0,
    0, 5, -8, -10, 0, -8, -8, 0,
    -8, 0, -8, -4, -6, -8, -10, 0,
    0, -7, 0, 0, 0, 0, -8, 0,
    0, -10, -8, 0, -10, 0, 0, 0,
    0, 0, 0, 0, 0, 0, 0, 0,
    0, 0, 0, 0, 0, 0, 0, 0,
    0, 0, 0, 0, 0, 0, -4, 0,
    0, 0, 0, 0, 0, 0, 0, 0,
    0, 0, 0, 0, 0, 29, 0, 0,
    0, 0, 0, 0, 0, 0, 0, 0,
    0, 0, 0, 0, 0, 0, -7, 0,
    0, 0, 0, 0, 0, 0, 0, 0,
    0, 0, 0, 0, -4, 0, 0, 0,
    0, 0, 0, 0, 0, 0, 0, 0,
    0, 0, 0, -3, 0, 0, 0, 0,
    -4, 0, 0, 0, 0, -2, 0, 0,
    0, 0, 0, 0, 0, 0, 0, 7,
    0, 0, 0, 0, 0, 0, 0, 0,
    0, 0, 0, 0, 0, 0, 0, 0,
    0, 0, 0, 0, 0, 0, 0, 0,
    0, 0, 0, 0, -4, 0, 0, 0,
    0, 0, 0, 0, -3, -2, -5, -3,
    0, 0, 0, 26, 0, 20, 6, -17,
    -13, -5, 0, 0, 0, 0, 0, 0,
    0, 0, 0, 0, 0, 18, -7, 0,
    0, 0, 0, 0, 0, 0, 0, 0,
    0, 0, 0, 20, 8, -10, 8, 0,
    0, -6, -7, -6, 0, -4, -4, -8,
    -4, -6, 19, 0, 0, 0, 0, 0,
    0, 0, 0, 0, 0, 0, 0, 0,
    0, 0, 0, 0, 0, 0, 0, 0,
    0, 0, 0, 0, 0, 0, 0, 0,
    0, 0, 0, 0, 0, 0, 0, 0,
    0, 18, 0, 0, 0, 0, 0, 0,
    0, 0, 0, 0, 0, -10, 0, 0,
    0, 0, 0, 0, 0, 0, 0, 0,
    0, 0, 0, 0, 0, 0, 0, 0,
    0, 0, 0, 0, 0, 0, 0, 0,
    0, 0, 0, 0, 0, 0, 0, -2,
    0, 0, 0, 0, 0, 0, 0, 0,
    0, 0, 0, 0, 0, 0, 0, 0,
    0, 0, 0, 0, 0, 0, 0, 0,
    0, 0, 0, 0, 0, 0, 0, 0,
    0, 0, 0, 0, 0, 0, 0, 0,
    0, 0, 0, 0, 0, 0, 0, 0,
    0, 0, 0, 0, 0, 0, 0, 0,
    0, -3, 0, 0, 0, 0, 0, 0,
    0, 0, 0, 0, 0, 0, 0, 0,
    0, 0, 0, 0, 0, 0, 0, 0,
    0, 0, 0, 0, 0, 0, 0, 0,
    0, 0, 0, 0, 0, 0, 0, 0,
    0, 0, 0, 0, 22, 0, 0, 0,
    0, 0, 0, 0, 0, 0, 0, 0,
    0, 0, 0, 0, -6, -16, 0, 0,
    0, 0, 0, 0, 0, 0, 0, 0,
    0, 0, -8, -7, 0, 0, 0, 0,
    0, 0, 0, 0, 0, 0, 0, 0,
    0, 0, -10, 0, -6, -6, -6, -7,
    -10, -6, -8, -7, -10, -8, -10, 0,
    0, -5, 0, 0, 0, 0, 0, 0,
    0, 0, 0, 0, 0, 0, 0, 0,
    0, 0, 0, 0, 0, 0, 0, 0,
    0, 0, 0, 0, 0, 0, 0, 0,
    0, 0, 0, 0, 0, 0, 29, 0,
    0, 0, 0, 0, 0, 0, 0, 0,
    0, 0, 0, -5, 0, 0, -27, -14,
    -20, 0, 0, 0, 0, 0, 0, 0,
    0, 0, 0, 0, 0, -11, 0, 0,
    0, 0, 0, 0, 0, 0, 0, 0,
    0, 0, 0, -10, -4, -6, -6, -7,
    -7, -11, -10, -6, -7, -7, -8, -7,
    -10, 0, 0, -8, 0, 0, 0, 0,
    0, 0, 0, 0, 0, 0, 0, 0,
    0, 0, 0, 0, 0, 0, 0, 0,
    0, 0, 0, 0, 0, 0, 0, 0,
    0, 0, 0, 0, 0, 0, 0, 0,
    0, 0, 0, 0, 0, 0, 0, 0,
    0, 0, 0, 0, 0, 0, 0, 0,
    -12, -4, 0, 0, 0, 0, 0, 0,
    0, 0, 0, 0, 0, 0, 0, -4,
    0, 0, 0, 0, 0, 0, 0, 0,
    0, 0, 0, 0, 0, 0, -4, 0,
    0, 0, 0, -4, -4, 0, 0, 0,
    -2, 0, -5, 0, 0, -2, 0, 0,
    0, 0, 0, 0, 0, 0, 0, 0,
    0, 0, 0, 0, 0, 0, 0, 0,
    0, 0, 0, 0, 0, 0, 0, 0,
    0, 0, 0, 0, 0, 0, 0, 0,
    0, 0, 0, 0, 0, 0, 0, 0,
    0, 0, 0, 0, 0, 0, 0, 0,
    -13, 0, -16, -7, 0, 0, 0, 0,
    0, 0, 0, 0, 0, 0, 0, 0,
    0, -5, 0, 0, 0, 0, 0, 0,
    0, 0, 0, 0, 0, 0, 0, 0,
    0, 0, 0, 0, 0, -5, -5, 0,
    -6, -6, -7, -6, -3, 0, 0, 0,
    0, -10, 0, -9, 0, 0, 0, 0,
    0, 0, 0, 0, 0, 0, 0, 0,
    0, 0, -4, 0, 0, 0, 0, 0,
    0, 0, 0, 0, 0, 0, 0, 0,
    0, 0, 0, -3, 0, 0, -4, -4,
    0, -6, -8, -5, -6, -3, 0, 0,
    0, 0, 0, 0, 0, -8, 0, 0,
    0, 0, 0, 0, 0, 0, 0, 0,
    0, 0, 0, -5, 0, 0, 0, 0,
    0, 0, 0, 0, 0, 0, 0, 0,
    0, 0, -4, 0, 0, 0, 0, -5,
    -6, 0, -7, -5, -9, -7, 0, 0,
    0, 0, 0, -13, 0, -24, -9, 0,
    0, 0, 0, 0, 0, 0, 0, 0,
    0, 0, -5, 0, -6, 0, 0, 0,
    0, 0, 0, 0, 0, 0, 0, 0,
    0, -4, -4, -3, -4, -5, -5, -4,
    -6, -6, 0, -6, -10, -10, -6, -8,
    -6, 0, 0, 0, 0, 0, 0, -6,
    8, 0, 0, 0, 0, 0, 0, 0,
    0, 0, 0, 0, 0, -4, 0, 0,
    0, 0, 0, 0, 0, 0, 0, 0,
    0, 0, 0, 0, -4, 0, 0, 0,
    0, -5, 0, 0, 0, 0, 0, 0,
    0, 0, 0, 0, 0, 0, 0, 0,
    0, 0, 0, 0, 0, 0, 0, 0,
    0, 0, 0, 0, 0, 0, 0, 0,
    0, 0, 0, 0, 0, 0, 0, 0,
    0, 0, 0, 0, 0, 0, 0, 0,
    34, 0, 0, 0, 0, 0, 0, 0,
    0, 0, 0
};


/*Collect the kern class' data in one place*/
static const lv_font_fmt_txt_kern_classes_t kern_classes =
{
    .class_pair_values   = kern_class_values,
    .left_class_mapping  = kern_left_class_mapping,
    .right_class_mapping = kern_right_class_mapping,
    .left_class_cnt      = 59,
    .right_class_cnt     = 49,
};

/*--------------------
 *  ALL CUSTOM DATA
 *--------------------*/

#if LVGL_VERSION_MAJOR == 8
/*Store all the custom data of the font*/
static  lv_font_fmt_txt_glyph_cache_t cache;
#endif

#if LVGL_VERSION_MAJOR >= 8
static const lv_font_fmt_txt_dsc_t font_dsc = {
#else
static lv_font_fmt_txt_dsc_t font_dsc = {
#endif
    .glyph_bitmap = glyph_bitmap,
    .glyph_dsc = glyph_dsc,
    .cmaps = cmaps,
    .kern_dsc = &kern_classes,
    .kern_scale = 16,
    .cmap_num = 2,
    .bpp = 4,
    .kern_classes = 1,
    .bitmap_format = 0,
#if LVGL_VERSION_MAJOR == 8
    .cache = &cache
#endif
};



/*-----------------
 *  PUBLIC FONT
 *----------------*/

/*Initialize a public general font descriptor*/
#if LVGL_VERSION_MAJOR >= 8
const lv_font_t outfit_bold_22 = {
#else
lv_font_t outfit_bold_22 = {
#endif
    .get_glyph_dsc = lv_font_get_glyph_dsc_fmt_txt,    /*Function pointer to get glyph's data*/
    .get_glyph_bitmap = lv_font_get_bitmap_fmt_txt,    /*Function pointer to get glyph's bitmap*/
    .line_height = 24,          /*The maximum line height required by the font*/
    .base_line = 5,             /*Baseline measured from the bottom of the line*/
#if !(LVGL_VERSION_MAJOR == 6 && LVGL_VERSION_MINOR == 0)
    .subpx = LV_FONT_SUBPX_NONE,
#endif
#if LV_VERSION_CHECK(7, 4, 0) || LVGL_VERSION_MAJOR >= 8
    .underline_position = -2,
    .underline_thickness = 1,
#endif
    .dsc = &font_dsc,          /*The custom font data. Will be accessed by `get_glyph_bitmap/dsc` */
#if LV_VERSION_CHECK(8, 2, 0) || LVGL_VERSION_MAJOR >= 9
    .fallback = NULL,
#endif
    .user_data = NULL,
};



#endif /*#if OUTFIT_BOLD_22*/

