/*******************************************************************************
 * Size: 18 px
 * Bpp: 4
 * Opts: --bpp 4 --size 18 --font tools/fonts/outfit-bold.ttf -r 0x20-0x7F --font tools/fonts/symbols.woff -r 0xF001,0xF008,0xF00B,0xF00C,0xF00D,0xF011,0xF013,0xF015,0xF019,0xF01C,0xF021,0xF026,0xF027,0xF028,0xF03E,0xF048,0xF04B,0xF04C,0xF04D,0xF051,0xF052,0xF053,0xF054,0xF067,0xF068,0xF06E,0xF070,0xF071,0xF074,0xF077,0xF078,0xF079,0xF07B,0xF093,0xF095,0xF0C4,0xF0C5,0xF0C7,0xF0E7,0xF0EA,0xF0F3,0xF11C,0xF124,0xF158,0xF1EB,0xF240,0xF241,0xF242,0xF243,0xF244,0xF287,0xF293,0xF2ED --format lvgl --no-compress -o src/fonts/outfit_bold_18.c
 ******************************************************************************/

#ifdef LV_LVGL_H_INCLUDE_SIMPLE
#include "lvgl.h"
#else
#include "lvgl.h"
#endif

#ifndef OUTFIT_BOLD_18
#define OUTFIT_BOLD_18 1
#endif

#if OUTFIT_BOLD_18

/*-----------------
 *    BITMAPS
 *----------------*/

/*Store the image of the glyphs*/
static LV_ATTRIBUTE_LARGE_CONST const uint8_t glyph_bitmap[] = {
    /* U+0020 " " */

    /* U+0021 "!" */
    0xe, 0xff, 0x0, 0xdf, 0xf0, 0xc, 0xfe, 0x0,
    0xcf, 0xd0, 0xb, 0xfc, 0x0, 0xaf, 0xb0, 0x9,
    0xfa, 0x0, 0x8f, 0xa0, 0x3, 0x74, 0x0, 0x15,
    0x10, 0xd, 0xfe, 0x1, 0xff, 0xf2, 0x8, 0xfa,
    0x0,

    /* U+0022 "\"" */
    0xf, 0xf9, 0x5f, 0xf3, 0xe, 0xf7, 0x4f, 0xf2,
    0xd, 0xf6, 0x2f, 0xf0, 0xb, 0xf4, 0x1f, 0xf0,
    0xa, 0xf2, 0xf, 0xd0, 0x3, 0x60, 0x5, 0x40,

    /* U+0023 "#" */
    0x0, 0x4, 0xff, 0x3, 0xff, 0x0, 0x0, 0x6,
    0xfc, 0x6, 0xfd, 0x0, 0x0, 0x9, 0xfa, 0x8,
    0xfb, 0x0, 0x0, 0xc, 0xf7, 0xb, 0xf8, 0x0,
    0xc, 0xff, 0xff, 0xff, 0xff, 0xf4, 0xb, 0xff,
    0xff, 0xff, 0xff, 0xf4, 0x0, 0x3f, 0xf0, 0x3f,
    0xf0, 0x0, 0x5f, 0xff, 0xff, 0xff, 0xff, 0xa0,
    0x6f, 0xff, 0xff, 0xff, 0xff, 0xb0, 0x0, 0xbf,
    0x80, 0xaf, 0x80, 0x0, 0x0, 0xef, 0x50, 0xdf,
    0x60, 0x0, 0x0, 0xff, 0x20, 0xff, 0x30, 0x0,
    0x3, 0xff, 0x2, 0xff, 0x10, 0x0,

    /* U+0024 "$" */
    0x0, 0x0, 0x6f, 0x90, 0x0, 0x0, 0x0, 0x6,
    0xf9, 0x0, 0x0, 0x0, 0x18, 0xef, 0xfb, 0x50,
    0x0, 0xd, 0xff, 0xff, 0xff, 0x80, 0x6, 0xff,
    0xef, 0xde, 0xe3, 0x0, 0x9f, 0xf8, 0xf9, 0x13,
    0x0, 0x8, 0xff, 0xef, 0x90, 0x0, 0x0, 0x2f,
    0xff, 0xfe, 0x60, 0x0, 0x0, 0x4e, 0xff, 0xff,
    0xd1, 0x0, 0x0, 0x9, 0xff, 0xff, 0xa0, 0x0,
    0x0, 0x6f, 0xcf, 0xff, 0x0, 0x19, 0x6, 0xf9,
    0xcf, 0xf0, 0x1d, 0xfe, 0xbf, 0xef, 0xfc, 0x0,
    0xbf, 0xff, 0xff, 0xff, 0x30, 0x0, 0x6c, 0xff,
    0xfa, 0x20, 0x0, 0x0, 0x6, 0xf9, 0x0, 0x0,
    0x0, 0x0, 0x38, 0x40, 0x0, 0x0,

    /* U+0025 "%" */
    0x5, 0xef, 0xb1, 0x0, 0x9f, 0xe0, 0x2f, 0xfc,
    0xfb, 0x2, 0xff, 0x50, 0x6f, 0x90, 0xfe, 0xc,
    0xfc, 0x0, 0x2f, 0xfe, 0xfb, 0x5f, 0xf3, 0x0,
    0x5, 0xef, 0xb2, 0xef, 0x90, 0x0, 0x0, 0x0,
    0x8, 0xfe, 0x10, 0x0, 0x0, 0x0, 0x2f, 0xf6,
    0x0, 0x0, 0x0, 0x0, 0xaf, 0xd0, 0x0, 0x0,
    0x0, 0x4, 0xff, 0x48, 0xef, 0x90, 0x0, 0xd,
    0xfa, 0x5f, 0xff, 0xf7, 0x0, 0x7f, 0xf2, 0x9f,
    0x64, 0xfb, 0x1, 0xff, 0x80, 0x5f, 0xed, 0xf7,
    0x9, 0xfe, 0x0, 0x7, 0xef, 0x90,

    /* U+0026 "&" */
    0x0, 0x4, 0xcf, 0xfb, 0x20, 0x0, 0x0, 0x4,
    0xff, 0xff, 0xff, 0x20, 0x0, 0x0, 0xcf, 0xfa,
    0xbf, 0xa0, 0x0, 0x0, 0xf, 0xfb, 0x0, 0x40,
    0x0, 0x0, 0x0, 0xdf, 0xe0, 0x0, 0x0, 0x0,
    0x0, 0x7, 0xff, 0xb0, 0x0, 0x0, 0x0, 0x3,
    0xef, 0xff, 0x90, 0x0, 0x0, 0x0, 0xdf, 0xfd,
    0xff, 0x80, 0x0, 0x0, 0x3f, 0xf6, 0x1d, 0xff,
    0x60, 0x0, 0x4, 0xff, 0x60, 0x1e, 0xff, 0x40,
    0x0, 0x1f, 0xfe, 0x66, 0xdf, 0xff, 0x30, 0x0,
    0x7f, 0xff, 0xff, 0xff, 0xfe, 0x20, 0x0, 0x5c,
    0xff, 0xc6, 0x5f, 0xfd, 0x10,

    /* U+0027 "'" */
    0xf, 0xf8, 0xf, 0xf7, 0xd, 0xf5, 0xc, 0xf4,
    0xa, 0xf2, 0x3, 0x60,

    /* U+0028 "(" */
    0x0, 0x5, 0x10, 0x0, 0x4f, 0xd1, 0x0, 0xef,
    0xb0, 0x7, 0xff, 0x10, 0xd, 0xf9, 0x0, 0x1f,
    0xf4, 0x0, 0x4f, 0xf1, 0x0, 0x6f, 0xf0, 0x0,
    0x6f, 0xf0, 0x0, 0x5f, 0xf0, 0x0, 0x3f, 0xf2,
    0x0, 0xf, 0xf5, 0x0, 0xb, 0xfb, 0x0, 0x4,
    0xff, 0x40, 0x0, 0xbf, 0xe1, 0x0, 0x1e, 0x90,
    0x0, 0x1, 0x0,

    /* U+0029 ")" */
    0x5, 0x10, 0x6, 0xfd, 0x0, 0x2f, 0xf8, 0x0,
    0x7f, 0xf1, 0x0, 0xff, 0x60, 0xb, 0xfb, 0x0,
    0x8f, 0xd0, 0x6, 0xff, 0x0, 0x5f, 0xf0, 0x6,
    0xff, 0x0, 0x8f, 0xc0, 0xc, 0xf9, 0x2, 0xff,
    0x40, 0xaf, 0xd0, 0x6f, 0xf5, 0x2, 0xe8, 0x0,
    0x1, 0x0, 0x0,

    /* U+002A "*" */
    0x0, 0x0, 0x1, 0x0, 0x0, 0x9, 0x4, 0xf7,
    0x0, 0xa, 0xf9, 0x9f, 0x60, 0x0, 0x2c, 0xff,
    0xb0, 0x0, 0x2, 0x8f, 0xff, 0xff, 0x13, 0xff,
    0xdf, 0xac, 0xe0, 0xb, 0x73, 0xf8, 0x1, 0x0,
    0x0, 0x3f, 0xd0, 0x0, 0x0, 0x1, 0x41, 0x0,
    0x0,

    /* U+002B "+" */
    0x0, 0x0, 0x88, 0x20, 0x0, 0x0, 0x1, 0xff,
    0x40, 0x0, 0x0, 0x1, 0xff, 0x40, 0x0, 0x4,
    0x45, 0xff, 0x74, 0x41, 0x2f, 0xff, 0xff, 0xff,
    0xf4, 0x2f, 0xff, 0xff, 0xff, 0xf4, 0x0, 0x1,
    0xff, 0x40, 0x0, 0x0, 0x1, 0xff, 0x40, 0x0,
    0x0, 0x1, 0xff, 0x40, 0x0,

    /* U+002C "," */
    0x0, 0x30, 0x0, 0xaf, 0xe1, 0xf, 0xff, 0x40,
    0x9f, 0xf1, 0x3, 0xf9, 0x0, 0xbf, 0x10, 0x5,
    0x60, 0x0,

    /* U+002D "-" */
    0x6, 0x66, 0x66, 0x62, 0xf, 0xff, 0xff, 0xf5,
    0xf, 0xff, 0xff, 0xf5,

    /* U+002E "." */
    0x4, 0x20, 0xbf, 0xf2, 0xef, 0xf5, 0x6f, 0xc0,

    /* U+002F "/" */
    0x0, 0x0, 0x48, 0x60, 0x0, 0xd, 0xf8, 0x0,
    0x2, 0xff, 0x40, 0x0, 0x7f, 0xe0, 0x0, 0xc,
    0xfa, 0x0, 0x1, 0xff, 0x50, 0x0, 0x5f, 0xf1,
    0x0, 0xa, 0xfb, 0x0, 0x0, 0xff, 0x60, 0x0,
    0x4f, 0xf2, 0x0, 0x9, 0xfd, 0x0, 0x0, 0xef,
    0x80, 0x0, 0x3f, 0xf3, 0x0, 0x7, 0xfe, 0x0,
    0x0, 0xcf, 0x90, 0x0, 0x0,

    /* U+0030 "0" */
    0x0, 0x5, 0xcf, 0xfc, 0x50, 0x0, 0x0, 0x9f,
    0xff, 0xff, 0xf9, 0x0, 0x6, 0xff, 0xf9, 0x9f,
    0xff, 0x50, 0xe, 0xff, 0x20, 0x3, 0xff, 0xd0,
    0x3f, 0xfa, 0x0, 0x0, 0xbf, 0xf2, 0x5f, 0xf7,
    0x0, 0x0, 0x8f, 0xf5, 0x6f, 0xf6, 0x0, 0x0,
    0x7f, 0xf6, 0x5f, 0xf7, 0x0, 0x0, 0x8f, 0xf5,
    0x2f, 0xfb, 0x0, 0x0, 0xbf, 0xf2, 0xd, 0xff,
    0x30, 0x3, 0xff, 0xd0, 0x5, 0xff, 0xf9, 0x9f,
    0xff, 0x50, 0x0, 0x8f, 0xff, 0xff, 0xf8, 0x0,
    0x0, 0x5, 0xcf, 0xfc, 0x50, 0x0,

    /* U+0031 "1" */
    0xaf, 0xff, 0xf9, 0xaf, 0xff, 0xf9, 0x46, 0x8f,
    0xf9, 0x0, 0x3f, 0xf9, 0x0, 0x3f, 0xf9, 0x0,
    0x3f, 0xf9, 0x0, 0x3f, 0xf9, 0x0, 0x3f, 0xf9,
    0x0, 0x3f, 0xf9, 0x0, 0x3f, 0xf9, 0x0, 0x3f,
    0xf9, 0x0, 0x3f, 0xf9, 0x0, 0x3f, 0xf9,

    /* U+0032 "2" */
    0x0, 0x6c, 0xff, 0xc6, 0x0, 0xb, 0xff, 0xff,
    0xff, 0x80, 0x5f, 0xfd, 0x8a, 0xff, 0xf1, 0x8,
    0xc0, 0x0, 0x9f, 0xf4, 0x0, 0x0, 0x0, 0x8f,
    0xf4, 0x0, 0x0, 0x1, 0xef, 0xf1, 0x0, 0x0,
    0xc, 0xff, 0x90, 0x0, 0x0, 0xcf, 0xfc, 0x0,
    0x0, 0xb, 0xff, 0xc1, 0x0, 0x0, 0xbf, 0xfc,
    0x0, 0x0, 0xa, 0xff, 0xf7, 0x66, 0x63, 0x7f,
    0xff, 0xff, 0xff, 0xf9, 0x9f, 0xff, 0xff, 0xff,
    0xf9,

    /* U+0033 "3" */
    0xe, 0xff, 0xff, 0xff, 0xf4, 0xe, 0xff, 0xff,
    0xff, 0xf3, 0x6, 0x66, 0x6e, 0xff, 0x70, 0x0,
    0x0, 0x8f, 0xf9, 0x0, 0x0, 0x5, 0xff, 0xb0,
    0x0, 0x0, 0xf, 0xff, 0xfc, 0x20, 0x0, 0xc,
    0xae, 0xff, 0xe0, 0x0, 0x0, 0x0, 0xaf, 0xf5,
    0x0, 0x0, 0x0, 0x5f, 0xf7, 0x2, 0x30, 0x0,
    0x8f, 0xf6, 0x2e, 0xfa, 0x8b, 0xff, 0xf1, 0x6f,
    0xff, 0xff, 0xff, 0x60, 0x3, 0xae, 0xfe, 0xb4,
    0x0,

    /* U+0034 "4" */
    0x0, 0x0, 0xbf, 0xf6, 0x0, 0x0, 0x0, 0x3f,
    0xfd, 0x0, 0x0, 0x0, 0xb, 0xff, 0x50, 0x0,
    0x0, 0x3, 0xff, 0xd0, 0x0, 0x0, 0x0, 0xbf,
    0xf5, 0x1, 0x10, 0x0, 0x3f, 0xfd, 0xa, 0xff,
    0x20, 0xa, 0xff, 0x50, 0xaf, 0xf2, 0x2, 0xff,
    0xf6, 0x6c, 0xff, 0x83, 0x9f, 0xff, 0xff, 0xff,
    0xff, 0x9a, 0xff, 0xff, 0xff, 0xff, 0xf9, 0x0,
    0x0, 0x0, 0xaf, 0xf2, 0x0, 0x0, 0x0, 0xa,
    0xff, 0x20, 0x0, 0x0, 0x0, 0xaf, 0xf2, 0x0,

    /* U+0035 "5" */
    0x5, 0xff, 0xff, 0xff, 0xd0, 0x7, 0xff, 0xff,
    0xff, 0xd0, 0x9, 0xff, 0x66, 0x66, 0x50, 0xa,
    0xfd, 0x0, 0x0, 0x0, 0xc, 0xff, 0xff, 0xd6,
    0x0, 0xd, 0xff, 0xff, 0xff, 0x90, 0x1, 0x93,
    0x14, 0xef, 0xf3, 0x0, 0x0, 0x0, 0x6f, 0xf7,
    0x0, 0x0, 0x0, 0x4f, 0xf8, 0x3, 0x40, 0x0,
    0x9f, 0xf6, 0x2e, 0xfa, 0x7b, 0xff, 0xf1, 0x6f,
    0xff, 0xff, 0xff, 0x60, 0x3, 0xae, 0xfe, 0xb3,
    0x0,

    /* U+0036 "6" */
    0x0, 0x0, 0x3f, 0xfe, 0x10, 0x0, 0x0, 0xdf,
    0xf3, 0x0, 0x0, 0x8, 0xff, 0x70, 0x0, 0x0,
    0x3f, 0xfb, 0x0, 0x0, 0x0, 0xdf, 0xff, 0xe9,
    0x0, 0x9, 0xff, 0xff, 0xff, 0xd0, 0x1f, 0xfe,
    0x42, 0xbf, 0xf7, 0x6f, 0xf5, 0x0, 0xf, 0xfc,
    0x8f, 0xf3, 0x0, 0xe, 0xfd, 0x7f, 0xf8, 0x0,
    0x3f, 0xfb, 0x1f, 0xff, 0xa8, 0xef, 0xf5, 0x5,
    0xff, 0xff, 0xff, 0xa0, 0x0, 0x3b, 0xff, 0xd6,
    0x0,

    /* U+0037 "7" */
    0xaf, 0xff, 0xff, 0xff, 0xf2, 0xaf, 0xff, 0xff,
    0xff, 0xf1, 0x46, 0x66, 0x67, 0xff, 0xc0, 0x0,
    0x0, 0x5, 0xff, 0x60, 0x0, 0x0, 0xb, 0xff,
    0x10, 0x0, 0x0, 0x1f, 0xfb, 0x0, 0x0, 0x0,
    0x7f, 0xf5, 0x0, 0x0, 0x0, 0xdf, 0xf0, 0x0,
    0x0, 0x4, 0xff, 0x90, 0x0, 0x0, 0xa, 0xff,
    0x30, 0x0, 0x0, 0xf, 0xfe, 0x0, 0x0, 0x0,
    0x6f, 0xf8, 0x0, 0x0, 0x0, 0xcf, 0xf2, 0x0,
    0x0,

    /* U+0038 "8" */
    0x0, 0x4c, 0xff, 0xc5, 0x0, 0x5, 0xff, 0xff,
    0xff, 0x70, 0xd, 0xff, 0x76, 0xef, 0xf0, 0xf,
    0xfa, 0x0, 0x8f, 0xf1, 0xb, 0xfe, 0x21, 0xcf,
    0xd0, 0x2, 0xef, 0xff, 0xff, 0x40, 0x5, 0xff,
    0xff, 0xff, 0x60, 0x1f, 0xfc, 0x22, 0xbf, 0xf3,
    0x6f, 0xf4, 0x0, 0x2f, 0xf8, 0x7f, 0xf6, 0x0,
    0x4f, 0xf9, 0x3f, 0xff, 0x87, 0xef, 0xf5, 0x9,
    0xff, 0xff, 0xff, 0xb0, 0x0, 0x6c, 0xff, 0xd7,
    0x0,

    /* U+0039 "9" */
    0x0, 0x3b, 0xff, 0xd6, 0x0, 0x5, 0xff, 0xff,
    0xff, 0xb0, 0x1f, 0xff, 0x98, 0xef, 0xf6, 0x6f,
    0xf8, 0x0, 0x3f, 0xfb, 0x8f, 0xf3, 0x0, 0xe,
    0xfd, 0x7f, 0xf5, 0x0, 0x1f, 0xfb, 0x2f, 0xfe,
    0x42, 0xbf, 0xf6, 0x8, 0xff, 0xff, 0xff, 0xd0,
    0x0, 0x6d, 0xff, 0xff, 0x30, 0x0, 0x0, 0x6f,
    0xf8, 0x0, 0x0, 0x3, 0xff, 0xd0, 0x0, 0x0,
    0xd, 0xff, 0x30, 0x0, 0x0, 0xaf, 0xf8, 0x0,
    0x0,

    /* U+003A ":" */
    0x8, 0xfb, 0x0, 0xff, 0xf3, 0xc, 0xfe, 0x10,
    0x5, 0x10, 0x0, 0x0, 0x0, 0x5, 0x10, 0xc,
    0xfe, 0x10, 0xff, 0xf3, 0x8, 0xfb, 0x0,

    /* U+003B ";" */
    0x9, 0xfa, 0x0, 0xff, 0xf2, 0xd, 0xfe, 0x0,
    0x15, 0x10, 0x0, 0x0, 0x0, 0x3, 0x0, 0xb,
    0xfd, 0x0, 0xff, 0xf3, 0x9, 0xff, 0x0, 0x4f,
    0x70, 0xc, 0xe0, 0x0, 0x65, 0x0,

    /* U+003C "<" */
    0x0, 0x0, 0x0, 0x0, 0x32, 0x0, 0x0, 0x0,
    0x6d, 0xf4, 0x0, 0x2, 0x8e, 0xff, 0xf4, 0x4,
    0xbf, 0xff, 0xfa, 0x40, 0x2f, 0xff, 0xd7, 0x10,
    0x0, 0x2f, 0xff, 0xf9, 0x20, 0x0, 0x2, 0x9f,
    0xff, 0xfc, 0x60, 0x0, 0x0, 0x6d, 0xff, 0xf4,
    0x0, 0x0, 0x0, 0x4a, 0xf4, 0x0, 0x0, 0x0,
    0x0, 0x11,

    /* U+003D "=" */
    0x5, 0x55, 0x55, 0x55, 0x51, 0x2f, 0xff, 0xff,
    0xff, 0xf4, 0x2f, 0xff, 0xff, 0xff, 0xf4, 0x0,
    0x0, 0x0, 0x0, 0x0, 0x4, 0x44, 0x44, 0x44,
    0x41, 0x2f, 0xff, 0xff, 0xff, 0xf4, 0x2f, 0xff,
    0xff, 0xff, 0xf4,

    /* U+003E ">" */
    0x14, 0x0, 0x0, 0x0, 0x0, 0x2f, 0xd7, 0x10,
    0x0, 0x0, 0x2f, 0xff, 0xf9, 0x20, 0x0, 0x3,
    0x9f, 0xff, 0xfc, 0x50, 0x0, 0x0, 0x6c, 0xff,
    0xf4, 0x0, 0x2, 0x8e, 0xff, 0xf4, 0x5, 0xbf,
    0xff, 0xf9, 0x30, 0x2f, 0xff, 0xd7, 0x10, 0x0,
    0x2f, 0xb4, 0x0, 0x0, 0x0, 0x2, 0x0, 0x0,
    0x0, 0x0,

    /* U+003F "?" */
    0x1, 0x9e, 0xfe, 0x80, 0x1, 0xef, 0xff, 0xff,
    0xb0, 0x4f, 0xfb, 0xae, 0xff, 0x40, 0x34, 0x0,
    0x5f, 0xf5, 0x0, 0x4, 0x8d, 0xff, 0x20, 0x0,
    0x8f, 0xff, 0x80, 0x0, 0x7, 0xfe, 0x30, 0x0,
    0x0, 0x6f, 0xc0, 0x0, 0x0, 0x0, 0x0, 0x0,
    0x0, 0x0, 0x5, 0x20, 0x0, 0x0, 0xb, 0xff,
    0x10, 0x0, 0x0, 0xef, 0xf4, 0x0, 0x0, 0x7,
    0xfb, 0x0, 0x0,

    /* U+0040 "@" */
    0x0, 0x1, 0x8d, 0xff, 0xd8, 0x10, 0x0, 0x4,
    0xef, 0xff, 0xef, 0xfe, 0x20, 0x2, 0xff, 0x92,
    0x0, 0x19, 0xfe, 0x0, 0xbf, 0x81, 0xbf, 0xdf,
    0x9a, 0xf7, 0x1f, 0xf0, 0xcf, 0xcf, 0xf9, 0x3f,
    0xc4, 0xfc, 0xf, 0xb0, 0x7f, 0x90, 0xfe, 0x4f,
    0xc0, 0xfd, 0x9, 0xf9, 0x1f, 0xe1, 0xff, 0x8,
    0xff, 0xff, 0xff, 0xfb, 0xc, 0xf7, 0x5, 0x97,
    0x9a, 0xab, 0x30, 0x3f, 0xf8, 0x10, 0x3, 0x91,
    0x0, 0x0, 0x4f, 0xff, 0xef, 0xff, 0xa0, 0x0,
    0x0, 0x18, 0xdf, 0xfc, 0x70, 0x0,

    /* U+0041 "A" */
    0x0, 0x0, 0xe, 0xff, 0x10, 0x0, 0x0, 0x0,
    0x4, 0xff, 0xf7, 0x0, 0x0, 0x0, 0x0, 0xaf,
    0xff, 0xd0, 0x0, 0x0, 0x0, 0x1f, 0xff, 0xff,
    0x30, 0x0, 0x0, 0x7, 0xff, 0x7f, 0xf9, 0x0,
    0x0, 0x0, 0xdf, 0xe0, 0xdf, 0xf0, 0x0, 0x0,
    0x3f, 0xf9, 0x7, 0xff, 0x50, 0x0, 0x9, 0xff,
    0x30, 0x1f, 0xfb, 0x0, 0x0, 0xff, 0xe5, 0x55,
    0xdf, 0xf2, 0x0, 0x6f, 0xff, 0xff, 0xff, 0xff,
    0x80, 0xc, 0xff, 0xff, 0xff, 0xff, 0xfe, 0x2,
    0xff, 0xb0, 0x0, 0x0, 0xaf, 0xf4, 0x8f, 0xf6,
    0x0, 0x0, 0x5, 0xff, 0xa0,

    /* U+0042 "B" */
    0xcf, 0xff, 0xff, 0xea, 0x10, 0xcf, 0xff, 0xff,
    0xff, 0xe0, 0xcf, 0xf3, 0x34, 0xcf, 0xf6, 0xcf,
    0xf0, 0x0, 0x5f, 0xf7, 0xcf, 0xf0, 0x0, 0xaf,
    0xf4, 0xcf, 0xff, 0xff, 0xff, 0x70, 0xcf, 0xff,
    0xff, 0xff, 0xb0, 0xcf, 0xf2, 0x22, 0x9f, 0xf8,
    0xcf, 0xf0, 0x0, 0xe, 0xfd, 0xcf, 0xf0, 0x0,
    0xf, 0xfe, 0xcf, 0xf3, 0x33, 0xaf, 0xfb, 0xcf,
    0xff, 0xff, 0xff, 0xf2, 0xcf, 0xff, 0xff, 0xea,
    0x20,

    /* U+0043 "C" */
    0x0, 0x0, 0x7c, 0xff, 0xea, 0x30, 0x0, 0x3,
    0xef, 0xff, 0xff, 0xff, 0x80, 0x2, 0xff, 0xfe,
    0xa9, 0xcf, 0xf5, 0x0, 0xbf, 0xfa, 0x0, 0x0,
    0x45, 0x0, 0x2f, 0xfe, 0x0, 0x0, 0x0, 0x0,
    0x5, 0xff, 0x90, 0x0, 0x0, 0x0, 0x0, 0x6f,
    0xf7, 0x0, 0x0, 0x0, 0x0, 0x5, 0xff, 0x90,
    0x0, 0x0, 0x0, 0x0, 0x1f, 0xfe, 0x0, 0x0,
    0x0, 0x0, 0x0, 0xbf, 0xfb, 0x0, 0x0, 0x36,
    0x0, 0x1, 0xef, 0xfe, 0xa9, 0xcf, 0xf6, 0x0,
    0x2, 0xdf, 0xff, 0xff, 0xff, 0xa0, 0x0, 0x0,
    0x7c, 0xff, 0xea, 0x40, 0x0,

    /* U+0044 "D" */
    0xcf, 0xff, 0xff, 0xea, 0x40, 0x0, 0xcf, 0xff,
    0xff, 0xff, 0xfa, 0x0, 0xcf, 0xf8, 0x77, 0xaf,
    0xff, 0xa0, 0xcf, 0xf0, 0x0, 0x2, 0xef, 0xf4,
    0xcf, 0xf0, 0x0, 0x0, 0x5f, 0xfb, 0xcf, 0xf0,
    0x0, 0x0, 0xf, 0xfe, 0xcf, 0xf0, 0x0, 0x0,
    0xe, 0xff, 0xcf, 0xf0, 0x0, 0x0, 0xf, 0xfe,
    0xcf, 0xf0, 0x0, 0x0, 0x5f, 0xfb, 0xcf, 0xf0,
    0x0, 0x2, 0xef, 0xf4, 0xcf, 0xf8, 0x88, 0xaf,
    0xff, 0xa0, 0xcf, 0xff, 0xff, 0xff, 0xfa, 0x0,
    0xcf, 0xff, 0xff, 0xea, 0x40, 0x0,

    /* U+0045 "E" */
    0xcf, 0xff, 0xff, 0xff, 0xf4, 0xcf, 0xff, 0xff,
    0xff, 0xf4, 0xcf, 0xf7, 0x77, 0x77, 0x71, 0xcf,
    0xf0, 0x0, 0x0, 0x0, 0xcf, 0xf0, 0x0, 0x0,
    0x0, 0xcf, 0xff, 0xff, 0xff, 0xb0, 0xcf, 0xff,
    0xff, 0xff, 0xb0, 0xcf, 0xf6, 0x55, 0x55, 0x40,
    0xcf, 0xf0, 0x0, 0x0, 0x0, 0xcf, 0xf0, 0x0,
    0x0, 0x0, 0xcf, 0xf7, 0x77, 0x77, 0x72, 0xcf,
    0xff, 0xff, 0xff, 0xf5, 0xcf, 0xff, 0xff, 0xff,
    0xf5,

    /* U+0046 "F" */
    0xcf, 0xff, 0xff, 0xff, 0xf0, 0xcf, 0xff, 0xff,
    0xff, 0xf0, 0xcf, 0xf7, 0x77, 0x77, 0x70, 0xcf,
    0xf0, 0x0, 0x0, 0x0, 0xcf, 0xf0, 0x0, 0x0,
    0x0, 0xcf, 0xf7, 0x77, 0x77, 0x50, 0xcf, 0xff,
    0xff, 0xff, 0xb0, 0xcf, 0xff, 0xff, 0xff, 0xb0,
    0xcf, 0xf0, 0x0, 0x0, 0x0, 0xcf, 0xf0, 0x0,
    0x0, 0x0, 0xcf, 0xf0, 0x0, 0x0, 0x0, 0xcf,
    0xf0, 0x0, 0x0, 0x0, 0xcf, 0xf0, 0x0, 0x0,
    0x0,

    /* U+0047 "G" */
    0x0, 0x0, 0x6c, 0xff, 0xeb, 0x50, 0x0, 0x0,
    0x2d, 0xff, 0xff, 0xff, 0xfb, 0x10, 0x1, 0xef,
    0xff, 0xa9, 0xbf, 0xff, 0x40, 0xa, 0xff, 0xb1,
    0x0, 0x2, 0xc4, 0x0, 0x1f, 0xfe, 0x0, 0x0,
    0x0, 0x0, 0x0, 0x5f, 0xf9, 0x0, 0x7, 0x77,
    0x77, 0x74, 0x6f, 0xf7, 0x0, 0xf, 0xff, 0xff,
    0xf9, 0x5f, 0xf9, 0x0, 0xf, 0xff, 0xff, 0xf8,
    0x1f, 0xfe, 0x0, 0x0, 0x0, 0x9f, 0xf5, 0xa,
    0xff, 0xb1, 0x0, 0x4, 0xff, 0xe0, 0x1, 0xef,
    0xff, 0xa9, 0xcf, 0xff, 0x60, 0x0, 0x2d, 0xff,
    0xff, 0xff, 0xf8, 0x0, 0x0, 0x0, 0x7c, 0xff,
    0xea, 0x30, 0x0,

    /* U+0048 "H" */
    0xcf, 0xf0, 0x0, 0x0, 0xef, 0xfc, 0xff, 0x0,
    0x0, 0xe, 0xff, 0xcf, 0xf0, 0x0, 0x0, 0xef,
    0xfc, 0xff, 0x0, 0x0, 0xe, 0xff, 0xcf, 0xf0,
    0x0, 0x0, 0xef, 0xfc, 0xff, 0xff, 0xff, 0xff,
    0xff, 0xcf, 0xff, 0xff, 0xff, 0xff, 0xfc, 0xff,
    0x77, 0x77, 0x7f, 0xff, 0xcf, 0xf0, 0x0, 0x0,
    0xef, 0xfc, 0xff, 0x0, 0x0, 0xe, 0xff, 0xcf,
    0xf0, 0x0, 0x0, 0xef, 0xfc, 0xff, 0x0, 0x0,
    0xe, 0xff, 0xcf, 0xf0, 0x0, 0x0, 0xef, 0xf0,

    /* U+0049 "I" */
    0xcf, 0xf0, 0xcf, 0xf0, 0xcf, 0xf0, 0xcf, 0xf0,
    0xcf, 0xf0, 0xcf, 0xf0, 0xcf, 0xf0, 0xcf, 0xf0,
    0xcf, 0xf0, 0xcf, 0xf0, 0xcf, 0xf0, 0xcf, 0xf0,
    0xcf, 0xf0,

    /* U+004A "J" */
    0x0, 0x0, 0x4, 0xff, 0x80, 0x0, 0x0, 0x4f,
    0xf8, 0x0, 0x0, 0x4, 0xff, 0x80, 0x0, 0x0,
    0x4f, 0xf8, 0x0, 0x0, 0x4, 0xff, 0x80, 0x0,
    0x0, 0x4f, 0xf8, 0x0, 0x0, 0x4, 0xff, 0x80,
    0x0, 0x0, 0x4f, 0xf8, 0x0, 0x0, 0x5, 0xff,
    0x80, 0x12, 0x0, 0x8f, 0xf6, 0x1d, 0xfa, 0xbf,
    0xff, 0x17, 0xff, 0xff, 0xff, 0x70, 0x6, 0xdf,
    0xfc, 0x50, 0x0,

    /* U+004B "K" */
    0xcf, 0xf0, 0x0, 0xa, 0xff, 0xc0, 0xcf, 0xf0,
    0x0, 0x7f, 0xfe, 0x10, 0xcf, 0xf0, 0x4, 0xff,
    0xf3, 0x0, 0xcf, 0xf0, 0x2e, 0xff, 0x50, 0x0,
    0xcf, 0xf1, 0xdf, 0xf7, 0x0, 0x0, 0xcf, 0xfb,
    0xff, 0xa0, 0x0, 0x0, 0xcf, 0xff, 0xff, 0x60,
    0x0, 0x0, 0xcf, 0xf5, 0xff, 0xf2, 0x0, 0x0,
    0xcf, 0xf0, 0x8f, 0xfd, 0x0, 0x0, 0xcf, 0xf0,
    0xb, 0xff, 0xa0, 0x0, 0xcf, 0xf0, 0x1, 0xef,
    0xf7, 0x0, 0xcf, 0xf0, 0x0, 0x3f, 0xff, 0x40,
    0xcf, 0xf0, 0x0, 0x7, 0xff, 0xe1,

    /* U+004C "L" */
    0xcf, 0xf0, 0x0, 0x0, 0xc, 0xff, 0x0, 0x0,
    0x0, 0xcf, 0xf0, 0x0, 0x0, 0xc, 0xff, 0x0,
    0x0, 0x0, 0xcf, 0xf0, 0x0, 0x0, 0xc, 0xff,
    0x0, 0x0, 0x0, 0xcf, 0xf0, 0x0, 0x0, 0xc,
    0xff, 0x0, 0x0, 0x0, 0xcf, 0xf0, 0x0, 0x0,
    0xc, 0xff, 0x0, 0x0, 0x0, 0xcf, 0xf8, 0x88,
    0x88, 0x5c, 0xff, 0xff, 0xff, 0xfb, 0xcf, 0xff,
    0xff, 0xff, 0xb0,

    /* U+004D "M" */
    0xcf, 0x80, 0x0, 0x0, 0x0, 0x2f, 0xf3, 0xcf,
    0xf3, 0x0, 0x0, 0x0, 0xbf, 0xf3, 0xcf, 0xfc,
    0x0, 0x0, 0x5, 0xff, 0xf3, 0xcf, 0xff, 0x60,
    0x0, 0x1e, 0xff, 0xf3, 0xcf, 0xff, 0xf1, 0x0,
    0x9f, 0xff, 0xf3, 0xcf, 0xff, 0xfb, 0x3, 0xff,
    0xff, 0xf3, 0xcf, 0xf9, 0xff, 0x5d, 0xfe, 0xaf,
    0xf3, 0xcf, 0xf1, 0xdf, 0xff, 0xf5, 0x9f, 0xf3,
    0xcf, 0xf0, 0x4f, 0xff, 0xb0, 0x9f, 0xf3, 0xcf,
    0xf0, 0xa, 0xff, 0x20, 0x9f, 0xf3, 0xcf, 0xf0,
    0x0, 0x32, 0x0, 0x9f, 0xf3, 0xcf, 0xf0, 0x0,
    0x0, 0x0, 0x9f, 0xf3, 0xcf, 0xf0, 0x0, 0x0,
    0x0, 0x9f, 0xf3,

    /* U+004E "N" */
    0xcf, 0x90, 0x0, 0x0, 0xcf, 0xf1, 0xcf, 0xf5,
    0x0, 0x0, 0xcf, 0xf1, 0xcf, 0xff, 0x20, 0x0,
    0xcf, 0xf1, 0xcf, 0xff, 0xd0, 0x0, 0xcf, 0xf1,
    0xcf, 0xff, 0xfb, 0x0, 0xcf, 0xf1, 0xcf, 0xfb,
    0xff, 0x70, 0xcf, 0xf1, 0xcf, 0xf1, 0xdf, 0xf4,
    0xcf, 0xf1, 0xcf, 0xf0, 0x2f, 0xfe, 0xdf, 0xf1,
    0xcf, 0xf0, 0x5, 0xff, 0xff, 0xf1, 0xcf, 0xf0,
    0x0, 0x9f, 0xff, 0xf1, 0xcf, 0xf0, 0x0, 0xc,
    0xff, 0xf1, 0xcf, 0xf0, 0x0, 0x1, 0xef, 0xf1,
    0xcf, 0xf0, 0x0, 0x0, 0x4f, 0xf1,

    /* U+004F "O" */
    0x0, 0x0, 0x7c, 0xff, 0xea, 0x30, 0x0, 0x0,
    0x3e, 0xff, 0xff, 0xff, 0xf9, 0x0, 0x2, 0xff,
    0xfe, 0xa9, 0xcf, 0xff, 0x90, 0xb, 0xff, 0xa0,
    0x0, 0x4, 0xff, 0xf3, 0x2f, 0xfe, 0x0, 0x0,
    0x0, 0x6f, 0xfa, 0x5f, 0xf9, 0x0, 0x0, 0x0,
    0x1f, 0xfd, 0x6f, 0xf7, 0x0, 0x0, 0x0, 0xf,
    0xfe, 0x5f, 0xf9, 0x0, 0x0, 0x0, 0x1f, 0xfd,
    0x1f, 0xfe, 0x0, 0x0, 0x0, 0x7f, 0xf9, 0xa,
    0xff, 0xb0, 0x0, 0x4, 0xff, 0xf3, 0x1, 0xef,
    0xfe, 0xa9, 0xcf, 0xff, 0x80, 0x0, 0x2d, 0xff,
    0xff, 0xff, 0xf8, 0x0, 0x0, 0x0, 0x6c, 0xff,
    0xea, 0x30, 0x0,

    /* U+0050 "P" */
    0xcf, 0xff, 0xff, 0xe9, 0x10, 0xcf, 0xff, 0xff,
    0xff, 0xd1, 0xcf, 0xf4, 0x34, 0xcf, 0xf8, 0xcf,
    0xf0, 0x0, 0x1f, 0xfc, 0xcf, 0xf0, 0x0, 0xf,
    0xfc, 0xcf, 0xf0, 0x1, 0x9f, 0xf9, 0xcf, 0xff,
    0xff, 0xff, 0xf2, 0xcf, 0xff, 0xff, 0xfc, 0x30,
    0xcf, 0xf4, 0x33, 0x10, 0x0, 0xcf, 0xf0, 0x0,
    0x0, 0x0, 0xcf, 0xf0, 0x0, 0x0, 0x0, 0xcf,
    0xf0, 0x0, 0x0, 0x0, 0xcf, 0xf0, 0x0, 0x0,
    0x0,

    /* U+0051 "Q" */
    0x0, 0x0, 0x7c, 0xff, 0xea, 0x30, 0x0, 0x0,
    0x3, 0xef, 0xff, 0xff, 0xff, 0x90, 0x0, 0x2,
    0xef, 0xfe, 0xa9, 0xcf, 0xff, 0x90, 0x0, 0xbf,
    0xfa, 0x0, 0x0, 0x4f, 0xff, 0x30, 0x2f, 0xfe,
    0x0, 0x0, 0x0, 0x6f, 0xfa, 0x5, 0xff, 0x90,
    0x0, 0x0, 0x1, 0xff, 0xd0, 0x6f, 0xf7, 0x0,
    0x0, 0x71, 0xf, 0xff, 0x5, 0xff, 0x90, 0x0,
    0x9f, 0xc2, 0xff, 0xd0, 0x1f, 0xfe, 0x0, 0x6,
    0xff, 0xff, 0xfa, 0x0, 0xaf, 0xfb, 0x0, 0x6,
    0xff, 0xff, 0x30, 0x1, 0xef, 0xfe, 0xa9, 0xcf,
    0xff, 0xe1, 0x0, 0x2, 0xdf, 0xff, 0xff, 0xff,
    0xff, 0xd1, 0x0, 0x0, 0x6c, 0xff, 0xea, 0x35,
    0xff, 0x40, 0x0, 0x0, 0x0, 0x0, 0x0, 0x5,
    0x40,

    /* U+0052 "R" */
    0xcf, 0xff, 0xff, 0xe8, 0x0, 0xc, 0xff, 0xff,
    0xff, 0xfc, 0x0, 0xcf, 0xf4, 0x34, 0xdf, 0xf5,
    0xc, 0xff, 0x0, 0x4, 0xff, 0x90, 0xcf, 0xf0,
    0x0, 0x3f, 0xf9, 0xc, 0xff, 0x21, 0x2b, 0xff,
    0x60, 0xcf, 0xff, 0xff, 0xff, 0xc0, 0xc, 0xff,
    0xff, 0xfe, 0x80, 0x0, 0xcf, 0xf5, 0xff, 0xd0,
    0x0, 0xc, 0xff, 0x8, 0xff, 0xb0, 0x0, 0xcf,
    0xf0, 0xb, 0xff, 0x70, 0xc, 0xff, 0x0, 0x1e,
    0xff, 0x40, 0xcf, 0xf0, 0x0, 0x3f, 0xff, 0x20,

    /* U+0053 "S" */
    0x0, 0x2a, 0xef, 0xeb, 0x40, 0x2, 0xff, 0xff,
    0xff, 0xf8, 0xa, 0xff, 0xa6, 0x9f, 0xe3, 0xd,
    0xff, 0x0, 0x2, 0x30, 0xc, 0xff, 0xa1, 0x0,
    0x0, 0x6, 0xff, 0xff, 0xc5, 0x0, 0x0, 0x7f,
    0xff, 0xff, 0xc0, 0x0, 0x1, 0x6c, 0xff, 0xf9,
    0x0, 0x0, 0x0, 0x5f, 0xfd, 0x4, 0x80, 0x0,
    0xe, 0xfe, 0x4f, 0xfd, 0x77, 0xbf, 0xfb, 0x3e,
    0xff, 0xff, 0xff, 0xe2, 0x1, 0x8d, 0xff, 0xd9,
    0x10,

    /* U+0054 "T" */
    0xaf, 0xff, 0xff, 0xff, 0xff, 0xf2, 0xaf, 0xff,
    0xff, 0xff, 0xff, 0xf2, 0x34, 0x44, 0xcf, 0xf6,
    0x44, 0x40, 0x0, 0x0, 0xaf, 0xf2, 0x0, 0x0,
    0x0, 0x0, 0xaf, 0xf2, 0x0, 0x0, 0x0, 0x0,
    0xaf, 0xf2, 0x0, 0x0, 0x0, 0x0, 0xaf, 0xf2,
    0x0, 0x0, 0x0, 0x0, 0xaf, 0xf2, 0x0, 0x0,
    0x0, 0x0, 0xaf, 0xf2, 0x0, 0x0, 0x0, 0x0,
    0xaf, 0xf2, 0x0, 0x0, 0x0, 0x0, 0xaf, 0xf2,
    0x0, 0x0, 0x0, 0x0, 0xaf, 0xf2, 0x0, 0x0,
    0x0, 0x0, 0xaf, 0xf2, 0x0, 0x0,

    /* U+0055 "U" */
    0xff, 0xe0, 0x0, 0x3, 0xff, 0x9f, 0xfe, 0x0,
    0x0, 0x3f, 0xf9, 0xff, 0xe0, 0x0, 0x3, 0xff,
    0x9f, 0xfe, 0x0, 0x0, 0x3f, 0xf9, 0xff, 0xe0,
    0x0, 0x3, 0xff, 0x9f, 0xfe, 0x0, 0x0, 0x3f,
    0xf9, 0xff, 0xe0, 0x0, 0x3, 0xff, 0x9f, 0xfe,
    0x0, 0x0, 0x3f, 0xf9, 0xef, 0xf0, 0x0, 0x4,
    0xff, 0x8b, 0xff, 0x60, 0x0, 0xbf, 0xf5, 0x4f,
    0xff, 0xb9, 0xdf, 0xfe, 0x0, 0x7f, 0xff, 0xff,
    0xfe, 0x30, 0x0, 0x4b, 0xef, 0xe9, 0x10, 0x0,

    /* U+0056 "V" */
    0x8f, 0xf7, 0x0, 0x0, 0x9, 0xff, 0x52, 0xff,
    0xd0, 0x0, 0x0, 0xef, 0xf0, 0xc, 0xff, 0x30,
    0x0, 0x5f, 0xf9, 0x0, 0x6f, 0xf8, 0x0, 0xa,
    0xff, 0x30, 0x0, 0xff, 0xe0, 0x1, 0xff, 0xd0,
    0x0, 0xa, 0xff, 0x40, 0x6f, 0xf7, 0x0, 0x0,
    0x4f, 0xf9, 0xc, 0xff, 0x10, 0x0, 0x0, 0xef,
    0xf2, 0xff, 0xb0, 0x0, 0x0, 0x8, 0xff, 0xcf,
    0xf5, 0x0, 0x0, 0x0, 0x2f, 0xff, 0xfe, 0x0,
    0x0, 0x0, 0x0, 0xcf, 0xff, 0x90, 0x0, 0x0,
    0x0, 0x6, 0xff, 0xf2, 0x0, 0x0, 0x0, 0x0,
    0xf, 0xfc, 0x0, 0x0, 0x0,

    /* U+0057 "W" */
    0x8f, 0xf4, 0x0, 0x3, 0xff, 0x40, 0x0, 0x3f,
    0xf9, 0x3f, 0xf8, 0x0, 0x8, 0xff, 0x90, 0x0,
    0x8f, 0xf4, 0xe, 0xfd, 0x0, 0xd, 0xff, 0xd0,
    0x0, 0xcf, 0xe0, 0x9, 0xff, 0x20, 0x1f, 0xff,
    0xf2, 0x1, 0xff, 0xa0, 0x4, 0xff, 0x70, 0x6f,
    0xff, 0xf7, 0x6, 0xff, 0x50, 0x0, 0xff, 0xc0,
    0xbf, 0xdc, 0xfb, 0xb, 0xff, 0x0, 0x0, 0xaf,
    0xf1, 0xff, 0x87, 0xff, 0x1f, 0xfa, 0x0, 0x0,
    0x5f, 0xfa, 0xff, 0x32, 0xff, 0x9f, 0xf5, 0x0,
    0x0, 0xf, 0xff, 0xfe, 0x0, 0xef, 0xff, 0xf1,
    0x0, 0x0, 0xb, 0xff, 0xfa, 0x0, 0x9f, 0xff,
    0xb0, 0x0, 0x0, 0x6, 0xff, 0xf5, 0x0, 0x4f,
    0xff, 0x60, 0x0, 0x0, 0x1, 0xff, 0xf1, 0x0,
    0xf, 0xff, 0x10, 0x0, 0x0, 0x0, 0xcf, 0xc0,
    0x0, 0xb, 0xfc, 0x0, 0x0,

    /* U+0058 "X" */
    0x2f, 0xff, 0x30, 0x0, 0x2f, 0xff, 0x10, 0x7f,
    0xfd, 0x0, 0xc, 0xff, 0x60, 0x0, 0xcf, 0xf7,
    0x6, 0xff, 0xb0, 0x0, 0x2, 0xff, 0xf3, 0xff,
    0xf1, 0x0, 0x0, 0x6, 0xff, 0xff, 0xf6, 0x0,
    0x0, 0x0, 0xc, 0xff, 0xfb, 0x0, 0x0, 0x0,
    0x0, 0x6f, 0xff, 0x60, 0x0, 0x0, 0x0, 0x1e,
    0xff, 0xff, 0x10, 0x0, 0x0, 0xb, 0xff, 0xcf,
    0xfa, 0x0, 0x0, 0x5, 0xff, 0xb0, 0xdf, 0xf5,
    0x0, 0x1, 0xff, 0xf2, 0x4, 0xff, 0xe1, 0x0,
    0xbf, 0xf7, 0x0, 0xa, 0xff, 0x90, 0x6f, 0xfc,
    0x0, 0x0, 0x1f, 0xff, 0x40,

    /* U+0059 "Y" */
    0x7f, 0xfc, 0x0, 0x0, 0x5f, 0xfd, 0x0, 0xdf,
    0xf5, 0x0, 0xe, 0xff, 0x30, 0x4, 0xff, 0xe0,
    0x7, 0xff, 0xa0, 0x0, 0xa, 0xff, 0x71, 0xff,
    0xf1, 0x0, 0x0, 0x2f, 0xff, 0xaf, 0xf6, 0x0,
    0x0, 0x0, 0x8f, 0xff, 0xfd, 0x0, 0x0, 0x0,
    0x0, 0xdf, 0xff, 0x30, 0x0, 0x0, 0x0, 0x5,
    0xff, 0xb0, 0x0, 0x0, 0x0, 0x0, 0x3f, 0xf9,
    0x0, 0x0, 0x0, 0x0, 0x3, 0xff, 0x90, 0x0,
    0x0, 0x0, 0x0, 0x3f, 0xf9, 0x0, 0x0, 0x0,
    0x0, 0x3, 0xff, 0x90, 0x0, 0x0, 0x0, 0x0,
    0x3f, 0xf9, 0x0, 0x0, 0x0,

    /* U+005A "Z" */
    0x1f, 0xff, 0xff, 0xff, 0xff, 0x51, 0xff, 0xff,
    0xff, 0xff, 0xf5, 0x7, 0x77, 0x77, 0xcf, 0xfe,
    0x10, 0x0, 0x0, 0x2f, 0xff, 0x40, 0x0, 0x0,
    0xd, 0xff, 0x80, 0x0, 0x0, 0x8, 0xff, 0xd0,
    0x0, 0x0, 0x4, 0xff, 0xf2, 0x0, 0x0, 0x1,
    0xef, 0xf6, 0x0, 0x0, 0x0, 0xaf, 0xfb, 0x0,
    0x0, 0x0, 0x6f, 0xfe, 0x10, 0x0, 0x0, 0x2f,
    0xff, 0xb7, 0x77, 0x77, 0x17, 0xff, 0xff, 0xff,
    0xff, 0xf3, 0x7f, 0xff, 0xff, 0xff, 0xff, 0x30,

    /* U+005B "[" */
    0xdf, 0xff, 0xbd, 0xff, 0xfb, 0xdf, 0x60, 0xd,
    0xf6, 0x0, 0xdf, 0x60, 0xd, 0xf6, 0x0, 0xdf,
    0x60, 0xd, 0xf6, 0x0, 0xdf, 0x60, 0xd, 0xf6,
    0x0, 0xdf, 0x60, 0xd, 0xf6, 0x0, 0xdf, 0x60,
    0xd, 0xff, 0xfb, 0xdf, 0xff, 0xb0,

    /* U+005C "\\" */
    0x78, 0x40, 0x0, 0xa, 0xfc, 0x0, 0x0, 0x5f,
    0xf1, 0x0, 0x1, 0xff, 0x50, 0x0, 0xb, 0xfa,
    0x0, 0x0, 0x6f, 0xf0, 0x0, 0x2, 0xff, 0x40,
    0x0, 0xd, 0xf9, 0x0, 0x0, 0x8f, 0xe0, 0x0,
    0x3, 0xff, 0x30, 0x0, 0xe, 0xf7, 0x0, 0x0,
    0x9f, 0xc0, 0x0, 0x4, 0xff, 0x10, 0x0, 0xf,
    0xf6, 0x0, 0x0, 0xaf, 0xb0,

    /* U+005D "]" */
    0x6f, 0xff, 0xf1, 0x6f, 0xff, 0xf1, 0x0, 0x2f,
    0xf1, 0x0, 0x1f, 0xf1, 0x0, 0x1f, 0xf1, 0x0,
    0x1f, 0xf1, 0x0, 0x1f, 0xf1, 0x0, 0x1f, 0xf1,
    0x0, 0x1f, 0xf1, 0x0, 0x1f, 0xf1, 0x0, 0x1f,
    0xf1, 0x0, 0x1f, 0xf1, 0x0, 0x2f, 0xf1, 0x6f,
    0xff, 0xf1, 0x6f, 0xff, 0xf1,

    /* U+005E "^" */
    0x0, 0xe, 0xf5, 0x0, 0x0, 0x7f, 0xfd, 0x0,
    0x1, 0xfe, 0x9f, 0x60, 0x9, 0xf7, 0x1f, 0xe0,
    0x2f, 0xe0, 0x9, 0xf8,

    /* U+005F "_" */
    0x22, 0x22, 0x22, 0x22, 0x20, 0xff, 0xff, 0xff,
    0xff, 0xf1, 0xff, 0xff, 0xff, 0xff, 0xf1,

    /* U+0060 "`" */
    0x1, 0x70, 0x0, 0xb, 0xf9, 0x0, 0x1c, 0xff,
    0xa0, 0x0, 0x4d, 0xa0, 0x0, 0x0, 0x0,

    /* U+0061 "a" */
    0x0, 0x6d, 0xfe, 0x7f, 0xfb, 0x8, 0xff, 0xff,
    0xff, 0xfb, 0x2f, 0xff, 0xa8, 0xef, 0xfb, 0x7f,
    0xf7, 0x0, 0x2f, 0xfb, 0x8f, 0xf3, 0x0, 0xe,
    0xfb, 0x7f, 0xf8, 0x0, 0x2f, 0xfb, 0x2f, 0xff,
    0xa8, 0xef, 0xfb, 0x8, 0xff, 0xff, 0xff, 0xfb,
    0x0, 0x6d, 0xfe, 0x8f, 0xfb,

    /* U+0062 "b" */
    0xf, 0xfb, 0x0, 0x0, 0x0, 0x0, 0xff, 0xb0,
    0x0, 0x0, 0x0, 0xf, 0xfb, 0x0, 0x0, 0x0,
    0x0, 0xff, 0xb0, 0x0, 0x0, 0x0, 0xf, 0xfd,
    0xaf, 0xfb, 0x30, 0x0, 0xff, 0xff, 0xff, 0xff,
    0x40, 0xf, 0xff, 0xc8, 0xcf, 0xfd, 0x0, 0xff,
    0xc0, 0x0, 0xcf, 0xf2, 0xf, 0xf9, 0x0, 0x8,
    0xff, 0x40, 0xff, 0xd0, 0x0, 0xcf, 0xf2, 0xf,
    0xff, 0xc8, 0xcf, 0xfd, 0x0, 0xff, 0xff, 0xff,
    0xff, 0x40, 0xf, 0xfc, 0xaf, 0xfb, 0x30, 0x0,

    /* U+0063 "c" */
    0x0, 0x3b, 0xff, 0xd7, 0x0, 0x6f, 0xff, 0xff,
    0xf6, 0x2f, 0xff, 0xa8, 0xd8, 0x7, 0xff, 0x70,
    0x0, 0x0, 0x9f, 0xf3, 0x0, 0x0, 0x7, 0xff,
    0x70, 0x0, 0x0, 0x2f, 0xff, 0xa8, 0xd9, 0x0,
    0x6f, 0xff, 0xff, 0xf6, 0x0, 0x4b, 0xff, 0xd6,
    0x0,

    /* U+0064 "d" */
    0x0, 0x0, 0x0, 0xf, 0xfb, 0x0, 0x0, 0x0,
    0xf, 0xfb, 0x0, 0x0, 0x0, 0xf, 0xfb, 0x0,
    0x0, 0x0, 0xf, 0xfb, 0x0, 0x6d, 0xfe, 0x9f,
    0xfb, 0x8, 0xff, 0xff, 0xff, 0xfb, 0x2f, 0xff,
    0xa8, 0xef, 0xfb, 0x7f, 0xf8, 0x0, 0x2f, 0xfb,
    0x8f, 0xf3, 0x0, 0xe, 0xfb, 0x7f, 0xf8, 0x0,
    0x2f, 0xfb, 0x2f, 0xff, 0xa8, 0xef, 0xfb, 0x8,
    0xff, 0xff, 0xff, 0xfb, 0x0, 0x6d, 0xfe, 0x8f,
    0xfb,

    /* U+0065 "e" */
    0x0, 0x4b, 0xff, 0xd6, 0x0, 0x7, 0xff, 0xff,
    0xff, 0x90, 0x2f, 0xfc, 0x32, 0xaf, 0xf3, 0x7f,
    0xff, 0xee, 0xef, 0xf7, 0x9f, 0xff, 0xff, 0xff,
    0xf7, 0x7f, 0xf2, 0x0, 0x0, 0x0, 0x2f, 0xfd,
    0x42, 0x7e, 0x10, 0x6, 0xff, 0xff, 0xff, 0xa0,
    0x0, 0x4b, 0xff, 0xd8, 0x0,

    /* U+0066 "f" */
    0x0, 0x4, 0xcf, 0xfa, 0x20, 0x3, 0xff, 0xff,
    0xf5, 0x0, 0xbf, 0xfa, 0x84, 0x0, 0xe, 0xfe,
    0x0, 0x0, 0xdf, 0xff, 0xff, 0xf5, 0xd, 0xff,
    0xff, 0xff, 0x50, 0x45, 0xff, 0xe5, 0x52, 0x0,
    0xe, 0xfd, 0x0, 0x0, 0x0, 0xef, 0xd0, 0x0,
    0x0, 0xe, 0xfd, 0x0, 0x0, 0x0, 0xef, 0xd0,
    0x0, 0x0, 0xe, 0xfd, 0x0, 0x0, 0x0, 0xef,
    0xd0, 0x0, 0x0,

    /* U+0067 "g" */
    0x0, 0x7d, 0xfe, 0x9f, 0xf8, 0x9, 0xff, 0xff,
    0xff, 0xf8, 0x3f, 0xfe, 0x55, 0xdf, 0xf8, 0x8f,
    0xf6, 0x0, 0x3f, 0xf8, 0x9f, 0xf3, 0x0, 0x1f,
    0xf8, 0x8f, 0xf7, 0x0, 0x5f, 0xf8, 0x3f, 0xff,
    0x98, 0xff, 0xf8, 0x9, 0xff, 0xff, 0xff, 0xf8,
    0x0, 0x6d, 0xfd, 0x9f, 0xf8, 0x1, 0x20, 0x0,
    0x6f, 0xf6, 0x1d, 0xf9, 0x79, 0xff, 0xf1, 0x3f,
    0xff, 0xff, 0xff, 0x60, 0x2, 0xae, 0xfe, 0xb3,
    0x0,

    /* U+0068 "h" */
    0xf, 0xfb, 0x0, 0x0, 0x0, 0xf, 0xfb, 0x0,
    0x0, 0x0, 0xf, 0xfb, 0x0, 0x0, 0x0, 0xf,
    0xfb, 0x0, 0x0, 0x0, 0xf, 0xfc, 0xaf, 0xfb,
    0x20, 0xf, 0xff, 0xff, 0xff, 0xe1, 0xf, 0xff,
    0xa7, 0xef, 0xf6, 0xf, 0xfd, 0x0, 0x5f, 0xf7,
    0xf, 0xfb, 0x0, 0x4f, 0xf8, 0xf, 0xfb, 0x0,
    0x4f, 0xf8, 0xf, 0xfb, 0x0, 0x4f, 0xf8, 0xf,
    0xfb, 0x0, 0x4f, 0xf8, 0xf, 0xfb, 0x0, 0x4f,
    0xf8,

    /* U+0069 "i" */
    0xa, 0xf6, 0x1f, 0xfc, 0xb, 0xf6, 0x0, 0x0,
    0xf, 0xfb, 0xf, 0xfb, 0xf, 0xfb, 0xf, 0xfb,
    0xf, 0xfb, 0xf, 0xfb, 0xf, 0xfb, 0xf, 0xfb,
    0xf, 0xfb,

    /* U+006A "j" */
    0x0, 0x0, 0x7f, 0x90, 0x0, 0x0, 0xef, 0xf0,
    0x0, 0x0, 0x8f, 0xa0, 0x0, 0x0, 0x0, 0x0,
    0x0, 0x0, 0xdf, 0xf0, 0x0, 0x0, 0xdf, 0xf0,
    0x0, 0x0, 0xdf, 0xf0, 0x0, 0x0, 0xdf, 0xf0,
    0x0, 0x0, 0xdf, 0xf0, 0x0, 0x0, 0xdf, 0xf0,
    0x0, 0x0, 0xdf, 0xf0, 0x0, 0x0, 0xdf, 0xf0,
    0x0, 0x0, 0xdf, 0xf0, 0x0, 0x0, 0xdf, 0xe0,
    0x2, 0xb9, 0xff, 0xc0, 0x1e, 0xff, 0xff, 0x50,
    0x7, 0xef, 0xd6, 0x0,

    /* U+006B "k" */
    0xf, 0xfb, 0x0, 0x0, 0x0, 0xf, 0xfb, 0x0,
    0x0, 0x0, 0xf, 0xfb, 0x0, 0x0, 0x0, 0xf,
    0xfb, 0x0, 0x0, 0x0, 0xf, 0xfb, 0x0, 0xcf,
    0xf4, 0xf, 0xfb, 0x8, 0xff, 0x80, 0xf, 0xfb,
    0x3f, 0xfb, 0x0, 0xf, 0xfc, 0xdf, 0xe1, 0x0,
    0xf, 0xff, 0xff, 0xa0, 0x0, 0xf, 0xfb, 0xbf,
    0xf5, 0x0, 0xf, 0xfb, 0x1f, 0xfe, 0x10, 0xf,
    0xfb, 0x6, 0xff, 0xb0, 0xf, 0xfb, 0x0, 0xcf,
    0xf7,

    /* U+006C "l" */
    0xf, 0xfb, 0xf, 0xfb, 0xf, 0xfb, 0xf, 0xfb,
    0xf, 0xfb, 0xf, 0xfb, 0xf, 0xfb, 0xf, 0xfb,
    0xf, 0xfb, 0xf, 0xfb, 0xf, 0xfb, 0xf, 0xfb,
    0xf, 0xfb,

    /* U+006D "m" */
    0xf, 0xfc, 0xaf, 0xfa, 0x28, 0xef, 0xd6, 0x0,
    0xff, 0xff, 0xff, 0xff, 0xff, 0xff, 0xf5, 0xf,
    0xff, 0x75, 0xdf, 0xfd, 0x47, 0xff, 0xc0, 0xff,
    0xc0, 0x7, 0xff, 0x60, 0xd, 0xfe, 0xf, 0xfb,
    0x0, 0x7f, 0xf5, 0x0, 0xdf, 0xe0, 0xff, 0xb0,
    0x7, 0xff, 0x50, 0xd, 0xfe, 0xf, 0xfb, 0x0,
    0x7f, 0xf5, 0x0, 0xdf, 0xe0, 0xff, 0xb0, 0x7,
    0xff, 0x50, 0xd, 0xfe, 0xf, 0xfb, 0x0, 0x7f,
    0xf5, 0x0, 0xdf, 0xe0,

    /* U+006E "n" */
    0xf, 0xfc, 0x9e, 0xfb, 0x20, 0xf, 0xff, 0xff,
    0xff, 0xe0, 0xf, 0xff, 0xa7, 0xef, 0xf6, 0xf,
    0xfd, 0x0, 0x5f, 0xf7, 0xf, 0xfb, 0x0, 0x4f,
    0xf8, 0xf, 0xfb, 0x0, 0x4f, 0xf8, 0xf, 0xfb,
    0x0, 0x4f, 0xf8, 0xf, 0xfb, 0x0, 0x4f, 0xf8,
    0xf, 0xfb, 0x0, 0x4f, 0xf8,

    /* U+006F "o" */
    0x0, 0x4b, 0xff, 0xd7, 0x0, 0x6, 0xff, 0xff,
    0xff, 0xc0, 0x2f, 0xff, 0xa9, 0xef, 0xf7, 0x7f,
    0xf7, 0x0, 0x2f, 0xfd, 0x9f, 0xf3, 0x0, 0xe,
    0xff, 0x7f, 0xf7, 0x0, 0x2f, 0xfd, 0x2f, 0xff,
    0xa9, 0xef, 0xf7, 0x6, 0xff, 0xff, 0xff, 0xb0,
    0x0, 0x4b, 0xff, 0xd7, 0x0,

    /* U+0070 "p" */
    0xf, 0xfc, 0xaf, 0xfb, 0x30, 0x0, 0xff, 0xff,
    0xff, 0xff, 0x40, 0xf, 0xff, 0xc8, 0xcf, 0xfd,
    0x0, 0xff, 0xd0, 0x0, 0xcf, 0xf2, 0xf, 0xf9,
    0x0, 0x8, 0xff, 0x40, 0xff, 0xd0, 0x0, 0xcf,
    0xf2, 0xf, 0xff, 0xc8, 0xcf, 0xfd, 0x0, 0xff,
    0xff, 0xff, 0xff, 0x40, 0xf, 0xfc, 0xaf, 0xfb,
    0x30, 0x0, 0xff, 0xb0, 0x0, 0x0, 0x0, 0xf,
    0xfb, 0x0, 0x0, 0x0, 0x0, 0xff, 0xb0, 0x0,
    0x0, 0x0, 0xf, 0xfb, 0x0, 0x0, 0x0, 0x0,

    /* U+0071 "q" */
    0x0, 0x6d, 0xfe, 0x7f, 0xfb, 0x8, 0xff, 0xff,
    0xff, 0xfb, 0x2f, 0xff, 0xa8, 0xef, 0xfb, 0x7f,
    0xf7, 0x0, 0x2f, 0xfb, 0x8f, 0xf3, 0x0, 0xe,
    0xfb, 0x7f, 0xf8, 0x0, 0x2f, 0xfb, 0x2f, 0xff,
    0xa8, 0xef, 0xfb, 0x8, 0xff, 0xff, 0xff, 0xfb,
    0x0, 0x6d, 0xfe, 0x8f, 0xfb, 0x0, 0x0, 0x0,
    0xf, 0xfb, 0x0, 0x0, 0x0, 0xf, 0xfb, 0x0,
    0x0, 0x0, 0xf, 0xfb, 0x0, 0x0, 0x0, 0xf,
    0xfb,

    /* U+0072 "r" */
    0xf, 0xfc, 0xbf, 0xf8, 0xf, 0xff, 0xff, 0xf3,
    0xf, 0xff, 0x75, 0x50, 0xf, 0xfc, 0x0, 0x0,
    0xf, 0xfb, 0x0, 0x0, 0xf, 0xfb, 0x0, 0x0,
    0xf, 0xfb, 0x0, 0x0, 0xf, 0xfb, 0x0, 0x0,
    0xf, 0xfb, 0x0, 0x0,

    /* U+0073 "s" */
    0x1, 0xae, 0xfd, 0x80, 0xd, 0xff, 0xff, 0xfa,
    0x2f, 0xfb, 0x48, 0xc1, 0x1f, 0xfe, 0x94, 0x0,
    0x6, 0xff, 0xff, 0xd1, 0x0, 0x15, 0xbf, 0xf9,
    0x1d, 0xa4, 0x4f, 0xfb, 0x8f, 0xff, 0xff, 0xf6,
    0x5, 0xbf, 0xfd, 0x60,

    /* U+0074 "t" */
    0x0, 0xcf, 0xf0, 0x0, 0xc, 0xff, 0x0, 0x0,
    0xcf, 0xf0, 0x0, 0xc, 0xff, 0x0, 0xcf, 0xff,
    0xff, 0xfc, 0xff, 0xff, 0xff, 0x45, 0xdf, 0xf5,
    0x50, 0xc, 0xff, 0x0, 0x0, 0xcf, 0xf0, 0x0,
    0xc, 0xff, 0x0, 0x0, 0xcf, 0xf0, 0x0, 0xc,
    0xff, 0x0, 0x0, 0xcf, 0xf0, 0x0,

    /* U+0075 "u" */
    0x4f, 0xf8, 0x0, 0xdf, 0xf4, 0xff, 0x80, 0xd,
    0xff, 0x4f, 0xf8, 0x0, 0xdf, 0xf4, 0xff, 0x80,
    0xd, 0xff, 0x4f, 0xf8, 0x0, 0xdf, 0xf3, 0xff,
    0x90, 0xe, 0xfe, 0xf, 0xff, 0x8a, 0xff, 0xb0,
    0x7f, 0xff, 0xff, 0xf3, 0x0, 0x5c, 0xff, 0xb2,
    0x0,

    /* U+0076 "v" */
    0xcf, 0xf2, 0x0, 0x6f, 0xf7, 0x5f, 0xf7, 0x0,
    0xcf, 0xf1, 0xe, 0xfd, 0x1, 0xff, 0x90, 0x8,
    0xff, 0x27, 0xff, 0x30, 0x2, 0xff, 0x8c, 0xfc,
    0x0, 0x0, 0xbf, 0xef, 0xf6, 0x0, 0x0, 0x4f,
    0xff, 0xe0, 0x0, 0x0, 0xe, 0xff, 0x80, 0x0,
    0x0, 0x7, 0xff, 0x20, 0x0,

    /* U+0077 "w" */
    0xbf, 0xe0, 0x3, 0xff, 0x50, 0xc, 0xfe, 0x6,
    0xff, 0x30, 0x8f, 0xfa, 0x1, 0xff, 0x80, 0x1f,
    0xf8, 0xd, 0xff, 0xf0, 0x6f, 0xf3, 0x0, 0xbf,
    0xc2, 0xff, 0xff, 0x4a, 0xfd, 0x0, 0x6, 0xff,
    0x9f, 0xdb, 0xfa, 0xff, 0x80, 0x0, 0x1f, 0xff,
    0xf8, 0x6f, 0xff, 0xf3, 0x0, 0x0, 0xbf, 0xff,
    0x21, 0xff, 0xfd, 0x0, 0x0, 0x6, 0xff, 0xd0,
    0xb, 0xff, 0x80, 0x0, 0x0, 0x1f, 0xf8, 0x0,
    0x6f, 0xf2, 0x0, 0x0,

    /* U+0078 "x" */
    0x6f, 0xfc, 0x0, 0xdf, 0xf1, 0xb, 0xff, 0x58,
    0xff, 0x60, 0x2, 0xff, 0xef, 0xfb, 0x0, 0x0,
    0x6f, 0xff, 0xf1, 0x0, 0x0, 0xe, 0xff, 0xa0,
    0x0, 0x0, 0x8f, 0xff, 0xf4, 0x0, 0x3, 0xff,
    0xbf, 0xfd, 0x0, 0xd, 0xff, 0x18, 0xff, 0x90,
    0x9f, 0xf6, 0x0, 0xef, 0xf3,

    /* U+0079 "y" */
    0xbf, 0xf3, 0x0, 0x9f, 0xf5, 0x5f, 0xf8, 0x0,
    0xef, 0xe0, 0xe, 0xfd, 0x4, 0xff, 0x80, 0x8,
    0xff, 0x29, 0xff, 0x10, 0x2, 0xff, 0x7e, 0xfa,
    0x0, 0x0, 0xbf, 0xff, 0xf4, 0x0, 0x0, 0x5f,
    0xff, 0xd0, 0x0, 0x0, 0xe, 0xff, 0x60, 0x0,
    0x0, 0xb, 0xff, 0x0, 0x0, 0x0, 0x1f, 0xf9,
    0x0, 0x0, 0x0, 0x7f, 0xf3, 0x0, 0x0, 0x0,
    0xef, 0xd0, 0x0, 0x0, 0x5, 0xff, 0x70, 0x0,
    0x0,

    /* U+007A "z" */
    0x4f, 0xff, 0xff, 0xff, 0x24, 0xff, 0xff, 0xff,
    0xf1, 0x15, 0x55, 0xff, 0xf7, 0x0, 0x0, 0xaf,
    0xfb, 0x0, 0x0, 0x6f, 0xfe, 0x10, 0x0, 0x3f,
    0xff, 0x30, 0x0, 0x1d, 0xff, 0xb5, 0x55, 0x8,
    0xff, 0xff, 0xff, 0xf0, 0x9f, 0xff, 0xff, 0xff,
    0x0,

    /* U+007B "{" */
    0x0, 0x7e, 0xf9, 0x5, 0xff, 0xf9, 0x8, 0xfd,
    0x10, 0x8, 0xfb, 0x0, 0x6, 0xfd, 0x0, 0x7,
    0xfd, 0x0, 0xaf, 0xf8, 0x0, 0xaf, 0xf6, 0x0,
    0x7, 0xfd, 0x0, 0x6, 0xfd, 0x0, 0x7, 0xfc,
    0x0, 0x8, 0xfb, 0x0, 0x8, 0xfd, 0x10, 0x4,
    0xff, 0xf9, 0x0, 0x6d, 0xf9,

    /* U+007C "|" */
    0x36, 0x68, 0xff, 0x8f, 0xf8, 0xff, 0x8f, 0xf8,
    0xff, 0x8f, 0xf8, 0xff, 0x8f, 0xf8, 0xff, 0x8f,
    0xf8, 0xff, 0x8f, 0xf8, 0xff, 0x8f, 0xf8, 0xff,
    0x8f, 0xf0,

    /* U+007D "}" */
    0x8f, 0xe8, 0x0, 0x8f, 0xff, 0x60, 0x1, 0xcf,
    0x90, 0x0, 0xaf, 0x90, 0x0, 0xcf, 0x70, 0x0,
    0xcf, 0x70, 0x0, 0x7f, 0xfb, 0x0, 0x5f, 0xfb,
    0x0, 0xcf, 0x80, 0x0, 0xcf, 0x70, 0x0, 0xbf,
    0x80, 0x0, 0xaf, 0x90, 0x1, 0xcf, 0x90, 0x8f,
    0xff, 0x50, 0x8f, 0xe7, 0x0,

    /* U+007E "~" */
    0x0, 0x24, 0x20, 0x0, 0x0, 0x9, 0xff, 0xfa,
    0x59, 0xc0, 0x3f, 0xff, 0xff, 0xff, 0xf5, 0x5,
    0x60, 0x4c, 0xfd, 0x50,

    /* U+F001 "" */
    0x0, 0x0, 0x0, 0x0, 0x0, 0x0, 0x27, 0xcf,
    0x30, 0x0, 0x0, 0x0, 0x0, 0x38, 0xdf, 0xff,
    0xf5, 0x0, 0x0, 0x0, 0x39, 0xef, 0xff, 0xff,
    0xff, 0x50, 0x0, 0x0, 0xe, 0xff, 0xff, 0xff,
    0xff, 0xf5, 0x0, 0x0, 0x0, 0xef, 0xff, 0xff,
    0xff, 0xff, 0x50, 0x0, 0x0, 0xe, 0xff, 0xff,
    0xff, 0xc7, 0xf5, 0x0, 0x0, 0x0, 0xef, 0xff,
    0xb6, 0x10, 0xe, 0x50, 0x0, 0x0, 0xe, 0xb4,
    0x0, 0x0, 0x0, 0xe5, 0x0, 0x0, 0x0, 0xe5,
    0x0, 0x0, 0x0, 0xe, 0x50, 0x0, 0x0, 0xe,
    0x50, 0x0, 0x0, 0x0, 0xe5, 0x0, 0x0, 0x0,
    0xe5, 0x0, 0x6, 0xaa, 0x8f, 0x50, 0x0, 0x0,
    0xe, 0x50, 0xc, 0xff, 0xff, 0xf5, 0x0, 0x1,
    0x10, 0xe5, 0x0, 0xff, 0xff, 0xff, 0x40, 0x4d,
    0xff, 0xef, 0x50, 0x4, 0xdf, 0xfe, 0x70, 0xf,
    0xff, 0xff, 0xf5, 0x0, 0x0, 0x11, 0x0, 0x0,
    0xcf, 0xff, 0xfe, 0x20, 0x0, 0x0, 0x0, 0x0,
    0x0, 0x6a, 0xa7, 0x10, 0x0, 0x0, 0x0, 0x0,
    0x0,

    /* U+F008 "" */
    0x1, 0x22, 0x22, 0x22, 0x22, 0x22, 0x22, 0x22,
    0x22, 0x0, 0x9f, 0xff, 0xff, 0xff, 0xff, 0xff,
    0xff, 0xff, 0xff, 0xd0, 0xf8, 0x26, 0xf6, 0x22,
    0x22, 0x22, 0x23, 0xf9, 0x24, 0xf4, 0xf4, 0x2,
    0xf2, 0x0, 0x0, 0x0, 0x0, 0xe5, 0x0, 0xf4,
    0xf9, 0x48, 0xf2, 0x0, 0x0, 0x0, 0x0, 0xea,
    0x46, 0xf4, 0xff, 0xff, 0xf2, 0x0, 0x0, 0x0,
    0x0, 0xef, 0xff, 0xf4, 0xf6, 0x4, 0xf2, 0x0,
    0x0, 0x0, 0x0, 0xe7, 0x2, 0xf4, 0xf4, 0x2,
    0xf2, 0x0, 0x0, 0x0, 0x0, 0xe5, 0x0, 0xf4,
    0xfa, 0x58, 0xf8, 0x55, 0x55, 0x55, 0x56, 0xfb,
    0x57, 0xf4, 0xff, 0xff, 0xff, 0xff, 0xff, 0xff,
    0xff, 0xff, 0xff, 0xf4, 0xf6, 0x3, 0xf3, 0x0,
    0x0, 0x0, 0x0, 0xf7, 0x1, 0xf4, 0xf4, 0x2,
    0xf2, 0x0, 0x0, 0x0, 0x0, 0xe5, 0x0, 0xf4,
    0xfa, 0x59, 0xf2, 0x0, 0x0, 0x0, 0x0, 0xeb,
    0x57, 0xf4, 0xff, 0xff, 0xf2, 0x0, 0x0, 0x0,
    0x0, 0xef, 0xff, 0xf4, 0xf5, 0x3, 0xf2, 0x0,
    0x0, 0x0, 0x0, 0xe6, 0x1, 0xf4, 0xf5, 0x3,
    0xf3, 0x0, 0x0, 0x0, 0x0, 0xf6, 0x1, 0xf4,
    0xbf, 0xff, 0xff, 0xff, 0xff, 0xff, 0xff, 0xff,
    0xff, 0xf1, 0x4, 0x55, 0x55, 0x55, 0x55, 0x55,
    0x55, 0x55, 0x55, 0x10,

    /* U+F00B "" */
    0x0, 0x0, 0x0, 0x0, 0x0, 0x0, 0x0, 0x0,
    0x0, 0xdf, 0xff, 0xe0, 0x6f, 0xff, 0xff, 0xff,
    0xff, 0xfd, 0xff, 0xff, 0xf2, 0x9f, 0xff, 0xff,
    0xff, 0xff, 0xff, 0xff, 0xff, 0xf2, 0x9f, 0xff,
    0xff, 0xff, 0xff, 0xff, 0x9d, 0xdd, 0xb0, 0x4c,
    0xdd, 0xdd, 0xdd, 0xdd, 0xd9, 0x0, 0x0, 0x0,
    0x0, 0x0, 0x0, 0x0, 0x0, 0x0, 0xcf, 0xff,
    0xe0, 0x6f, 0xff, 0xff, 0xff, 0xff, 0xfc, 0xff,
    0xff, 0xf2, 0x9f, 0xff, 0xff, 0xff, 0xff, 0xff,
    0xff, 0xff, 0xf2, 0x9f, 0xff, 0xff, 0xff, 0xff,
    0xff, 0xad, 0xdd, 0xb0, 0x4d, 0xdd, 0xdd, 0xdd,
    0xdd, 0xda, 0x0, 0x0, 0x0, 0x0, 0x0, 0x0,
    0x0, 0x0, 0x0, 0xad, 0xdd, 0xb0, 0x4d, 0xdd,
    0xdd, 0xdd, 0xdd, 0xda, 0xff, 0xff, 0xf2, 0x9f,
    0xff, 0xff, 0xff, 0xff, 0xff, 0xff, 0xff, 0xf2,
    0x9f, 0xff, 0xff, 0xff, 0xff, 0xff, 0xcf, 0xff,
    0xe0, 0x6f, 0xff, 0xff, 0xff, 0xff, 0xfc,

    /* U+F00C "" */
    0x0, 0x0, 0x0, 0x0, 0x0, 0x0, 0x0, 0x0,
    0x0, 0x0, 0x0, 0x0, 0x0, 0x0, 0x8f, 0x60,
    0x0, 0x0, 0x0, 0x0, 0x0, 0x8, 0xff, 0xf6,
    0x0, 0x0, 0x0, 0x0, 0x0, 0x8f, 0xff, 0xfb,
    0x0, 0x61, 0x0, 0x0, 0x8, 0xff, 0xff, 0xd1,
    0xc, 0xfc, 0x10, 0x0, 0x8f, 0xff, 0xfd, 0x10,
    0xaf, 0xff, 0xc1, 0x8, 0xff, 0xff, 0xd1, 0x0,
    0x8f, 0xff, 0xfc, 0x8f, 0xff, 0xfd, 0x10, 0x0,
    0x9, 0xff, 0xff, 0xff, 0xff, 0xd1, 0x0, 0x0,
    0x0, 0x9f, 0xff, 0xff, 0xfd, 0x10, 0x0, 0x0,
    0x0, 0x9, 0xff, 0xff, 0xd1, 0x0, 0x0, 0x0,
    0x0, 0x0, 0x9f, 0xfd, 0x10, 0x0, 0x0, 0x0,
    0x0, 0x0, 0x8, 0xb1, 0x0, 0x0, 0x0, 0x0,

    /* U+F00D "" */
    0x4, 0xb3, 0x0, 0x0, 0x1b, 0x60, 0x4, 0xff,
    0xe3, 0x0, 0x1d, 0xff, 0x60, 0xdf, 0xff, 0xe3,
    0x1d, 0xff, 0xff, 0x5, 0xff, 0xff, 0xed, 0xff,
    0xff, 0x70, 0x5, 0xff, 0xff, 0xff, 0xff, 0x70,
    0x0, 0x5, 0xff, 0xff, 0xff, 0x70, 0x0, 0x0,
    0x1e, 0xff, 0xff, 0xf3, 0x0, 0x0, 0x1d, 0xff,
    0xff, 0xff, 0xe3, 0x0, 0x1d, 0xff, 0xff, 0xff,
    0xff, 0xe3, 0xc, 0xff, 0xff, 0x75, 0xff, 0xff,
    0xe0, 0x8f, 0xff, 0x70, 0x5, 0xff, 0xfb, 0x0,
    0x9f, 0x70, 0x0, 0x5, 0xfb, 0x0, 0x0, 0x10,
    0x0, 0x0, 0x1, 0x0, 0x0,

    /* U+F011 "" */
    0x0, 0x0, 0x0, 0x2, 0x0, 0x0, 0x0, 0x0,
    0x0, 0x0, 0x0, 0x5f, 0xc0, 0x0, 0x0, 0x0,
    0x0, 0x0, 0x0, 0x9f, 0xf0, 0x0, 0x0, 0x0,
    0x0, 0x3e, 0xb0, 0x9f, 0xf0, 0x5e, 0x80, 0x0,
    0x3, 0xff, 0xf1, 0x9f, 0xf0, 0xaf, 0xf9, 0x0,
    0xd, 0xff, 0x60, 0x9f, 0xf0, 0x2e, 0xff, 0x40,
    0x6f, 0xf8, 0x0, 0x9f, 0xf0, 0x2, 0xff, 0xc0,
    0xbf, 0xf0, 0x0, 0x9f, 0xf0, 0x0, 0x9f, 0xf2,
    0xef, 0xb0, 0x0, 0x8f, 0xf0, 0x0, 0x4f, 0xf4,
    0xff, 0x90, 0x0, 0x2b, 0x60, 0x0, 0x2f, 0xf6,
    0xef, 0xb0, 0x0, 0x0, 0x0, 0x0, 0x4f, 0xf4,
    0xaf, 0xf1, 0x0, 0x0, 0x0, 0x0, 0xaf, 0xf1,
    0x5f, 0xf9, 0x0, 0x0, 0x0, 0x3, 0xff, 0xb0,
    0xc, 0xff, 0x90, 0x0, 0x0, 0x4e, 0xff, 0x30,
    0x2, 0xef, 0xfe, 0x97, 0x8c, 0xff, 0xf7, 0x0,
    0x0, 0x2d, 0xff, 0xff, 0xff, 0xff, 0x60, 0x0,
    0x0, 0x0, 0x6c, 0xff, 0xfe, 0x91, 0x0, 0x0,
    0x0, 0x0, 0x0, 0x1, 0x10, 0x0, 0x0, 0x0,

    /* U+F013 "" */
    0x0, 0x0, 0x0, 0x12, 0x10, 0x0, 0x0, 0x0,
    0x0, 0x0, 0x0, 0xdf, 0xf1, 0x0, 0x0, 0x0,
    0x0, 0x2a, 0x10, 0xff, 0xf3, 0x9, 0x40, 0x0,
    0x2, 0xef, 0xed, 0xff, 0xfe, 0xdf, 0xf4, 0x0,
    0x7, 0xff, 0xff, 0xff, 0xff, 0xff, 0xfa, 0x0,
    0x0, 0xbf, 0xff, 0xff, 0xff, 0xff, 0xe1, 0x0,
    0x2, 0xcf, 0xfe, 0x50, 0x3d, 0xff, 0xe2, 0x0,
    0xff, 0xff, 0xf6, 0x0, 0x2, 0xff, 0xff, 0xf2,
    0xff, 0xff, 0xf2, 0x0, 0x0, 0xff, 0xff, 0xf3,
    0xff, 0xff, 0xf6, 0x0, 0x2, 0xff, 0xff, 0xf3,
    0x2, 0xcf, 0xfe, 0x40, 0x2c, 0xff, 0xe3, 0x10,
    0x0, 0xbf, 0xff, 0xff, 0xff, 0xff, 0xe1, 0x0,
    0x6, 0xff, 0xff, 0xff, 0xff, 0xff, 0xfa, 0x0,
    0x2, 0xef, 0xfd, 0xff, 0xfe, 0xdf, 0xf5, 0x0,
    0x0, 0x2b, 0x20, 0xff, 0xf4, 0xa, 0x50, 0x0,
    0x0, 0x0, 0x0, 0xdf, 0xf1, 0x0, 0x0, 0x0,
    0x0, 0x0, 0x0, 0x23, 0x20, 0x0, 0x0, 0x0,

    /* U+F015 "" */
    0x0, 0x0, 0x0, 0x8, 0xd5, 0x5, 0xdd, 0x10,
    0x0, 0x0, 0x0, 0xb, 0xff, 0xf7, 0x7f, 0xf2,
    0x0, 0x0, 0x0, 0x2d, 0xf8, 0x2c, 0xfe, 0xff,
    0x20, 0x0, 0x0, 0x3e, 0xf6, 0x9f, 0x59, 0xff,
    0xf2, 0x0, 0x0, 0x6f, 0xe4, 0xbf, 0xff, 0x87,
    0xff, 0x40, 0x0, 0x8f, 0xd4, 0xdf, 0xff, 0xff,
    0xa5, 0xff, 0x50, 0x9f, 0xb5, 0xff, 0xff, 0xff,
    0xff, 0xd4, 0xdf, 0x42, 0x74, 0xff, 0xff, 0xff,
    0xff, 0xff, 0xe2, 0x80, 0x0, 0x6f, 0xff, 0xff,
    0xff, 0xff, 0xff, 0x20, 0x0, 0x6, 0xff, 0xff,
    0x32, 0x7f, 0xff, 0xf2, 0x0, 0x0, 0x6f, 0xff,
    0xf1, 0x5, 0xff, 0xff, 0x20, 0x0, 0x6, 0xff,
    0xff, 0x10, 0x5f, 0xff, 0xf2, 0x0, 0x0, 0x4f,
    0xff, 0xf1, 0x5, 0xff, 0xff, 0x10, 0x0,

    /* U+F019 "" */
    0x0, 0x0, 0x0, 0x15, 0x54, 0x0, 0x0, 0x0,
    0x0, 0x0, 0x0, 0x8, 0xff, 0xf4, 0x0, 0x0,
    0x0, 0x0, 0x0, 0x0, 0x9f, 0xff, 0x40, 0x0,
    0x0, 0x0, 0x0, 0x0, 0x9, 0xff, 0xf4, 0x0,
    0x0, 0x0, 0x0, 0x0, 0x0, 0x9f, 0xff, 0x40,
    0x0, 0x0, 0x0, 0x0, 0x13, 0x3a, 0xff, 0xf6,
    0x32, 0x0, 0x0, 0x0, 0xa, 0xff, 0xff, 0xff,
    0xff, 0xf6, 0x0, 0x0, 0x0, 0x1d, 0xff, 0xff,
    0xff, 0xfb, 0x0, 0x0, 0x0, 0x0, 0x1d, 0xff,
    0xff, 0xfb, 0x0, 0x0, 0x0, 0x0, 0x0, 0x1d,
    0xff, 0xfb, 0x0, 0x0, 0x0, 0x0, 0x0, 0x0,
    0x1d, 0xfa, 0x0, 0x0, 0x0, 0xd, 0xff, 0xff,
    0xf4, 0x17, 0x7, 0xff, 0xff, 0xfb, 0xff, 0xff,
    0xff, 0xf7, 0x4a, 0xff, 0xff, 0xff, 0xef, 0xff,
    0xff, 0xff, 0xff, 0xff, 0xeb, 0xfb, 0xde, 0xff,
    0xff, 0xff, 0xff, 0xff, 0xfc, 0x8f, 0x8a, 0xec,
    0xff, 0xff, 0xff, 0xff, 0xff, 0xff, 0xff, 0xfb,

    /* U+F01C "" */
    0x0, 0x3d, 0xee, 0xee, 0xee, 0xee, 0x80, 0x0,
    0x0, 0xbf, 0xff, 0xff, 0xff, 0xff, 0xf2, 0x0,
    0x2, 0xfe, 0x10, 0x0, 0x0, 0x8, 0xf8, 0x0,
    0x9, 0xf8, 0x0, 0x0, 0x0, 0x2, 0xfe, 0x0,
    0xf, 0xf1, 0x0, 0x0, 0x0, 0x0, 0xbf, 0x60,
    0x6f, 0xa0, 0x0, 0x0, 0x0, 0x0, 0x4f, 0xd0,
    0xcf, 0x40, 0x0, 0x0, 0x0, 0x0, 0xd, 0xf3,
    0xff, 0xcc, 0xc4, 0x0, 0x0, 0xbc, 0xce, 0xf6,
    0xff, 0xff, 0xfc, 0x0, 0x5, 0xff, 0xff, 0xf6,
    0xff, 0xff, 0xff, 0xdd, 0xdf, 0xff, 0xff, 0xf6,
    0xff, 0xff, 0xff, 0xff, 0xff, 0xff, 0xff, 0xf6,
    0xff, 0xff, 0xff, 0xff, 0xff, 0xff, 0xff, 0xf6,
    0xef, 0xff, 0xff, 0xff, 0xff, 0xff, 0xff, 0xf4,

    /* U+F021 "" */
    0x0, 0x0, 0x0, 0x35, 0x42, 0x0, 0x0, 0x0,
    0x0, 0x1, 0xaf, 0xff, 0xff, 0xd6, 0x0, 0x65,
    0x0, 0x4f, 0xff, 0xff, 0xff, 0xff, 0xc8, 0xfa,
    0x4, 0xff, 0xfc, 0x64, 0x47, 0xef, 0xff, 0xfa,
    0xe, 0xff, 0x70, 0x0, 0x0, 0xd, 0xff, 0xfa,
    0x6f, 0xf8, 0x0, 0x0, 0x0, 0x7f, 0xff, 0xfa,
    0xbf, 0xe0, 0x0, 0x0, 0x0, 0xff, 0xff, 0xf8,
    0x1, 0x0, 0x0, 0x0, 0x0, 0x1, 0x11, 0x10,
    0x0, 0x0, 0x0, 0x0, 0x0, 0x0, 0x0, 0x0,
    0x35, 0x55, 0x52, 0x0, 0x0, 0x0, 0x5, 0x51,
    0xff, 0xff, 0xfa, 0x0, 0x0, 0x0, 0x7f, 0xf3,
    0xff, 0xff, 0xc1, 0x0, 0x0, 0x2, 0xef, 0xd0,
    0xff, 0xff, 0xa0, 0x0, 0x0, 0x3e, 0xff, 0x50,
    0xff, 0xff, 0xfe, 0x97, 0x8b, 0xff, 0xf9, 0x0,
    0xfd, 0x3d, 0xff, 0xff, 0xff, 0xff, 0x80, 0x0,
    0x51, 0x0, 0x6c, 0xff, 0xfe, 0xa3, 0x0, 0x0,
    0x0, 0x0, 0x0, 0x1, 0x10, 0x0, 0x0, 0x0,

    /* U+F026 "" */
    0x0, 0x0, 0x0, 0x12, 0x0, 0x0, 0x2, 0xeb,
    0x0, 0x0, 0x2e, 0xfb, 0x0, 0x2, 0xef, 0xfb,
    0xbd, 0xde, 0xff, 0xfb, 0xff, 0xff, 0xff, 0xfb,
    0xff, 0xff, 0xff, 0xfb, 0xff, 0xff, 0xff, 0xfb,
    0xff, 0xff, 0xff, 0xfb, 0x35, 0x59, 0xff, 0xfb,
    0x0, 0x0, 0x8f, 0xfb, 0x0, 0x0, 0x8, 0xfb,
    0x0, 0x0, 0x0, 0x87,

    /* U+F027 "" */
    0x0, 0x0, 0x0, 0x12, 0x0, 0x0, 0x0, 0x0,
    0x2, 0xeb, 0x0, 0x0, 0x0, 0x0, 0x2e, 0xfb,
    0x0, 0x0, 0x0, 0x2, 0xef, 0xfb, 0x0, 0x0,
    0xbd, 0xde, 0xff, 0xfb, 0x7, 0x40, 0xff, 0xff,
    0xff, 0xfb, 0x9, 0xf2, 0xff, 0xff, 0xff, 0xfb,
    0x0, 0xd7, 0xff, 0xff, 0xff, 0xfb, 0x2, 0xf6,
    0xff, 0xff, 0xff, 0xfb, 0xc, 0xc0, 0x35, 0x59,
    0xff, 0xfb, 0x1, 0x0, 0x0, 0x0, 0x8f, 0xfb,
    0x0, 0x0, 0x0, 0x0, 0x8, 0xfb, 0x0, 0x0,
    0x0, 0x0, 0x0, 0x87, 0x0, 0x0,

    /* U+F028 "" */
    0x0, 0x0, 0x0, 0x0, 0x0, 0x4, 0x20, 0x0,
    0x0, 0x0, 0x0, 0x2, 0x20, 0x0, 0xbf, 0x80,
    0x0, 0x0, 0x0, 0x2, 0xeb, 0x0, 0x0, 0x5f,
    0xa0, 0x0, 0x0, 0x2, 0xef, 0xb0, 0xc, 0xb1,
    0x3f, 0x70, 0x0, 0x2, 0xef, 0xfb, 0x0, 0x2c,
    0xd1, 0x7f, 0x1b, 0xdd, 0xff, 0xff, 0xb0, 0x74,
    0xd, 0x90, 0xf6, 0xff, 0xff, 0xff, 0xfb, 0x7,
    0xf3, 0x6f, 0xa, 0xaf, 0xff, 0xff, 0xff, 0xb0,
    0xd, 0x72, 0xf1, 0x9b, 0xff, 0xff, 0xff, 0xfb,
    0x2, 0xf5, 0x4f, 0xa, 0xbf, 0xff, 0xff, 0xff,
    0xb0, 0xbb, 0xa, 0xc0, 0xd8, 0x34, 0x48, 0xff,
    0xfb, 0x0, 0x6, 0xf4, 0x3f, 0x30, 0x0, 0x8,
    0xff, 0xb0, 0xa, 0xf6, 0xc, 0xb0, 0x0, 0x0,
    0x8, 0xfb, 0x0, 0x52, 0xb, 0xe1, 0x0, 0x0,
    0x0, 0x7, 0x70, 0x0, 0x5e, 0xe2, 0x0, 0x0,
    0x0, 0x0, 0x0, 0x0, 0xa, 0x81, 0x0, 0x0,

    /* U+F03E "" */
    0x1, 0x22, 0x22, 0x22, 0x22, 0x22, 0x22, 0x22,
    0x22, 0x0, 0x9f, 0xff, 0xff, 0xff, 0xff, 0xff,
    0xff, 0xff, 0xff, 0xd0, 0xf6, 0x22, 0x22, 0x22,
    0x22, 0x22, 0x22, 0x22, 0x22, 0xf4, 0xf4, 0x4,
    0xa7, 0x0, 0x0, 0x0, 0x0, 0x0, 0x0, 0xf4,
    0xf4, 0x1f, 0xff, 0x60, 0x0, 0x0, 0x0, 0x0,
    0x0, 0xf4, 0xf4, 0x2f, 0xff, 0x80, 0x0, 0x1,
    0xd4, 0x0, 0x0, 0xf4, 0xf4, 0xa, 0xfe, 0x20,
    0x0, 0x1d, 0xff, 0x30, 0x0, 0xf4, 0xf4, 0x0,
    0x10, 0x0, 0x1, 0xdf, 0xff, 0xf3, 0x0, 0xf4,
    0xf4, 0x0, 0x2, 0x20, 0x1d, 0xff, 0xff, 0xff,
    0x30, 0xf4, 0xf4, 0x0, 0x2e, 0xe3, 0xdf, 0xff,
    0xff, 0xff, 0xb0, 0xf4, 0xf4, 0x2, 0xef, 0xff,
    0xff, 0xff, 0xff, 0xff, 0xb0, 0xf4, 0xf4, 0x1e,
    0xff, 0xff, 0xff, 0xff, 0xff, 0xff, 0xb0, 0xf4,
    0xf4, 0x3f, 0xff, 0xff, 0xff, 0xff, 0xff, 0xff,
    0xb0, 0xf4, 0xf4, 0x29, 0x99, 0x99, 0x99, 0x99,
    0x99, 0x99, 0x60, 0xf4, 0xf5, 0x0, 0x0, 0x0,
    0x0, 0x0, 0x0, 0x0, 0x0, 0xf4, 0xbf, 0xff,
    0xff, 0xff, 0xff, 0xff, 0xff, 0xff, 0xff, 0xe1,
    0x3, 0x44, 0x44, 0x44, 0x44, 0x44, 0x44, 0x44,
    0x44, 0x10,

    /* U+F048 "" */
    0x12, 0x0, 0x0, 0x0, 0x0, 0xf, 0xf8, 0x0,
    0x0, 0x0, 0xa4, 0xff, 0x90, 0x0, 0x0, 0xaf,
    0x4f, 0xf9, 0x0, 0x0, 0xaf, 0xf4, 0xff, 0x90,
    0x0, 0xaf, 0xff, 0x4f, 0xf9, 0x0, 0xaf, 0xff,
    0xf4, 0xff, 0x90, 0xaf, 0xff, 0xff, 0x4f, 0xf9,
    0xaf, 0xff, 0xff, 0xf4, 0xff, 0xff, 0xff, 0xff,
    0xff, 0x4f, 0xfa, 0xcf, 0xff, 0xff, 0xf4, 0xff,
    0x90, 0xcf, 0xff, 0xff, 0x4f, 0xf9, 0x0, 0xcf,
    0xff, 0xf4, 0xff, 0x90, 0x0, 0xcf, 0xff, 0x4f,
    0xf9, 0x0, 0x0, 0xcf, 0xf4, 0xff, 0x90, 0x0,
    0x0, 0xcf, 0x4f, 0xf8, 0x0, 0x0, 0x0, 0xc4,
    0x34, 0x10, 0x0, 0x0, 0x0, 0x0,

    /* U+F04B "" */
    0x10, 0x0, 0x0, 0x0, 0x0, 0x0, 0x0, 0xf,
    0xa1, 0x0, 0x0, 0x0, 0x0, 0x0, 0x0, 0xff,
    0xf8, 0x0, 0x0, 0x0, 0x0, 0x0, 0xf, 0xff,
    0xfe, 0x60, 0x0, 0x0, 0x0, 0x0, 0xff, 0xff,
    0xff, 0xd4, 0x0, 0x0, 0x0, 0xf, 0xff, 0xff,
    0xff, 0xfb, 0x30, 0x0, 0x0, 0xff, 0xff, 0xff,
    0xff, 0xff, 0xa1, 0x0, 0xf, 0xff, 0xff, 0xff,
    0xff, 0xff, 0xf8, 0x0, 0xff, 0xff, 0xff, 0xff,
    0xff, 0xff, 0xfe, 0xf, 0xff, 0xff, 0xff, 0xff,
    0xff, 0xfa, 0x20, 0xff, 0xff, 0xff, 0xff, 0xff,
    0xc3, 0x0, 0xf, 0xff, 0xff, 0xff, 0xfd, 0x50,
    0x0, 0x0, 0xff, 0xff, 0xff, 0xe7, 0x0, 0x0,
    0x0, 0xf, 0xff, 0xff, 0x81, 0x0, 0x0, 0x0,
    0x0, 0xff, 0xfa, 0x20, 0x0, 0x0, 0x0, 0x0,
    0xf, 0xc3, 0x0, 0x0, 0x0, 0x0, 0x0, 0x0,
    0x30, 0x0, 0x0, 0x0, 0x0, 0x0, 0x0, 0x0,

    /* U+F04C "" */
    0x12, 0x22, 0x22, 0x0, 0x1, 0x22, 0x22, 0x20,
    0xff, 0xff, 0xff, 0x50, 0xf, 0xff, 0xff, 0xf5,
    0xff, 0xff, 0xff, 0x60, 0xf, 0xff, 0xff, 0xf6,
    0xff, 0xff, 0xff, 0x60, 0xf, 0xff, 0xff, 0xf6,
    0xff, 0xff, 0xff, 0x60, 0xf, 0xff, 0xff, 0xf6,
    0xff, 0xff, 0xff, 0x60, 0xf, 0xff, 0xff, 0xf6,
    0xff, 0xff, 0xff, 0x60, 0xf, 0xff, 0xff, 0xf6,
    0xff, 0xff, 0xff, 0x60, 0xf, 0xff, 0xff, 0xf6,
    0xff, 0xff, 0xff, 0x60, 0xf, 0xff, 0xff, 0xf6,
    0xff, 0xff, 0xff, 0x60, 0xf, 0xff, 0xff, 0xf6,
    0xff, 0xff, 0xff, 0x60, 0xf, 0xff, 0xff, 0xf6,
    0xff, 0xff, 0xff, 0x60, 0xf, 0xff, 0xff, 0xf6,
    0xff, 0xff, 0xff, 0x60, 0xf, 0xff, 0xff, 0xf6,
    0xff, 0xff, 0xff, 0x60, 0xf, 0xff, 0xff, 0xf6,
    0xff, 0xff, 0xff, 0x60, 0xf, 0xff, 0xff, 0xf6,
    0xff, 0xff, 0xff, 0x60, 0xf, 0xff, 0xff, 0xf6,
    0x34, 0x44, 0x44, 0x0, 0x3, 0x44, 0x44, 0x40,

    /* U+F04D "" */
    0x12, 0x22, 0x22, 0x22, 0x22, 0x22, 0x22, 0x20,
    0xff, 0xff, 0xff, 0xff, 0xff, 0xff, 0xff, 0xf5,
    0xff, 0xff, 0xff, 0xff, 0xff, 0xff, 0xff, 0xf6,
    0xff, 0xff, 0xff, 0xff, 0xff, 0xff, 0xff, 0xf6,
    0xff, 0xff, 0xff, 0xff, 0xff, 0xff, 0xff, 0xf6,
    0xff, 0xff, 0xff, 0xff, 0xff, 0xff, 0xff, 0xf6,
    0xff, 0xff, 0xff, 0xff, 0xff, 0xff, 0xff, 0xf6,
    0xff, 0xff, 0xff, 0xff, 0xff, 0xff, 0xff, 0xf6,
    0xff, 0xff, 0xff, 0xff, 0xff, 0xff, 0xff, 0xf6,
    0xff, 0xff, 0xff, 0xff, 0xff, 0xff, 0xff, 0xf6,
    0xff, 0xff, 0xff, 0xff, 0xff, 0xff, 0xff, 0xf6,
    0xff, 0xff, 0xff, 0xff, 0xff, 0xff, 0xff, 0xf6,
    0xff, 0xff, 0xff, 0xff, 0xff, 0xff, 0xff, 0xf6,
    0xff, 0xff, 0xff, 0xff, 0xff, 0xff, 0xff, 0xf6,
    0xff, 0xff, 0xff, 0xff, 0xff, 0xff, 0xff, 0xf6,
    0xff, 0xff, 0xff, 0xff, 0xff, 0xff, 0xff, 0xf6,
    0x34, 0x44, 0x44, 0x44, 0x44, 0x44, 0x44, 0x40,

    /* U+F051 "" */
    0x0, 0x0, 0x0, 0x0, 0x2, 0x10, 0x3b, 0x0,
    0x0, 0x0, 0x6f, 0xf0, 0x3f, 0xb0, 0x0, 0x0,
    0x7f, 0xf1, 0x3f, 0xfb, 0x0, 0x0, 0x7f, 0xf1,
    0x3f, 0xff, 0xb0, 0x0, 0x7f, 0xf1, 0x3f, 0xff,
    0xfb, 0x0, 0x7f, 0xf1, 0x3f, 0xff, 0xff, 0xb0,
    0x7f, 0xf1, 0x3f, 0xff, 0xff, 0xfb, 0x8f, 0xf1,
    0x3f, 0xff, 0xff, 0xff, 0xff, 0xf1, 0x3f, 0xff,
    0xff, 0xfd, 0x9f, 0xf1, 0x3f, 0xff, 0xff, 0xd1,
    0x7f, 0xf1, 0x3f, 0xff, 0xfd, 0x10, 0x7f, 0xf1,
    0x3f, 0xff, 0xd1, 0x0, 0x7f, 0xf1, 0x3f, 0xfd,
    0x10, 0x0, 0x7f, 0xf1, 0x3f, 0xd1, 0x0, 0x0,
    0x7f, 0xf1, 0x3d, 0x10, 0x0, 0x0, 0x7f, 0xf0,
    0x1, 0x0, 0x0, 0x0, 0x4, 0x30,

    /* U+F052 "" */
    0x0, 0x0, 0x0, 0x1, 0xc6, 0x0, 0x0, 0x0,
    0x0, 0x0, 0x0, 0x1, 0xdf, 0xf6, 0x0, 0x0,
    0x0, 0x0, 0x0, 0x1, 0xdf, 0xff, 0xf6, 0x0,
    0x0, 0x0, 0x0, 0x1, 0xdf, 0xff, 0xff, 0xf6,
    0x0, 0x0, 0x0, 0x1, 0xdf, 0xff, 0xff, 0xff,
    0xf6, 0x0, 0x0, 0x1, 0xdf, 0xff, 0xff, 0xff,
    0xff, 0xf6, 0x0, 0x1, 0xdf, 0xff, 0xff, 0xff,
    0xff, 0xff, 0xf6, 0x0, 0xad, 0xdd, 0xdd, 0xdd,
    0xdd, 0xdd, 0xdd, 0xd3, 0x0, 0x0, 0x0, 0x0,
    0x0, 0x0, 0x0, 0x0, 0x0, 0xbd, 0xdd, 0xdd,
    0xdd, 0xdd, 0xdd, 0xdd, 0xd4, 0xf, 0xff, 0xff,
    0xff, 0xff, 0xff, 0xff, 0xff, 0x70, 0xff, 0xff,
    0xff, 0xff, 0xff, 0xff, 0xff, 0xf7, 0xd, 0xff,
    0xff, 0xff, 0xff, 0xff, 0xff, 0xff, 0x50,

    /* U+F053 "" */
    0x0, 0x0, 0x0, 0x0, 0x10, 0x0, 0x0, 0x0,
    0x0, 0x4f, 0x90, 0x0, 0x0, 0x0, 0x4f, 0xff,
    0x80, 0x0, 0x0, 0x4f, 0xff, 0xfb, 0x0, 0x0,
    0x4f, 0xff, 0xfc, 0x10, 0x0, 0x4f, 0xff, 0xfc,
    0x10, 0x0, 0x4f, 0xff, 0xfc, 0x10, 0x0, 0x4f,
    0xff, 0xfc, 0x10, 0x0, 0x3f, 0xff, 0xfc, 0x10,
    0x0, 0x2, 0xef, 0xff, 0xd1, 0x0, 0x0, 0x3,
    0xef, 0xff, 0xd1, 0x0, 0x0, 0x3, 0xef, 0xff,
    0xd1, 0x0, 0x0, 0x3, 0xef, 0xff, 0xd1, 0x0,
    0x0, 0x3, 0xef, 0xff, 0xd1, 0x0, 0x0, 0x3,
    0xef, 0xff, 0xc0, 0x0, 0x0, 0x3, 0xef, 0xf6,
    0x0, 0x0, 0x0, 0x3, 0xe6, 0x0, 0x0, 0x0,
    0x0, 0x0, 0x0,

    /* U+F054 "" */
    0x0, 0x0, 0x0, 0x0, 0x0, 0x0, 0x0, 0xae,
    0x30, 0x0, 0x0, 0x0, 0xa, 0xff, 0xe3, 0x0,
    0x0, 0x0, 0xd, 0xff, 0xfe, 0x30, 0x0, 0x0,
    0x2, 0xef, 0xff, 0xe3, 0x0, 0x0, 0x0, 0x2e,
    0xff, 0xfe, 0x30, 0x0, 0x0, 0x2, 0xef, 0xff,
    0xe3, 0x0, 0x0, 0x0, 0x2e, 0xff, 0xfe, 0x30,
    0x0, 0x0, 0x2, 0xef, 0xff, 0xe2, 0x0, 0x0,
    0x3, 0xef, 0xff, 0xe1, 0x0, 0x0, 0x3e, 0xff,
    0xfe, 0x10, 0x0, 0x3, 0xef, 0xff, 0xe1, 0x0,
    0x0, 0x3e, 0xff, 0xfe, 0x10, 0x0, 0x3, 0xef,
    0xff, 0xe1, 0x0, 0x0, 0xe, 0xff, 0xfe, 0x10,
    0x0, 0x0, 0x9, 0xff, 0xe1, 0x0, 0x0, 0x0,
    0x0, 0x8d, 0x10, 0x0, 0x0, 0x0, 0x0, 0x0,
    0x0, 0x0, 0x0, 0x0,

    /* U+F067 "" */
    0x0, 0x0, 0x0, 0x22, 0x0, 0x0, 0x0, 0x0,
    0x0, 0x0, 0xbf, 0xfe, 0x0, 0x0, 0x0, 0x0,
    0x0, 0xd, 0xff, 0xf0, 0x0, 0x0, 0x0, 0x0,
    0x0, 0xdf, 0xff, 0x0, 0x0, 0x0, 0x0, 0x0,
    0xd, 0xff, 0xf0, 0x0, 0x0, 0x0, 0x0, 0x0,
    0xdf, 0xff, 0x0, 0x0, 0x0, 0xcf, 0xff, 0xff,
    0xff, 0xff, 0xff, 0xfe, 0xf, 0xff, 0xff, 0xff,
    0xff, 0xff, 0xff, 0xf2, 0xff, 0xff, 0xff, 0xff,
    0xff, 0xff, 0xff, 0x2a, 0xdd, 0xdd, 0xff, 0xff,
    0xdd, 0xdd, 0xb0, 0x0, 0x0, 0xd, 0xff, 0xf0,
    0x0, 0x0, 0x0, 0x0, 0x0, 0xdf, 0xff, 0x0,
    0x0, 0x0, 0x0, 0x0, 0xd, 0xff, 0xf0, 0x0,
    0x0, 0x0, 0x0, 0x0, 0xdf, 0xff, 0x0, 0x0,
    0x0, 0x0, 0x0, 0xa, 0xff, 0xc0, 0x0, 0x0,
    0x0,

    /* U+F068 "" */
    0xcf, 0xff, 0xff, 0xff, 0xff, 0xff, 0xfe, 0xf,
    0xff, 0xff, 0xff, 0xff, 0xff, 0xff, 0xf2, 0xff,
    0xff, 0xff, 0xff, 0xff, 0xff, 0xff, 0x2a, 0xdd,
    0xdd, 0xdd, 0xdd, 0xdd, 0xdd, 0xb0,

    /* U+F06E "" */
    0x0, 0x0, 0x0, 0x36, 0x88, 0x63, 0x0, 0x0,
    0x0, 0x0, 0x0, 0x6d, 0xff, 0xff, 0xff, 0xd6,
    0x0, 0x0, 0x0, 0x1c, 0xff, 0xf5, 0x1a, 0xff,
    0xff, 0xc1, 0x0, 0x3, 0xeb, 0x5f, 0x56, 0xff,
    0xff, 0xf5, 0xbe, 0x30, 0x1e, 0xa0, 0x7f, 0x1f,
    0xff, 0xff, 0xf7, 0xa, 0xe1, 0xbc, 0x0, 0x7f,
    0xbf, 0xff, 0xff, 0xf7, 0x0, 0xcb, 0xe8, 0x0,
    0x3f, 0xff, 0xff, 0xff, 0xf3, 0x0, 0x8e, 0x5f,
    0x50, 0xa, 0xff, 0xff, 0xff, 0xa0, 0x5, 0xf5,
    0x8, 0xf6, 0x0, 0xaf, 0xff, 0xfa, 0x0, 0x6f,
    0x80, 0x0, 0x7f, 0x91, 0x2, 0x66, 0x20, 0x19,
    0xf7, 0x0, 0x0, 0x4, 0xdf, 0xa6, 0x45, 0x6a,
    0xfd, 0x40, 0x0, 0x0, 0x0, 0x5, 0xad, 0xff,
    0xda, 0x50, 0x0, 0x0,

    /* U+F070 "" */
    0x0, 0x0, 0x0, 0x0, 0x0, 0x5, 0x20, 0x0,
    0x0, 0x0, 0x0, 0x0, 0x37, 0x88, 0x7f, 0xf0,
    0x0, 0x0, 0x0, 0x0, 0x7e, 0xff, 0xff, 0xff,
    0x90, 0x0, 0x0, 0x0, 0x1c, 0xff, 0xf5, 0x1a,
    0xfe, 0x10, 0x81, 0x0, 0x3, 0xeb, 0x5f, 0x56,
    0xff, 0xf7, 0x0, 0xce, 0x30, 0x1e, 0xa0, 0x7f,
    0x1f, 0xff, 0xd0, 0x4, 0xa, 0xe2, 0xbc, 0x0,
    0x6f, 0xbf, 0xff, 0x50, 0x56, 0x0, 0xcb, 0xe8,
    0x0, 0x3f, 0xff, 0xfc, 0x0, 0xe2, 0x0, 0x8e,
    0x5f, 0x40, 0xa, 0xff, 0xf3, 0x7, 0xa0, 0x5,
    0xf6, 0x8, 0xf5, 0x0, 0xdf, 0xa0, 0x18, 0x0,
    0x6f, 0x80, 0x0, 0x8f, 0x94, 0xff, 0x20, 0x0,
    0x19, 0xf8, 0x0, 0x0, 0x4, 0xdf, 0xf9, 0x1,
    0x6a, 0xfd, 0x40, 0x0, 0x0, 0x0, 0x4f, 0xf1,
    0xa, 0xda, 0x40, 0x0, 0x0, 0x0, 0x0, 0x2b,
    0x70, 0x0, 0x0, 0x0, 0x0, 0x0,

    /* U+F071 "" */
    0x0, 0x0, 0x0, 0x0, 0x1, 0x10, 0x0, 0x0,
    0x0, 0x0, 0x0, 0x0, 0x0, 0x0, 0x2f, 0xf2,
    0x0, 0x0, 0x0, 0x0, 0x0, 0x0, 0x0, 0x0,
    0xbf, 0xfb, 0x0, 0x0, 0x0, 0x0, 0x0, 0x0,
    0x0, 0x4, 0xff, 0xff, 0x40, 0x0, 0x0, 0x0,
    0x0, 0x0, 0x0, 0xd, 0xff, 0xff, 0xd0, 0x0,
    0x0, 0x0, 0x0, 0x0, 0x0, 0x6f, 0xff, 0xff,
    0xf6, 0x0, 0x0, 0x0, 0x0, 0x0, 0x0, 0xef,
    0x90, 0x9, 0xfe, 0x0, 0x0, 0x0, 0x0, 0x0,
    0x8, 0xff, 0x90, 0x9, 0xff, 0x80, 0x0, 0x0,
    0x0, 0x0, 0x1f, 0xff, 0xa0, 0xa, 0xff, 0xf1,
    0x0, 0x0, 0x0, 0x0, 0xaf, 0xff, 0xa0, 0xb,
    0xff, 0xfa, 0x0, 0x0, 0x0, 0x3, 0xff, 0xff,
    0xc2, 0x2c, 0xff, 0xff, 0x30, 0x0, 0x0, 0xc,
    0xff, 0xff, 0xff, 0xff, 0xff, 0xff, 0xc0, 0x0,
    0x0, 0x5f, 0xff, 0xff, 0xc2, 0x2c, 0xff, 0xff,
    0xf5, 0x0, 0x0, 0xdf, 0xff, 0xff, 0xb0, 0xb,
    0xff, 0xff, 0xfd, 0x0, 0x7, 0xff, 0xff, 0xff,
    0xe8, 0x8e, 0xff, 0xff, 0xff, 0x70, 0xe, 0xff,
    0xff, 0xff, 0xff, 0xff, 0xff, 0xff, 0xff, 0xe0,
    0xa, 0xff, 0xff, 0xff, 0xff, 0xff, 0xff, 0xff,
    0xff, 0xa0, 0x0, 0x1, 0x11, 0x11, 0x11, 0x11,
    0x11, 0x11, 0x10, 0x0,

    /* U+F074 "" */
    0x0, 0x0, 0x0, 0x0, 0x0, 0x0, 0x0, 0x10,
    0x0, 0x0, 0x0, 0x0, 0x0, 0x0, 0x0, 0x0,
    0xd5, 0x0, 0x0, 0x0, 0x0, 0x0, 0x0, 0x0,
    0x0, 0xdf, 0x50, 0xef, 0xfd, 0x80, 0x0, 0x7,
    0xce, 0xff, 0xff, 0xf5, 0xff, 0xff, 0xfd, 0x10,
    0xcf, 0xff, 0xff, 0xff, 0xfd, 0x9a, 0xad, 0xff,
    0x8a, 0xff, 0xea, 0xaa, 0xff, 0xd1, 0x0, 0x0,
    0xaf, 0x5f, 0xfc, 0x0, 0x0, 0xdd, 0x10, 0x0,
    0x0, 0x17, 0xbf, 0xf2, 0x0, 0x0, 0xa1, 0x0,
    0x0, 0x0, 0x3, 0xff, 0xa0, 0x0, 0x0, 0x0,
    0x0, 0x0, 0x0, 0xa, 0xff, 0x40, 0x0, 0x0,
    0x10, 0x0, 0x0, 0x0, 0x2f, 0xfb, 0x94, 0x0,
    0x0, 0xd5, 0x0, 0x0, 0x2, 0xdf, 0xf4, 0xfe,
    0x30, 0x0, 0xdf, 0x50, 0xef, 0xff, 0xff, 0x85,
    0xff, 0xff, 0xff, 0xff, 0xf5, 0xff, 0xff, 0xf9,
    0x0, 0x7f, 0xff, 0xff, 0xff, 0xfd, 0x9a, 0x98,
    0x30, 0x0, 0x2, 0x79, 0xaa, 0xff, 0xd1, 0x0,
    0x0, 0x0, 0x0, 0x0, 0x0, 0x0, 0xdd, 0x10,
    0x0, 0x0, 0x0, 0x0, 0x0, 0x0, 0x0, 0xa1,
    0x0,

    /* U+F077 "" */
    0x0, 0x0, 0x0, 0x0, 0x55, 0x0, 0x0, 0x0,
    0x0, 0x0, 0x0, 0x0, 0x6, 0xff, 0x60, 0x0,
    0x0, 0x0, 0x0, 0x0, 0x0, 0x6f, 0xff, 0xf6,
    0x0, 0x0, 0x0, 0x0, 0x0, 0x6, 0xff, 0xff,
    0xff, 0x60, 0x0, 0x0, 0x0, 0x0, 0x6f, 0xff,
    0xff, 0xff, 0xf6, 0x0, 0x0, 0x0, 0x6, 0xff,
    0xff, 0xbb, 0xff, 0xff, 0x60, 0x0, 0x0, 0x6f,
    0xff, 0xfb, 0x0, 0xbf, 0xff, 0xf6, 0x0, 0x6,
    0xff, 0xff, 0xb0, 0x0, 0xb, 0xff, 0xff, 0x60,
    0xf, 0xff, 0xfb, 0x0, 0x0, 0x0, 0xbf, 0xff,
    0xf0, 0x5, 0xff, 0xb0, 0x0, 0x0, 0x0, 0xb,
    0xff, 0x50, 0x0, 0x59, 0x0, 0x0, 0x0, 0x0,
    0x0, 0x95, 0x0,

    /* U+F078 "" */
    0x0, 0x0, 0x0, 0x0, 0x0, 0x0, 0x0, 0x0,
    0x0, 0x0, 0x9e, 0x20, 0x0, 0x0, 0x0, 0x2,
    0xe9, 0x0, 0x9, 0xff, 0xe2, 0x0, 0x0, 0x0,
    0x2e, 0xff, 0x90, 0xe, 0xff, 0xfe, 0x20, 0x0,
    0x2, 0xef, 0xff, 0xe0, 0x2, 0xef, 0xff, 0xe2,
    0x0, 0x2e, 0xff, 0xfe, 0x20, 0x0, 0x2e, 0xff,
    0xfe, 0x22, 0xef, 0xff, 0xe2, 0x0, 0x0, 0x2,
    0xef, 0xff, 0xee, 0xff, 0xfe, 0x20, 0x0, 0x0,
    0x0, 0x2e, 0xff, 0xff, 0xff, 0xe2, 0x0, 0x0,
    0x0, 0x0, 0x2, 0xef, 0xff, 0xfe, 0x20, 0x0,
    0x0, 0x0, 0x0, 0x0, 0x2e, 0xff, 0xe2, 0x0,
    0x0, 0x0, 0x0, 0x0, 0x0, 0x2, 0xee, 0x20,
    0x0, 0x0, 0x0, 0x0, 0x0, 0x0, 0x0, 0x11,
    0x0, 0x0, 0x0, 0x0,

    /* U+F079 "" */
    0x0, 0x0, 0x62, 0x5, 0x99, 0x99, 0x99, 0x99,
    0x95, 0x0, 0x0, 0x0, 0x6f, 0xe1, 0x2f, 0xff,
    0xff, 0xff, 0xff, 0xa0, 0x0, 0x0, 0x4f, 0xff,
    0xc0, 0x4f, 0xff, 0xff, 0xff, 0xfa, 0x0, 0x0,
    0x2e, 0xff, 0xff, 0xa0, 0x0, 0x0, 0x0, 0xef,
    0xa0, 0x0, 0xd, 0xff, 0xff, 0xff, 0x60, 0x0,
    0x0, 0xe, 0xfa, 0x0, 0x0, 0x79, 0xcf, 0xf9,
    0x94, 0x0, 0x0, 0x0, 0xef, 0xa0, 0x0, 0x0,
    0x7, 0xff, 0x10, 0x0, 0x0, 0x2, 0x2e, 0xfb,
    0x21, 0x0, 0x0, 0x7f, 0xf1, 0x0, 0x0, 0x6,
    0xff, 0xff, 0xff, 0xf1, 0x0, 0x7, 0xff, 0x10,
    0x0, 0x0, 0xc, 0xff, 0xff, 0xf9, 0x0, 0x0,
    0x7f, 0xf9, 0x99, 0x99, 0x92, 0x1e, 0xff, 0xfb,
    0x0, 0x0, 0x7, 0xff, 0xff, 0xff, 0xff, 0xd1,
    0x3f, 0xfd, 0x10, 0x0, 0x0, 0x7f, 0xff, 0xff,
    0xff, 0xff, 0xa0, 0x5d, 0x20, 0x0,

    /* U+F07B "" */
    0x0, 0x22, 0x21, 0x0, 0x0, 0x0, 0x0, 0x0,
    0x4, 0xef, 0xff, 0xfd, 0x10, 0x0, 0x0, 0x0,
    0x0, 0xdf, 0xff, 0xff, 0xf9, 0x0, 0x0, 0x0,
    0x0, 0xf, 0xff, 0xff, 0xff, 0xe9, 0x99, 0x99,
    0x98, 0x40, 0xff, 0xff, 0xff, 0xff, 0xff, 0xff,
    0xff, 0xff, 0x5f, 0xff, 0xff, 0xff, 0xff, 0xff,
    0xff, 0xff, 0xfa, 0xff, 0xff, 0xff, 0xff, 0xff,
    0xff, 0xff, 0xff, 0xbf, 0xff, 0xff, 0xff, 0xff,
    0xff, 0xff, 0xff, 0xfb, 0xff, 0xff, 0xff, 0xff,
    0xff, 0xff, 0xff, 0xff, 0xbf, 0xff, 0xff, 0xff,
    0xff, 0xff, 0xff, 0xff, 0xfb, 0xff, 0xff, 0xff,
    0xff, 0xff, 0xff, 0xff, 0xff, 0xbf, 0xff, 0xff,
    0xff, 0xff, 0xff, 0xff, 0xff, 0xfb, 0xff, 0xff,
    0xff, 0xff, 0xff, 0xff, 0xff, 0xff, 0xbd, 0xff,
    0xff, 0xff, 0xff, 0xff, 0xff, 0xff, 0xf8, 0x3d,
    0xff, 0xff, 0xff, 0xff, 0xff, 0xff, 0xfb, 0x0,

    /* U+F093 "" */
    0x0, 0x0, 0x0, 0x4, 0xc2, 0x0, 0x0, 0x0,
    0x0, 0x0, 0x0, 0x4, 0xff, 0xe2, 0x0, 0x0,
    0x0, 0x0, 0x0, 0x4, 0xff, 0xff, 0xe2, 0x0,
    0x0, 0x0, 0x0, 0x4, 0xff, 0xff, 0xff, 0xe2,
    0x0, 0x0, 0x0, 0x4, 0xff, 0xff, 0xff, 0xff,
    0xe1, 0x0, 0x0, 0x0, 0x9e, 0xef, 0xff, 0xfe,
    0xee, 0x50, 0x0, 0x0, 0x0, 0x0, 0x9f, 0xff,
    0x40, 0x0, 0x0, 0x0, 0x0, 0x0, 0x9, 0xff,
    0xf4, 0x0, 0x0, 0x0, 0x0, 0x0, 0x0, 0x9f,
    0xff, 0x40, 0x0, 0x0, 0x0, 0x0, 0x0, 0x9,
    0xff, 0xf4, 0x0, 0x0, 0x0, 0x0, 0x0, 0x0,
    0x7f, 0xff, 0x30, 0x0, 0x0, 0xb, 0xff, 0xff,
    0x80, 0x0, 0x0, 0xcf, 0xff, 0xfa, 0xff, 0xff,
    0xff, 0xb9, 0x99, 0xdf, 0xff, 0xff, 0xef, 0xff,
    0xff, 0xff, 0xff, 0xff, 0xfc, 0xfc, 0xee, 0xff,
    0xff, 0xff, 0xff, 0xff, 0xfb, 0x4f, 0x58, 0xee,
    0xff, 0xff, 0xff, 0xff, 0xff, 0xff, 0xff, 0xfd,
    0x24, 0x44, 0x44, 0x44, 0x44, 0x44, 0x44, 0x44,
    0x10,

    /* U+F095 "" */
    0x0, 0x10, 0x0, 0x0, 0x0, 0x0, 0x0, 0x0,
    0xbf, 0x90, 0x0, 0x0, 0x0, 0x0, 0x0, 0x8f,
    0xff, 0x20, 0x0, 0x0, 0x0, 0x0, 0xe, 0xff,
    0xfc, 0x0, 0x0, 0x0, 0x0, 0x0, 0xff, 0xff,
    0xe0, 0x0, 0x0, 0x0, 0x0, 0xc, 0xff, 0xd2,
    0x0, 0x0, 0x0, 0x0, 0x0, 0x7f, 0xf6, 0x0,
    0x0, 0x0, 0x0, 0x0, 0x1, 0xff, 0xe0, 0x0,
    0x0, 0x0, 0x0, 0x0, 0x8, 0xff, 0x90, 0x0,
    0x0, 0x0, 0x0, 0x0, 0xd, 0xff, 0x70, 0x0,
    0x0, 0x0, 0x0, 0x0, 0x2e, 0xff, 0x90, 0x2,
    0xec, 0x20, 0x0, 0x0, 0x2e, 0xff, 0xe6, 0xdf,
    0xff, 0x90, 0x0, 0x0, 0x2d, 0xff, 0xff, 0xff,
    0xff, 0x10, 0x0, 0x0, 0x8, 0xff, 0xff, 0xff,
    0xb0, 0x0, 0x0, 0x0, 0x1, 0x7c, 0xfe, 0x80,
    0x0,

    /* U+F0C4 "" */
    0x5, 0xbc, 0xa4, 0x0, 0x0, 0x0, 0x0, 0x0,
    0x0, 0x5, 0xfd, 0xdf, 0xfa, 0x0, 0x0, 0x0,
    0x0, 0x37, 0x10, 0xbb, 0x0, 0x2c, 0xf7, 0x0,
    0x0, 0x2, 0x98, 0x3c, 0x1a, 0xd0, 0x0, 0x1f,
    0xd0, 0x0, 0x8, 0x91, 0x6, 0x80, 0x3f, 0xc4,
    0x14, 0xfe, 0x0, 0x6a, 0x30, 0x9, 0x50, 0x0,
    0x4e, 0xff, 0xff, 0x8c, 0xb5, 0x0, 0x2a, 0x20,
    0x0, 0x0, 0x5, 0x88, 0x6a, 0xb3, 0x10, 0x59,
    0x0, 0x0, 0x0, 0x0, 0x1, 0x10, 0x96, 0x85,
    0x8c, 0x50, 0x0, 0x0, 0x0, 0x7e, 0xff, 0xf5,
    0x6b, 0xa4, 0x7, 0x90, 0x0, 0x0, 0xcf, 0xb8,
    0xaf, 0xe5, 0x4a, 0x50, 0x4, 0xb1, 0x0, 0x8f,
    0x30, 0x0, 0xfe, 0x0, 0x5, 0xa4, 0x1, 0xb4,
    0xb, 0xa0, 0x0, 0x7f, 0xa0, 0x0, 0x0, 0x6a,
    0x20, 0xc2, 0x8f, 0x98, 0xdf, 0xe1, 0x0, 0x0,
    0x0, 0x8, 0xa5, 0x0, 0xaf, 0xff, 0x81, 0x0,
    0x0, 0x0, 0x0, 0x0, 0x0, 0x0, 0x1, 0x0,
    0x0, 0x0, 0x0, 0x0, 0x0, 0x0, 0x0,

    /* U+F0C5 "" */
    0x0, 0x0, 0x1, 0x55, 0x55, 0x40, 0x0, 0x0,
    0x0, 0x0, 0x0, 0x6f, 0xff, 0xff, 0xf5, 0x0,
    0x0, 0x0, 0x0, 0x6, 0xff, 0x50, 0x0, 0xe6,
    0x0, 0x0, 0x0, 0x0, 0x6f, 0x5e, 0x50, 0x0,
    0xe6, 0x0, 0x0, 0x0, 0x5, 0xf5, 0xe, 0x50,
    0x0, 0xe8, 0x78, 0x88, 0x85, 0x4f, 0xa4, 0x4f,
    0x50, 0x0, 0xef, 0xeb, 0xbb, 0xcf, 0xdf, 0xff,
    0xff, 0x30, 0x5, 0xfe, 0xb0, 0x0, 0x4f, 0xf4,
    0x0, 0x0, 0x0, 0x5f, 0x7a, 0xb0, 0x0, 0x4f,
    0xf4, 0x0, 0x0, 0x4, 0xf8, 0xa, 0xb0, 0x0,
    0x4f, 0xf4, 0x0, 0x0, 0x2f, 0xd5, 0x5b, 0xb0,
    0x0, 0x4f, 0xf4, 0x0, 0x0, 0x8f, 0xff, 0xff,
    0x70, 0x0, 0x4f, 0xf4, 0x0, 0x0, 0xa9, 0x0,
    0x0, 0x0, 0x0, 0x4f, 0xf4, 0x0, 0x0, 0xa9,
    0x0, 0x0, 0x0, 0x0, 0x4f, 0xf8, 0x55, 0x55,
    0xc9, 0x0, 0x0, 0x0, 0x0, 0x4f, 0xbf, 0xff,
    0xff, 0xf9, 0x0, 0x0, 0x0, 0x0, 0x4f, 0x0,
    0x0, 0x0, 0xa9, 0x0, 0x0, 0x0, 0x0, 0x4f,
    0x0, 0x0, 0x0, 0xa9, 0x0, 0x0, 0x0, 0x0,
    0x4f, 0x0, 0x0, 0x0, 0x9f, 0xff, 0xff, 0xff,
    0xff, 0xff, 0x0, 0x0, 0x0, 0x5, 0x55, 0x55,
    0x55, 0x55, 0x52,

    /* U+F0C7 "" */
    0x2, 0x22, 0x22, 0x22, 0x22, 0x10, 0x0, 0x0,
    0xef, 0xff, 0xff, 0xff, 0xff, 0xfb, 0x0, 0x0,
    0xf6, 0x5f, 0xff, 0xb2, 0x2f, 0x7d, 0xc0, 0x0,
    0xf4, 0x3f, 0xff, 0xa0, 0xf, 0x41, 0xdc, 0x0,
    0xf4, 0x3f, 0xff, 0xa0, 0xf, 0x40, 0x1d, 0xb0,
    0xf4, 0x3f, 0xff, 0xa0, 0xf, 0x40, 0x2, 0xf3,
    0xf4, 0x2f, 0xff, 0xff, 0xff, 0x30, 0x0, 0xe5,
    0xf4, 0x3, 0x44, 0x44, 0x43, 0x0, 0x0, 0xe5,
    0xf4, 0x0, 0x0, 0x0, 0x0, 0x0, 0x0, 0xe5,
    0xf4, 0x1, 0x22, 0x22, 0x22, 0x22, 0x0, 0xe5,
    0xf4, 0x1f, 0xff, 0xff, 0xff, 0xff, 0xc0, 0xe5,
    0xf4, 0x3f, 0x32, 0x22, 0x22, 0x27, 0xe0, 0xe5,
    0xf4, 0x3f, 0x10, 0x0, 0x0, 0x5, 0xe0, 0xe5,
    0xf4, 0x3f, 0x10, 0x0, 0x0, 0x5, 0xe0, 0xe5,
    0xf4, 0x3f, 0x10, 0x0, 0x0, 0x5, 0xe0, 0xe5,
    0xef, 0xff, 0xff, 0xff, 0xff, 0xff, 0xff, 0xf4,
    0x24, 0x44, 0x44, 0x44, 0x44, 0x44, 0x44, 0x30,

    /* U+F0E7 "" */
    0x0, 0x0, 0x0, 0x0, 0x0, 0x0, 0x0, 0xff,
    0xff, 0x10, 0x0, 0x0, 0x4f, 0xff, 0xd0, 0x0,
    0x0, 0x8, 0xff, 0xf7, 0x0, 0x0, 0x0, 0xcf,
    0xff, 0x10, 0x0, 0x0, 0xf, 0xff, 0xb0, 0x48,
    0xa0, 0x3, 0xff, 0xfe, 0xff, 0xfa, 0x0, 0x7f,
    0xff, 0xff, 0xff, 0x20, 0xb, 0xff, 0xff, 0xff,
    0xb0, 0x0, 0xed, 0x95, 0x8f, 0xf3, 0x0, 0x0,
    0x0, 0xb, 0xfc, 0x0, 0x0, 0x0, 0x0, 0xef,
    0x40, 0x0, 0x0, 0x0, 0x3f, 0xd0, 0x0, 0x0,
    0x0, 0x6, 0xf5, 0x0, 0x0, 0x0, 0x0, 0xad,
    0x0, 0x0, 0x0, 0x0, 0xe, 0x60, 0x0, 0x0,
    0x0, 0x2, 0xe0, 0x0, 0x0, 0x0, 0x0, 0x25,
    0x0, 0x0, 0x0,

    /* U+F0EA "" */
    0x25, 0x55, 0x55, 0x55, 0x55, 0x55, 0x20, 0x0,
    0x0, 0xff, 0xff, 0xff, 0xff, 0xff, 0xff, 0xd0,
    0x0, 0x0, 0xff, 0x90, 0x0, 0x0, 0x0, 0xaf,
    0xe0, 0x0, 0x0, 0xff, 0xff, 0xff, 0xff, 0xff,
    0xff, 0xe0, 0x0, 0x0, 0xff, 0xff, 0xff, 0xff,
    0xff, 0xff, 0xf0, 0x0, 0x0, 0xff, 0xff, 0xff,
    0xff, 0xaa, 0xac, 0xfb, 0x0, 0x0, 0xff, 0xff,
    0xff, 0xfe, 0x0, 0x5, 0xfe, 0xb0, 0x0, 0xff,
    0xff, 0xff, 0xfe, 0x0, 0x5, 0xe3, 0xfb, 0x0,
    0xff, 0xff, 0xff, 0xfe, 0x0, 0x5, 0xe0, 0x4f,
    0xb0, 0xff, 0xff, 0xff, 0xfe, 0x0, 0x5, 0xf5,
    0x59, 0xf9, 0xff, 0xff, 0xff, 0xfe, 0x0, 0x2,
    0xef, 0xff, 0xff, 0xff, 0xff, 0xff, 0xfe, 0x0,
    0x0, 0x0, 0x0, 0x4f, 0xff, 0xff, 0xff, 0xfe,
    0x0, 0x0, 0x0, 0x0, 0x4f, 0xff, 0xff, 0xff,
    0xfe, 0x0, 0x0, 0x0, 0x0, 0x4f, 0xff, 0xff,
    0xff, 0xfe, 0x0, 0x0, 0x0, 0x0, 0x4f, 0xbe,
    0xee, 0xee, 0xfe, 0x0, 0x0, 0x0, 0x0, 0x4f,
    0x0, 0x0, 0x0, 0x6e, 0x0, 0x0, 0x0, 0x0,
    0x4f, 0x0, 0x0, 0x0, 0x5f, 0xff, 0xff, 0xff,
    0xff, 0xff, 0x0, 0x0, 0x0, 0x4, 0x55, 0x55,
    0x55, 0x55, 0x52,

    /* U+F0F3 "" */
    0x0, 0x0, 0x0, 0x0, 0x1, 0x0, 0x0, 0x0,
    0x0, 0x0, 0x0, 0x0, 0x0, 0xbf, 0x0, 0x0,
    0x0, 0x0, 0x0, 0x0, 0x0, 0x4a, 0xff, 0xc6,
    0x0, 0x0, 0x0, 0x0, 0x0, 0x9, 0xff, 0xff,
    0xff, 0xc0, 0x0, 0x0, 0x0, 0x0, 0x6f, 0xff,
    0xff, 0xff, 0xfa, 0x0, 0x0, 0x0, 0x0, 0xdf,
    0xff, 0xff, 0xff, 0xff, 0x10, 0x0, 0x0, 0x0,
    0xff, 0xff, 0xff, 0xff, 0xff, 0x40, 0x0, 0x0,
    0x1, 0xff, 0xff, 0xff, 0xff, 0xff, 0x50, 0x0,
    0x0, 0x2, 0xff, 0xff, 0xff, 0xff, 0xff, 0x60,
    0x0, 0x0, 0x4, 0xff, 0xff, 0xff, 0xff, 0xff,
    0x80, 0x0, 0x0, 0x7, 0xff, 0xff, 0xff, 0xff,
    0xff, 0xb0, 0x0, 0x0, 0xd, 0xff, 0xff, 0xff,
    0xff, 0xff, 0xf1, 0x0, 0x0, 0x4f, 0xff, 0xff,
    0xff, 0xff, 0xff, 0xf8, 0x0, 0x0, 0xdf, 0xff,
    0xff, 0xff, 0xff, 0xff, 0xff, 0x20, 0xb, 0xff,
    0xff, 0xff, 0xff, 0xff, 0xff, 0xff, 0xe2, 0x1f,
    0xff, 0xff, 0xff, 0xff, 0xff, 0xff, 0xff, 0xf4,
    0x1, 0x33, 0x33, 0x8b, 0xff, 0xfb, 0x33, 0x33,
    0x20, 0x0, 0x0, 0x0, 0x1d, 0xae, 0xf4, 0x0,
    0x0, 0x0, 0x0, 0x0, 0x0, 0x3, 0xab, 0x50,
    0x0, 0x0, 0x0,

    /* U+F11C "" */
    0x15, 0x55, 0x55, 0x55, 0x55, 0x55, 0x55, 0x55,
    0x55, 0x30, 0xef, 0xff, 0xff, 0xff, 0xff, 0xff,
    0xff, 0xff, 0xff, 0xf2, 0xf4, 0x0, 0x0, 0x0,
    0x0, 0x0, 0x0, 0x0, 0x0, 0xf4, 0xf4, 0x7c,
    0xe, 0x91, 0xf0, 0xba, 0x1f, 0x55, 0xe0, 0xf4,
    0xf4, 0x13, 0x3, 0x20, 0x40, 0x32, 0x4, 0x16,
    0xe0, 0xf4, 0xf4, 0x25, 0x50, 0x14, 0x5, 0x11,
    0x40, 0x39, 0xe0, 0xf4, 0xf4, 0x7f, 0xf1, 0x5d,
    0xf, 0x45, 0xd0, 0x9f, 0xd0, 0xf4, 0xf4, 0x0,
    0x0, 0x0, 0x0, 0x0, 0x0, 0x0, 0x0, 0xf4,
    0xf4, 0x7b, 0xd, 0xff, 0xff, 0xff, 0xff, 0x55,
    0xd0, 0xf4, 0xf4, 0x23, 0x4, 0x55, 0x55, 0x55,
    0x55, 0x11, 0x40, 0xf4, 0xf7, 0x44, 0x44, 0x44,
    0x44, 0x44, 0x44, 0x44, 0x44, 0xf4, 0xaf, 0xff,
    0xff, 0xff, 0xff, 0xff, 0xff, 0xff, 0xff, 0xd1,

    /* U+F124 "" */
    0x0, 0x0, 0x0, 0x0, 0x0, 0x0, 0x6, 0xc0,
    0x0, 0x0, 0x0, 0x0, 0x0, 0x6, 0xef, 0xd0,
    0x0, 0x0, 0x0, 0x0, 0x6, 0xef, 0xff, 0x50,
    0x0, 0x0, 0x0, 0x6, 0xef, 0xff, 0xfd, 0x0,
    0x0, 0x0, 0x6, 0xef, 0xff, 0xff, 0xf5, 0x0,
    0x0, 0x6, 0xef, 0xff, 0xff, 0xff, 0xd0, 0x0,
    0x6, 0xef, 0xff, 0xff, 0xff, 0xff, 0x50, 0x0,
    0xb, 0xdd, 0xdd, 0xdf, 0xff, 0xfd, 0x0, 0x0,
    0x0, 0x0, 0x0, 0x9, 0xff, 0xf5, 0x0, 0x0,
    0x0, 0x0, 0x0, 0x9, 0xff, 0xd0, 0x0, 0x0,
    0x0, 0x0, 0x0, 0x9, 0xff, 0x50, 0x0, 0x0,
    0x0, 0x0, 0x0, 0x9, 0xfd, 0x0, 0x0, 0x0,
    0x0, 0x0, 0x0, 0x9, 0xf5, 0x0, 0x0, 0x0,
    0x0, 0x0, 0x0, 0x8, 0xd0, 0x0, 0x0, 0x0,
    0x0, 0x0, 0x0, 0x1, 0x10, 0x0, 0x0, 0x0,

    /* U+F158 "" */
    0x0, 0x2, 0x22, 0x22, 0x10, 0x0, 0x0, 0x6,
    0xff, 0xff, 0xff, 0xfa, 0x10, 0x0, 0x6f, 0xff,
    0xff, 0xff, 0xfd, 0x0, 0x6, 0xfe, 0x0, 0x1,
    0x7f, 0xf7, 0x0, 0x6f, 0xe0, 0x0, 0x0, 0xbf,
    0xc0, 0x6, 0xfe, 0x0, 0x0, 0x9, 0xfd, 0x0,
    0x6f, 0xe0, 0x0, 0x0, 0xdf, 0xb3, 0x49, 0xfe,
    0x44, 0x45, 0xbf, 0xf5, 0xff, 0xff, 0xff, 0xff,
    0xff, 0xfa, 0xd, 0xde, 0xff, 0xdd, 0xdd, 0xb5,
    0x0, 0x0, 0x7f, 0xe0, 0x0, 0x0, 0x0, 0xf,
    0xff, 0xff, 0xff, 0xff, 0xf4, 0x0, 0xde, 0xef,
    0xfe, 0xee, 0xed, 0x30, 0x0, 0x6, 0xfe, 0x0,
    0x0, 0x0, 0x0, 0x0, 0x6f, 0xd0, 0x0, 0x0,
    0x0, 0x0,

    /* U+F1EB "" */
    0x0, 0x0, 0x0, 0x0, 0x1, 0x10, 0x0, 0x0,
    0x0, 0x0, 0x0, 0x0, 0x0, 0x49, 0xdf, 0xff,
    0xfe, 0xb7, 0x20, 0x0, 0x0, 0x0, 0x6, 0xef,
    0xff, 0xff, 0xff, 0xff, 0xff, 0xa2, 0x0, 0x0,
    0x2d, 0xff, 0xff, 0xc9, 0x77, 0x8a, 0xef, 0xff,
    0xf8, 0x0, 0x4f, 0xff, 0xe7, 0x10, 0x35, 0x64,
    0x20, 0x3b, 0xff, 0xfb, 0x2, 0xef, 0xa0, 0x2a,
    0xff, 0xff, 0xff, 0xd7, 0x3, 0xef, 0xa0, 0x2,
    0x50, 0x9f, 0xff, 0xff, 0xff, 0xff, 0xfe, 0x31,
    0x60, 0x0, 0x0, 0xaf, 0xff, 0xc7, 0x42, 0x48,
    0xef, 0xff, 0x30, 0x0, 0x0, 0x3, 0xfd, 0x40,
    0x25, 0x64, 0x0, 0x9f, 0xc0, 0x0, 0x0, 0x0,
    0x3, 0x3, 0xcf, 0xff, 0xff, 0x80, 0x30, 0x0,
    0x0, 0x0, 0x0, 0x0, 0xef, 0xff, 0xff, 0xff,
    0x80, 0x0, 0x0, 0x0, 0x0, 0x0, 0x4, 0xfa,
    0x43, 0x6d, 0xc0, 0x0, 0x0, 0x0, 0x0, 0x0,
    0x0, 0x0, 0x6, 0x83, 0x0, 0x0, 0x0, 0x0,
    0x0, 0x0, 0x0, 0x0, 0x2, 0xff, 0xb0, 0x0,
    0x0, 0x0, 0x0, 0x0, 0x0, 0x0, 0x0, 0x4,
    0xa0, 0x0, 0x0, 0x0, 0x0, 0x0,

    /* U+F240 "" */
    0x6e, 0xff, 0xff, 0xff, 0xff, 0xff, 0xff, 0xff,
    0xff, 0xff, 0xe5, 0x0, 0xf8, 0x55, 0x55, 0x55,
    0x55, 0x55, 0x55, 0x55, 0x55, 0x55, 0x9d, 0x0,
    0xf4, 0x1, 0x11, 0x11, 0x11, 0x11, 0x11, 0x11,
    0x11, 0x10, 0x5e, 0x0, 0xf4, 0xaf, 0xff, 0xff,
    0xff, 0xff, 0xff, 0xff, 0xff, 0xf1, 0x5f, 0x50,
    0xf4, 0xaf, 0xff, 0xff, 0xff, 0xff, 0xff, 0xff,
    0xff, 0xf1, 0x39, 0xf2, 0xf4, 0xaf, 0xff, 0xff,
    0xff, 0xff, 0xff, 0xff, 0xff, 0xf1, 0x1, 0xf3,
    0xf4, 0xaf, 0xff, 0xff, 0xff, 0xff, 0xff, 0xff,
    0xff, 0xf1, 0x1, 0xf3, 0xf4, 0xaf, 0xff, 0xff,
    0xff, 0xff, 0xff, 0xff, 0xff, 0xf1, 0x1, 0xf3,
    0xf4, 0xaf, 0xff, 0xff, 0xff, 0xff, 0xff, 0xff,
    0xff, 0xf1, 0x28, 0xf3, 0xf4, 0xaf, 0xff, 0xff,
    0xff, 0xff, 0xff, 0xff, 0xff, 0xf1, 0x5f, 0xb0,
    0xf4, 0x6a, 0xaa, 0xaa, 0xaa, 0xaa, 0xaa, 0xaa,
    0xaa, 0xa0, 0x5e, 0x0, 0xf8, 0x44, 0x44, 0x44,
    0x44, 0x44, 0x44, 0x44, 0x44, 0x44, 0x9e, 0x0,
    0x7f, 0xff, 0xff, 0xff, 0xff, 0xff, 0xff, 0xff,
    0xff, 0xff, 0xf6, 0x0,

    /* U+F241 "" */
    0x6e, 0xff, 0xff, 0xff, 0xff, 0xff, 0xff, 0xff,
    0xff, 0xff, 0xe5, 0x0, 0xf8, 0x55, 0x55, 0x55,
    0x55, 0x55, 0x55, 0x55, 0x55, 0x55, 0x9d, 0x0,
    0xf4, 0x1, 0x11, 0x11, 0x11, 0x11, 0x11, 0x10,
    0x0, 0x0, 0x5e, 0x0, 0xf4, 0x3f, 0xff, 0xff,
    0xff, 0xff, 0xff, 0xfa, 0x0, 0x0, 0x5f, 0x50,
    0xf4, 0x3f, 0xff, 0xff, 0xff, 0xff, 0xff, 0xfa,
    0x0, 0x0, 0x39, 0xf2, 0xf4, 0x3f, 0xff, 0xff,
    0xff, 0xff, 0xff, 0xfa, 0x0, 0x0, 0x1, 0xf3,
    0xf4, 0x3f, 0xff, 0xff, 0xff, 0xff, 0xff, 0xfa,
    0x0, 0x0, 0x1, 0xf3, 0xf4, 0x3f, 0xff, 0xff,
    0xff, 0xff, 0xff, 0xfa, 0x0, 0x0, 0x1, 0xf3,
    0xf4, 0x3f, 0xff, 0xff, 0xff, 0xff, 0xff, 0xfa,
    0x0, 0x0, 0x28, 0xf3, 0xf4, 0x3f, 0xff, 0xff,
    0xff, 0xff, 0xff, 0xfa, 0x0, 0x0, 0x5f, 0xb0,
    0xf4, 0x2a, 0xaa, 0xaa, 0xaa, 0xaa, 0xaa, 0xa6,
    0x0, 0x0, 0x5e, 0x0, 0xf8, 0x44, 0x44, 0x44,
    0x44, 0x44, 0x44, 0x44, 0x44, 0x44, 0x9e, 0x0,
    0x7f, 0xff, 0xff, 0xff, 0xff, 0xff, 0xff, 0xff,
    0xff, 0xff, 0xf6, 0x0,

    /* U+F242 "" */
    0x6e, 0xff, 0xff, 0xff, 0xff, 0xff, 0xff, 0xff,
    0xff, 0xff, 0xe5, 0x0, 0xf8, 0x55, 0x55, 0x55,
    0x55, 0x55, 0x55, 0x55, 0x55, 0x55, 0x9d, 0x0,
    0xf4, 0x1, 0x11, 0x11, 0x11, 0x10, 0x0, 0x0,
    0x0, 0x0, 0x5e, 0x0, 0xf4, 0x3f, 0xff, 0xff,
    0xff, 0xfc, 0x0, 0x0, 0x0, 0x0, 0x5f, 0x50,
    0xf4, 0x3f, 0xff, 0xff, 0xff, 0xfc, 0x0, 0x0,
    0x0, 0x0, 0x39, 0xf2, 0xf4, 0x3f, 0xff, 0xff,
    0xff, 0xfc, 0x0, 0x0, 0x0, 0x0, 0x1, 0xf3,
    0xf4, 0x3f, 0xff, 0xff, 0xff, 0xfc, 0x0, 0x0,
    0x0, 0x0, 0x1, 0xf3, 0xf4, 0x3f, 0xff, 0xff,
    0xff, 0xfc, 0x0, 0x0, 0x0, 0x0, 0x1, 0xf3,
    0xf4, 0x3f, 0xff, 0xff, 0xff, 0xfc, 0x0, 0x0,
    0x0, 0x0, 0x28, 0xf3, 0xf4, 0x3f, 0xff, 0xff,
    0xff, 0xfc, 0x0, 0x0, 0x0, 0x0, 0x5f, 0xb0,
    0xf4, 0x2a, 0xaa, 0xaa, 0xaa, 0xa8, 0x0, 0x0,
    0x0, 0x0, 0x5e, 0x0, 0xf8, 0x44, 0x44, 0x44,
    0x44, 0x44, 0x44, 0x44, 0x44, 0x44, 0x9e, 0x0,
    0x7f, 0xff, 0xff, 0xff, 0xff, 0xff, 0xff, 0xff,
    0xff, 0xff, 0xf6, 0x0,

    /* U+F243 "" */
    0x6e, 0xff, 0xff, 0xff, 0xff, 0xff, 0xff, 0xff,
    0xff, 0xff, 0xe5, 0x0, 0xf8, 0x55, 0x55, 0x55,
    0x55, 0x55, 0x55, 0x55, 0x55, 0x55, 0x9d, 0x0,
    0xf4, 0x1, 0x11, 0x10, 0x0, 0x0, 0x0, 0x0,
    0x0, 0x0, 0x5e, 0x0, 0xf4, 0x3f, 0xff, 0xfe,
    0x0, 0x0, 0x0, 0x0, 0x0, 0x0, 0x5f, 0x50,
    0xf4, 0x3f, 0xff, 0xfe, 0x0, 0x0, 0x0, 0x0,
    0x0, 0x0, 0x39, 0xf2, 0xf4, 0x3f, 0xff, 0xfe,
    0x0, 0x0, 0x0, 0x0, 0x0, 0x0, 0x1, 0xf3,
    0xf4, 0x3f, 0xff, 0xfe, 0x0, 0x0, 0x0, 0x0,
    0x0, 0x0, 0x1, 0xf3, 0xf4, 0x3f, 0xff, 0xfe,
    0x0, 0x0, 0x0, 0x0, 0x0, 0x0, 0x1, 0xf3,
    0xf4, 0x3f, 0xff, 0xfe, 0x0, 0x0, 0x0, 0x0,
    0x0, 0x0, 0x28, 0xf3, 0xf4, 0x3f, 0xff, 0xfe,
    0x0, 0x0, 0x0, 0x0, 0x0, 0x0, 0x5f, 0xb0,
    0xf4, 0x2a, 0xaa, 0xa9, 0x0, 0x0, 0x0, 0x0,
    0x0, 0x0, 0x5e, 0x0, 0xf8, 0x44, 0x44, 0x44,
    0x44, 0x44, 0x44, 0x44, 0x44, 0x44, 0x9e, 0x0,
    0x7f, 0xff, 0xff, 0xff, 0xff, 0xff, 0xff, 0xff,
    0xff, 0xff, 0xf6, 0x0,

    /* U+F244 "" */
    0x6e, 0xff, 0xff, 0xff, 0xff, 0xff, 0xff, 0xff,
    0xff, 0xff, 0xe5, 0x0, 0xf8, 0x55, 0x55, 0x55,
    0x55, 0x55, 0x55, 0x55, 0x55, 0x55, 0x9d, 0x0,
    0xf4, 0x0, 0x0, 0x0, 0x0, 0x0, 0x0, 0x0,
    0x0, 0x0, 0x5e, 0x0, 0xf4, 0x0, 0x0, 0x0,
    0x0, 0x0, 0x0, 0x0, 0x0, 0x0, 0x5f, 0x50,
    0xf4, 0x0, 0x0, 0x0, 0x0, 0x0, 0x0, 0x0,
    0x0, 0x0, 0x39, 0xf2, 0xf4, 0x0, 0x0, 0x0,
    0x0, 0x0, 0x0, 0x0, 0x0, 0x0, 0x1, 0xf3,
    0xf4, 0x0, 0x0, 0x0, 0x0, 0x0, 0x0, 0x0,
    0x0, 0x0, 0x1, 0xf3, 0xf4, 0x0, 0x0, 0x0,
    0x0, 0x0, 0x0, 0x0, 0x0, 0x0, 0x1, 0xf3,
    0xf4, 0x0, 0x0, 0x0, 0x0, 0x0, 0x0, 0x0,
    0x0, 0x0, 0x28, 0xf2, 0xf4, 0x0, 0x0, 0x0,
    0x0, 0x0, 0x0, 0x0, 0x0, 0x0, 0x5f, 0xa0,
    0xf4, 0x0, 0x0, 0x0, 0x0, 0x0, 0x0, 0x0,
    0x0, 0x0, 0x5e, 0x0, 0xf8, 0x44, 0x44, 0x44,
    0x44, 0x44, 0x44, 0x44, 0x44, 0x44, 0x9e, 0x0,
    0x7f, 0xff, 0xff, 0xff, 0xff, 0xff, 0xff, 0xff,
    0xff, 0xff, 0xf6, 0x0,

    /* U+F287 "" */
    0x0, 0x0, 0x0, 0x0, 0x0, 0x0, 0x1, 0x0,
    0x0, 0x0, 0x0, 0x0, 0x0, 0x0, 0x0, 0x0,
    0x0, 0x0, 0xcf, 0xc0, 0x0, 0x0, 0x0, 0x0,
    0x0, 0x0, 0x0, 0x0, 0x7, 0xde, 0xff, 0xf5,
    0x0, 0x0, 0x0, 0x0, 0x0, 0x0, 0x0, 0x0,
    0x7f, 0x88, 0xff, 0xf3, 0x0, 0x0, 0x0, 0x0,
    0x0, 0x0, 0x0, 0x1, 0xf7, 0x0, 0x6a, 0x60,
    0x0, 0x0, 0x0, 0x0, 0x6, 0xa7, 0x0, 0x8,
    0xe0, 0x0, 0x0, 0x0, 0x0, 0x5, 0x10, 0x0,
    0x8f, 0xff, 0xc0, 0x2f, 0x60, 0x0, 0x0, 0x0,
    0x0, 0xb, 0xf7, 0x0, 0xef, 0xff, 0xff, 0xff,
    0xff, 0xff, 0xff, 0xff, 0xff, 0xff, 0xff, 0xd0,
    0xef, 0xff, 0xf5, 0x55, 0x6d, 0xe5, 0x55, 0x55,
    0x55, 0x5d, 0xfd, 0x40, 0x5f, 0xff, 0x70, 0x0,
    0x3, 0xf3, 0x0, 0x0, 0x0, 0x9, 0x70, 0x0,
    0x2, 0x63, 0x0, 0x0, 0x0, 0xba, 0x0, 0x0,
    0x0, 0x0, 0x0, 0x0, 0x0, 0x0, 0x0, 0x0,
    0x0, 0x4f, 0x20, 0xbd, 0xdd, 0x0, 0x0, 0x0,
    0x0, 0x0, 0x0, 0x0, 0x0, 0xb, 0xe9, 0xff,
    0xff, 0x0, 0x0, 0x0, 0x0, 0x0, 0x0, 0x0,
    0x0, 0x0, 0x8b, 0xff, 0xff, 0x0, 0x0, 0x0,
    0x0, 0x0, 0x0, 0x0, 0x0, 0x0, 0x0, 0xdf,
    0xff, 0x0, 0x0, 0x0,

    /* U+F293 "" */
    0x0, 0x0, 0x2, 0x32, 0x0, 0x0, 0x0, 0x0,
    0x19, 0xff, 0xff, 0xfa, 0x20, 0x0, 0x1, 0xdf,
    0xff, 0x9f, 0xff, 0xf3, 0x0, 0xb, 0xff, 0xff,
    0x28, 0xff, 0xfd, 0x0, 0x2f, 0xff, 0xff, 0x20,
    0x8f, 0xff, 0x50, 0x7f, 0xfd, 0xff, 0x24, 0x9,
    0xff, 0xa0, 0xaf, 0xd0, 0x9f, 0x2c, 0x60, 0xbf,
    0xd0, 0xcf, 0xf8, 0x9, 0x29, 0x13, 0xff, 0xf0,
    0xdf, 0xff, 0x80, 0x0, 0x3f, 0xff, 0xf1, 0xef,
    0xff, 0xf8, 0x3, 0xff, 0xff, 0xf2, 0xef, 0xff,
    0xf3, 0x0, 0xcf, 0xff, 0xf1, 0xdf, 0xff, 0x31,
    0x13, 0xc, 0xff, 0xf1, 0xbf, 0xf3, 0x1d, 0x2c,
    0x50, 0xcf, 0xf0, 0x9f, 0xe4, 0xdf, 0x2b, 0x22,
    0xef, 0xc0, 0x5f, 0xff, 0xff, 0x21, 0x1d, 0xff,
    0x80, 0xf, 0xff, 0xff, 0x21, 0xdf, 0xff, 0x20,
    0x7, 0xff, 0xff, 0x3d, 0xff, 0xfa, 0x0, 0x0,
    0x8f, 0xff, 0xdf, 0xff, 0xa0, 0x0, 0x0, 0x2,
    0x8b, 0xcb, 0x94, 0x0, 0x0,

    /* U+F2ED "" */

};


/*---------------------
 *  GLYPH DESCRIPTION
 *--------------------*/

static const lv_font_fmt_txt_glyph_dsc_t glyph_dsc[] = {
    {.bitmap_index = 0, .adv_w = 0, .box_w = 0, .box_h = 0, .ofs_x = 0, .ofs_y = 0} /* id = 0 reserved */,
    {.bitmap_index = 0, .adv_w = 55, .box_w = 0, .box_h = 0, .ofs_x = 0, .ofs_y = 0},
    {.bitmap_index = 0, .adv_w = 82, .box_w = 5, .box_h = 13, .ofs_x = 0, .ofs_y = 0},
    {.bitmap_index = 33, .adv_w = 131, .box_w = 8, .box_h = 6, .ofs_x = 0, .ofs_y = 7},
    {.bitmap_index = 57, .adv_w = 191, .box_w = 12, .box_h = 13, .ofs_x = 0, .ofs_y = 0},
    {.bitmap_index = 135, .adv_w = 174, .box_w = 11, .box_h = 17, .ofs_x = 0, .ofs_y = -2},
    {.bitmap_index = 229, .adv_w = 197, .box_w = 12, .box_h = 13, .ofs_x = 0, .ofs_y = 0},
    {.bitmap_index = 307, .adv_w = 199, .box_w = 13, .box_h = 13, .ofs_x = 0, .ofs_y = 0},
    {.bitmap_index = 392, .adv_w = 72, .box_w = 4, .box_h = 6, .ofs_x = 0, .ofs_y = 7},
    {.bitmap_index = 404, .adv_w = 89, .box_w = 6, .box_h = 17, .ofs_x = 0, .ofs_y = -3},
    {.bitmap_index = 455, .adv_w = 89, .box_w = 5, .box_h = 17, .ofs_x = 0, .ofs_y = -3},
    {.bitmap_index = 498, .adv_w = 141, .box_w = 9, .box_h = 9, .ofs_x = 0, .ofs_y = 5},
    {.bitmap_index = 539, .adv_w = 162, .box_w = 10, .box_h = 9, .ofs_x = 0, .ofs_y = 2},
    {.bitmap_index = 584, .adv_w = 82, .box_w = 5, .box_h = 7, .ofs_x = 0, .ofs_y = -3},
    {.bitmap_index = 602, .adv_w = 133, .box_w = 8, .box_h = 3, .ofs_x = 0, .ofs_y = 3},
    {.bitmap_index = 614, .adv_w = 86, .box_w = 4, .box_h = 4, .ofs_x = 1, .ofs_y = 0},
    {.bitmap_index = 622, .adv_w = 111, .box_w = 7, .box_h = 15, .ofs_x = 0, .ofs_y = -1},
    {.bitmap_index = 675, .adv_w = 192, .box_w = 12, .box_h = 13, .ofs_x = 0, .ofs_y = 0},
    {.bitmap_index = 753, .adv_w = 109, .box_w = 6, .box_h = 13, .ofs_x = 0, .ofs_y = 0},
    {.bitmap_index = 792, .adv_w = 162, .box_w = 10, .box_h = 13, .ofs_x = 0, .ofs_y = 0},
    {.bitmap_index = 857, .adv_w = 161, .box_w = 10, .box_h = 13, .ofs_x = 0, .ofs_y = 0},
    {.bitmap_index = 922, .adv_w = 175, .box_w = 11, .box_h = 13, .ofs_x = 0, .ofs_y = 0},
    {.bitmap_index = 994, .adv_w = 161, .box_w = 10, .box_h = 13, .ofs_x = 0, .ofs_y = 0},
    {.bitmap_index = 1059, .adv_w = 165, .box_w = 10, .box_h = 13, .ofs_x = 0, .ofs_y = 0},
    {.bitmap_index = 1124, .adv_w = 152, .box_w = 10, .box_h = 13, .ofs_x = 0, .ofs_y = 0},
    {.bitmap_index = 1189, .adv_w = 162, .box_w = 10, .box_h = 13, .ofs_x = 0, .ofs_y = 0},
    {.bitmap_index = 1254, .adv_w = 165, .box_w = 10, .box_h = 13, .ofs_x = 0, .ofs_y = 0},
    {.bitmap_index = 1319, .adv_w = 84, .box_w = 5, .box_h = 9, .ofs_x = 0, .ofs_y = 0},
    {.bitmap_index = 1342, .adv_w = 81, .box_w = 5, .box_h = 12, .ofs_x = 0, .ofs_y = -3},
    {.bitmap_index = 1372, .adv_w = 162, .box_w = 10, .box_h = 10, .ofs_x = 0, .ofs_y = 1},
    {.bitmap_index = 1422, .adv_w = 162, .box_w = 10, .box_h = 7, .ofs_x = 0, .ofs_y = 3},
    {.bitmap_index = 1457, .adv_w = 162, .box_w = 10, .box_h = 10, .ofs_x = 0, .ofs_y = 1},
    {.bitmap_index = 1507, .adv_w = 144, .box_w = 9, .box_h = 13, .ofs_x = 0, .ofs_y = 0},
    {.bitmap_index = 1566, .adv_w = 218, .box_w = 13, .box_h = 12, .ofs_x = 0, .ofs_y = -2},
    {.bitmap_index = 1644, .adv_w = 210, .box_w = 13, .box_h = 13, .ofs_x = 0, .ofs_y = 0},
    {.bitmap_index = 1729, .adv_w = 185, .box_w = 10, .box_h = 13, .ofs_x = 1, .ofs_y = 0},
    {.bitmap_index = 1794, .adv_w = 198, .box_w = 13, .box_h = 13, .ofs_x = 0, .ofs_y = 0},
    {.bitmap_index = 1879, .adv_w = 217, .box_w = 12, .box_h = 13, .ofs_x = 1, .ofs_y = 0},
    {.bitmap_index = 1957, .adv_w = 177, .box_w = 10, .box_h = 13, .ofs_x = 1, .ofs_y = 0},
    {.bitmap_index = 2022, .adv_w = 170, .box_w = 10, .box_h = 13, .ofs_x = 1, .ofs_y = 0},
    {.bitmap_index = 2087, .adv_w = 226, .box_w = 14, .box_h = 13, .ofs_x = 0, .ofs_y = 0},
    {.bitmap_index = 2178, .adv_w = 210, .box_w = 11, .box_h = 13, .ofs_x = 1, .ofs_y = 0},
    {.bitmap_index = 2250, .adv_w = 84, .box_w = 4, .box_h = 13, .ofs_x = 1, .ofs_y = 0},
    {.bitmap_index = 2276, .adv_w = 153, .box_w = 9, .box_h = 13, .ofs_x = 0, .ofs_y = 0},
    {.bitmap_index = 2335, .adv_w = 203, .box_w = 12, .box_h = 13, .ofs_x = 1, .ofs_y = 0},
    {.bitmap_index = 2413, .adv_w = 162, .box_w = 9, .box_h = 13, .ofs_x = 1, .ofs_y = 0},
    {.bitmap_index = 2472, .adv_w = 247, .box_w = 14, .box_h = 13, .ofs_x = 1, .ofs_y = 0},
    {.bitmap_index = 2563, .adv_w = 213, .box_w = 12, .box_h = 13, .ofs_x = 1, .ofs_y = 0},
    {.bitmap_index = 2641, .adv_w = 232, .box_w = 14, .box_h = 13, .ofs_x = 0, .ofs_y = 0},
    {.bitmap_index = 2732, .adv_w = 181, .box_w = 10, .box_h = 13, .ofs_x = 1, .ofs_y = 0},
    {.bitmap_index = 2797, .adv_w = 236, .box_w = 15, .box_h = 14, .ofs_x = 0, .ofs_y = -1},
    {.bitmap_index = 2902, .adv_w = 188, .box_w = 11, .box_h = 13, .ofs_x = 1, .ofs_y = 0},
    {.bitmap_index = 2974, .adv_w = 168, .box_w = 10, .box_h = 13, .ofs_x = 0, .ofs_y = 0},
    {.bitmap_index = 3039, .adv_w = 184, .box_w = 12, .box_h = 13, .ofs_x = 0, .ofs_y = 0},
    {.bitmap_index = 3117, .adv_w = 202, .box_w = 11, .box_h = 13, .ofs_x = 1, .ofs_y = 0},
    {.bitmap_index = 3189, .adv_w = 205, .box_w = 13, .box_h = 13, .ofs_x = 0, .ofs_y = 0},
    {.bitmap_index = 3274, .adv_w = 289, .box_w = 18, .box_h = 13, .ofs_x = 0, .ofs_y = 0},
    {.bitmap_index = 3391, .adv_w = 206, .box_w = 13, .box_h = 13, .ofs_x = 0, .ofs_y = 0},
    {.bitmap_index = 3476, .adv_w = 198, .box_w = 13, .box_h = 13, .ofs_x = 0, .ofs_y = 0},
    {.bitmap_index = 3561, .adv_w = 175, .box_w = 11, .box_h = 13, .ofs_x = 0, .ofs_y = 0},
    {.bitmap_index = 3633, .adv_w = 101, .box_w = 5, .box_h = 15, .ofs_x = 1, .ofs_y = -2},
    {.bitmap_index = 3671, .adv_w = 111, .box_w = 7, .box_h = 15, .ofs_x = 0, .ofs_y = -1},
    {.bitmap_index = 3724, .adv_w = 101, .box_w = 6, .box_h = 15, .ofs_x = 0, .ofs_y = -2},
    {.bitmap_index = 3769, .adv_w = 134, .box_w = 8, .box_h = 5, .ofs_x = 0, .ofs_y = 8},
    {.bitmap_index = 3789, .adv_w = 145, .box_w = 10, .box_h = 3, .ofs_x = 0, .ofs_y = -3},
    {.bitmap_index = 3804, .adv_w = 93, .box_w = 6, .box_h = 5, .ofs_x = 0, .ofs_y = 9},
    {.bitmap_index = 3819, .adv_w = 171, .box_w = 10, .box_h = 9, .ofs_x = 0, .ofs_y = 0},
    {.bitmap_index = 3864, .adv_w = 171, .box_w = 11, .box_h = 13, .ofs_x = 0, .ofs_y = 0},
    {.bitmap_index = 3936, .adv_w = 143, .box_w = 9, .box_h = 9, .ofs_x = 0, .ofs_y = 0},
    {.bitmap_index = 3977, .adv_w = 171, .box_w = 10, .box_h = 13, .ofs_x = 0, .ofs_y = 0},
    {.bitmap_index = 4042, .adv_w = 158, .box_w = 10, .box_h = 9, .ofs_x = 0, .ofs_y = 0},
    {.bitmap_index = 4087, .adv_w = 126, .box_w = 9, .box_h = 13, .ofs_x = 0, .ofs_y = 0},
    {.bitmap_index = 4146, .adv_w = 168, .box_w = 10, .box_h = 13, .ofs_x = 0, .ofs_y = -4},
    {.bitmap_index = 4211, .adv_w = 165, .box_w = 10, .box_h = 13, .ofs_x = 0, .ofs_y = 0},
    {.bitmap_index = 4276, .adv_w = 75, .box_w = 4, .box_h = 13, .ofs_x = 0, .ofs_y = 0},
    {.bitmap_index = 4302, .adv_w = 79, .box_w = 8, .box_h = 17, .ofs_x = -3, .ofs_y = -4},
    {.bitmap_index = 4370, .adv_w = 157, .box_w = 10, .box_h = 13, .ofs_x = 0, .ofs_y = 0},
    {.bitmap_index = 4435, .adv_w = 75, .box_w = 4, .box_h = 13, .ofs_x = 0, .ofs_y = 0},
    {.bitmap_index = 4461, .adv_w = 251, .box_w = 15, .box_h = 9, .ofs_x = 0, .ofs_y = 0},
    {.bitmap_index = 4529, .adv_w = 165, .box_w = 10, .box_h = 9, .ofs_x = 0, .ofs_y = 0},
    {.bitmap_index = 4574, .adv_w = 166, .box_w = 10, .box_h = 9, .ofs_x = 0, .ofs_y = 0},
    {.bitmap_index = 4619, .adv_w = 171, .box_w = 11, .box_h = 13, .ofs_x = 0, .ofs_y = -4},
    {.bitmap_index = 4691, .adv_w = 171, .box_w = 10, .box_h = 13, .ofs_x = 0, .ofs_y = -4},
    {.bitmap_index = 4756, .adv_w = 128, .box_w = 8, .box_h = 9, .ofs_x = 0, .ofs_y = 0},
    {.bitmap_index = 4792, .adv_w = 132, .box_w = 8, .box_h = 9, .ofs_x = 0, .ofs_y = 0},
    {.bitmap_index = 4828, .adv_w = 115, .box_w = 7, .box_h = 13, .ofs_x = 0, .ofs_y = 0},
    {.bitmap_index = 4874, .adv_w = 155, .box_w = 9, .box_h = 9, .ofs_x = 0, .ofs_y = 0},
    {.bitmap_index = 4915, .adv_w = 155, .box_w = 10, .box_h = 9, .ofs_x = 0, .ofs_y = 0},
    {.bitmap_index = 4960, .adv_w = 226, .box_w = 15, .box_h = 9, .ofs_x = 0, .ofs_y = 0},
    {.bitmap_index = 5028, .adv_w = 154, .box_w = 10, .box_h = 9, .ofs_x = 0, .ofs_y = 0},
    {.bitmap_index = 5073, .adv_w = 154, .box_w = 10, .box_h = 13, .ofs_x = 0, .ofs_y = -4},
    {.bitmap_index = 5138, .adv_w = 139, .box_w = 9, .box_h = 9, .ofs_x = 0, .ofs_y = 0},
    {.bitmap_index = 5179, .adv_w = 98, .box_w = 6, .box_h = 15, .ofs_x = 0, .ofs_y = -2},
    {.bitmap_index = 5224, .adv_w = 86, .box_w = 3, .box_h = 17, .ofs_x = 1, .ofs_y = -2},
    {.bitmap_index = 5250, .adv_w = 98, .box_w = 6, .box_h = 15, .ofs_x = 0, .ofs_y = -2},
    {.bitmap_index = 5295, .adv_w = 162, .box_w = 10, .box_h = 4, .ofs_x = 0, .ofs_y = 5},
    {.bitmap_index = 5315, .adv_w = 247, .box_w = 17, .box_h = 17, .ofs_x = -1, .ofs_y = -3},
    {.bitmap_index = 5460, .adv_w = 309, .box_w = 20, .box_h = 18, .ofs_x = 0, .ofs_y = -3},
    {.bitmap_index = 5640, .adv_w = 288, .box_w = 18, .box_h = 15, .ofs_x = 0, .ofs_y = 0},
    {.bitmap_index = 5775, .adv_w = 288, .box_w = 16, .box_h = 13, .ofs_x = 1, .ofs_y = 0},
    {.bitmap_index = 5879, .adv_w = 226, .box_w = 13, .box_h = 13, .ofs_x = 1, .ofs_y = -1},
    {.bitmap_index = 5964, .adv_w = 247, .box_w = 16, .box_h = 18, .ofs_x = 0, .ofs_y = -2},
    {.bitmap_index = 6108, .adv_w = 247, .box_w = 16, .box_h = 17, .ofs_x = 0, .ofs_y = -2},
    {.bitmap_index = 6244, .adv_w = 267, .box_w = 17, .box_h = 13, .ofs_x = 0, .ofs_y = 0},
    {.bitmap_index = 6355, .adv_w = 267, .box_w = 17, .box_h = 16, .ofs_x = 0, .ofs_y = 0},
    {.bitmap_index = 6491, .adv_w = 247, .box_w = 16, .box_h = 13, .ofs_x = 0, .ofs_y = 0},
    {.bitmap_index = 6595, .adv_w = 247, .box_w = 16, .box_h = 17, .ofs_x = 0, .ofs_y = -2},
    {.bitmap_index = 6731, .adv_w = 123, .box_w = 8, .box_h = 13, .ofs_x = 0, .ofs_y = 0},
    {.bitmap_index = 6783, .adv_w = 185, .box_w = 12, .box_h = 13, .ofs_x = 0, .ofs_y = 0},
    {.bitmap_index = 6861, .adv_w = 267, .box_w = 17, .box_h = 15, .ofs_x = 0, .ofs_y = -1},
    {.bitmap_index = 6989, .adv_w = 309, .box_w = 20, .box_h = 17, .ofs_x = 0, .ofs_y = -2},
    {.bitmap_index = 7159, .adv_w = 165, .box_w = 11, .box_h = 17, .ofs_x = 0, .ofs_y = -2},
    {.bitmap_index = 7253, .adv_w = 226, .box_w = 15, .box_h = 17, .ofs_x = 0, .ofs_y = -2},
    {.bitmap_index = 7381, .adv_w = 247, .box_w = 16, .box_h = 17, .ofs_x = 0, .ofs_y = -2},
    {.bitmap_index = 7517, .adv_w = 247, .box_w = 16, .box_h = 17, .ofs_x = 0, .ofs_y = -2},
    {.bitmap_index = 7653, .adv_w = 165, .box_w = 12, .box_h = 17, .ofs_x = -1, .ofs_y = -2},
    {.bitmap_index = 7755, .adv_w = 247, .box_w = 17, .box_h = 13, .ofs_x = -1, .ofs_y = 0},
    {.bitmap_index = 7866, .adv_w = 206, .box_w = 11, .box_h = 18, .ofs_x = 1, .ofs_y = -2},
    {.bitmap_index = 7965, .adv_w = 206, .box_w = 12, .box_h = 18, .ofs_x = 0, .ofs_y = -2},
    {.bitmap_index = 8073, .adv_w = 226, .box_w = 15, .box_h = 15, .ofs_x = 0, .ofs_y = 0},
    {.bitmap_index = 8186, .adv_w = 226, .box_w = 15, .box_h = 4, .ofs_x = 0, .ofs_y = 5},
    {.bitmap_index = 8216, .adv_w = 288, .box_w = 18, .box_h = 12, .ofs_x = 0, .ofs_y = 0},
    {.bitmap_index = 8324, .adv_w = 288, .box_w = 18, .box_h = 14, .ofs_x = 0, .ofs_y = -1},
    {.bitmap_index = 8450, .adv_w = 288, .box_w = 20, .box_h = 18, .ofs_x = -1, .ofs_y = -2},
    {.bitmap_index = 8630, .adv_w = 288, .box_w = 18, .box_h = 17, .ofs_x = 0, .ofs_y = -1},
    {.bitmap_index = 8783, .adv_w = 288, .box_w = 18, .box_h = 11, .ofs_x = 0, .ofs_y = 0},
    {.bitmap_index = 8882, .adv_w = 288, .box_w = 18, .box_h = 12, .ofs_x = 0, .ofs_y = -1},
    {.bitmap_index = 8990, .adv_w = 309, .box_w = 21, .box_h = 12, .ofs_x = -1, .ofs_y = 0},
    {.bitmap_index = 9116, .adv_w = 267, .box_w = 17, .box_h = 15, .ofs_x = 0, .ofs_y = 0},
    {.bitmap_index = 9244, .adv_w = 267, .box_w = 17, .box_h = 17, .ofs_x = 0, .ofs_y = -2},
    {.bitmap_index = 9389, .adv_w = 226, .box_w = 15, .box_h = 15, .ofs_x = 0, .ofs_y = 0},
    {.bitmap_index = 9502, .adv_w = 288, .box_w = 19, .box_h = 15, .ofs_x = 0, .ofs_y = -2},
    {.bitmap_index = 9645, .adv_w = 288, .box_w = 18, .box_h = 19, .ofs_x = 0, .ofs_y = -3},
    {.bitmap_index = 9816, .adv_w = 247, .box_w = 16, .box_h = 17, .ofs_x = 0, .ofs_y = -2},
    {.bitmap_index = 9952, .adv_w = 144, .box_w = 11, .box_h = 18, .ofs_x = -1, .ofs_y = -3},
    {.bitmap_index = 10051, .adv_w = 288, .box_w = 18, .box_h = 19, .ofs_x = 0, .ofs_y = -3},
    {.bitmap_index = 10222, .adv_w = 288, .box_w = 18, .box_h = 19, .ofs_x = 0, .ofs_y = -3},
    {.bitmap_index = 10393, .adv_w = 309, .box_w = 20, .box_h = 12, .ofs_x = 0, .ofs_y = 0},
    {.bitmap_index = 10513, .adv_w = 226, .box_w = 16, .box_h = 15, .ofs_x = -1, .ofs_y = -2},
    {.bitmap_index = 10633, .adv_w = 206, .box_w = 13, .box_h = 15, .ofs_x = 0, .ofs_y = 0},
    {.bitmap_index = 10731, .adv_w = 329, .box_w = 21, .box_h = 15, .ofs_x = 0, .ofs_y = 0},
    {.bitmap_index = 10889, .adv_w = 370, .box_w = 24, .box_h = 13, .ofs_x = 0, .ofs_y = 0},
    {.bitmap_index = 11045, .adv_w = 370, .box_w = 24, .box_h = 13, .ofs_x = 0, .ofs_y = 0},
    {.bitmap_index = 11201, .adv_w = 370, .box_w = 24, .box_h = 13, .ofs_x = 0, .ofs_y = 0},
    {.bitmap_index = 11357, .adv_w = 370, .box_w = 24, .box_h = 13, .ofs_x = 0, .ofs_y = 0},
    {.bitmap_index = 11513, .adv_w = 370, .box_w = 24, .box_h = 13, .ofs_x = 0, .ofs_y = 0},
    {.bitmap_index = 11669, .adv_w = 370, .box_w = 24, .box_h = 15, .ofs_x = 0, .ofs_y = 0},
    {.bitmap_index = 11849, .adv_w = 247, .box_w = 14, .box_h = 19, .ofs_x = 1, .ofs_y = -3},
    {.bitmap_index = 11982, .adv_w = 288, .box_w = 0, .box_h = 0, .ofs_x = 0, .ofs_y = 0}
};

/*---------------------
 *  CHARACTER MAPPING
 *--------------------*/

static const uint16_t unicode_list_1[] = {
    0x0, 0x7, 0xa, 0xb, 0xc, 0x10, 0x12, 0x14,
    0x18, 0x1b, 0x20, 0x25, 0x26, 0x27, 0x3d, 0x47,
    0x4a, 0x4b, 0x4c, 0x50, 0x51, 0x52, 0x53, 0x66,
    0x67, 0x6d, 0x6f, 0x70, 0x73, 0x76, 0x77, 0x78,
    0x7a, 0x92, 0x94, 0xc3, 0xc4, 0xc6, 0xe6, 0xe9,
    0xf2, 0x11b, 0x123, 0x157, 0x1ea, 0x23f, 0x240, 0x241,
    0x242, 0x243, 0x286, 0x292, 0x2ec
};

/*Collect the unicode lists and glyph_id offsets*/
static const lv_font_fmt_txt_cmap_t cmaps[] =
{
    {
        .range_start = 32, .range_length = 95, .glyph_id_start = 1,
        .unicode_list = NULL, .glyph_id_ofs_list = NULL, .list_length = 0, .type = LV_FONT_FMT_TXT_CMAP_FORMAT0_TINY
    },
    {
        .range_start = 61441, .range_length = 749, .glyph_id_start = 96,
        .unicode_list = unicode_list_1, .glyph_id_ofs_list = NULL, .list_length = 53, .type = LV_FONT_FMT_TXT_CMAP_SPARSE_TINY
    }
};

/*-----------------
 *    KERNING
 *----------------*/


/*Map glyph_ids to kern left classes*/
static const uint8_t kern_left_class_mapping[] =
{
    0, 1, 0, 2, 0, 3, 0, 4,
    2, 5, 0, 0, 0, 6, 7, 6,
    8, 9, 0, 10, 11, 12, 13, 14,
    15, 16, 17, 0, 0, 0, 0, 0,
    0, 18, 19, 20, 21, 0, 22, 23,
    24, 25, 25, 26, 27, 28, 25, 25,
    29, 30, 31, 32, 33, 34, 26, 35,
    36, 37, 38, 39, 40, 0, 0, 0,
    0, 0, 0, 18, 41, 0, 42, 43,
    44, 45, 46, 47, 48, 0, 45, 45,
    18, 18, 49, 50, 51, 52, 53, 54,
    55, 56, 57, 58, 59, 25, 0, 0,
    0, 0, 0, 0, 0, 0, 0, 0,
    0, 0, 0, 0, 0, 0, 0, 0,
    0, 0, 0, 0, 0, 0, 0, 0,
    0, 0, 0, 0, 0, 0, 0, 0,
    0, 0, 0, 0, 0, 0, 0, 0,
    0, 0, 0, 0, 0, 0, 0, 0,
    0, 0, 0, 0, 0
};

/*Map glyph_ids to kern right classes*/
static const uint8_t kern_right_class_mapping[] =
{
    0, 1, 0, 2, 0, 0, 0, 3,
    2, 0, 4, 5, 0, 6, 7, 6,
    8, 9, 10, 11, 12, 13, 14, 15,
    16, 17, 18, 19, 19, 0, 0, 0,
    20, 21, 22, 23, 24, 23, 23, 23,
    24, 23, 23, 25, 23, 23, 23, 23,
    24, 23, 24, 23, 26, 27, 28, 29,
    30, 31, 32, 33, 0, 0, 34, 0,
    0, 0, 21, 35, 21, 21, 21, 36,
    21, 37, 38, 39, 37, 37, 40, 40,
    41, 40, 21, 40, 42, 36, 43, 44,
    45, 46, 47, 48, 0, 23, 49, 0,
    0, 0, 0, 0, 0, 0, 0, 0,
    0, 0, 0, 0, 0, 0, 0, 0,
    0, 0, 0, 0, 0, 0, 0, 0,
    0, 0, 0, 0, 0, 0, 0, 0,
    0, 0, 0, 0, 0, 0, 0, 0,
    0, 0, 0, 0, 0, 0, 0, 0,
    0, 0, 0, 0, 0
};

/*Kern values between classes*/
static const int8_t kern_class_values[] =
{
    0, 0, 0, 0, 0, 0, 0, 0,
    0, 0, 0, 0, 0, 0, 0, 0,
    0, 0, 0, 0, 0, -8, 0, 0,
    -8, 0, -5, 0, 0, 0, 0, -8,
    0, 0, 0, 0, 0, 0, 0, 0,
    0, 0, 0, 0, 0, 0, 0, 0,
    0, 0, 0, 0, 0, 0, 0, 0,
    0, -9, 0, 0, 0, -17, 0, -13,
    8, -5, 0, 0, 0, -16, -33, 0,
    -7, -30, -8, 9, 0, 0, 0, 0,
    0, 0, 0, 0, 4, 0, 0, 0,
    -4, -16, -10, -2, 0, 0, 0, 0,
    0, 0, 0, 0, 0, 0, 0, 0,
    0, 0, 0, 0, 0, 0, 0, 0,
    0, -5, 0, 0, 0, 0, 0, 0,
    0, 0, 0, 0, 0, 0, 0, 0,
    0, 0, 0, 0, 0, 0, 0, 0,
    0, 0, 0, 0, 0, 0, 0, 0,
    0, 0, 0, -11, 0, 0, 0, 0,
    0, 0, 0, 0, 0, 0, 0, 0,
    0, 0, 0, 0, 0, 0, 0, -7,
    -25, -11, -22, 0, -7, -27, -12, -25,
    -22, -20, -29, -15, 0, 0, -9, 0,
    0, 0, 0, -7, -7, -4, -15, -9,
    0, -15, 0, 0, 0, 0, 0, 0,
    0, 0, 0, 0, 0, 0, 0, 0,
    0, 0, 0, 0, 0, 0, 0, 0,
    0, 0, 0, -3, -5, 0, 0, 0,
    0, 0, 0, 0, 0, 0, 0, 0,
    0, 0, 28, 0, 0, 0, 0, -10,
    -8, 0, -10, 0, 0, 0, 0, 0,
    0, -20, 0, 0, 0, -5, -20, 0,
    0, -5, 0, -5, -15, 0, -12, 0,
    0, -3, 0, 0, -9, 0, 0, -17,
    0, -20, -14, 0, -30, 0, 0, 0,
    -8, 0, 0, 10, 0, -3, 0, 0,
    -13, -7, 0, -13, 0, 0, 0, 0,
    0, 0, 0, 0, 0, 0, 0, -13,
    -5, -12, 0, 0, 0, -19, 0, 0,
    0, 0, 6, -8, 0, 5, -13, -6,
    -18, 0, -17, -14, -14, -22, -4, 0,
    0, -3, 0, 0, 0, 0, 6, 0,
    0, -6, 0, -7, -6, -5, 0, 0,
    0, 0, 0, 0, 0, 0, 0, 0,
    0, 0, 0, 0, 0, 0, 0, 0,
    0, 0, 0, -12, -17, 6, -6, -22,
    0, 0, 0, 0, 0, 0, 0, 0,
    0, 0, -3, 0, 0, 0, -9, -12,
    -12, -7, -9, -9, 0, -9, -8, 0,
    0, -9, 0, 0, 0, -5, 0, 0,
    0, 0, 0, 0, 0, 0, 0, -7,
    0, 0, 0, 0, 0, 0, 0, 0,
    0, 0, 0, 0, 0, 0, 0, 0,
    0, 0, 0, 0, 0, 0, 0, 0,
    0, 0, 0, 0, 0, 0, 0, 0,
    0, 0, 0, 0, 0, 0, 0, -5,
    0, 0, 0, 0, 0, 0, 0, 0,
    -4, 0, 0, 0, 0, 0, 0, 0,
    0, 0, 0, 0, 0, 0, 0, 0,
    0, 0, 0, 0, 0, 0, 0, 0,
    0, 0, 0, 0, 0, 0, 0, 0,
    0, 0, 0, 0, 0, 0, 0, -6,
    0, 0, 0, 0, 0, 0, 0, 0,
    0, -4, 0, 0, 0, 0, 0, 0,
    0, 0, 0, 0, 0, 0, 0, 0,
    0, 0, 0, 0, 0, 0, 0, 0,
    0, 0, 0, 0, 0, 0, 0, 0,
    0, 0, 0, 0, -15, 0, 0, 0,
    -8, 0, 0, 0, -9, -3, 0, -3,
    -3, 0, -12, 0, -5, 0, 0, 0,
    0, 0, 0, 0, 0, 0, 0, 0,
    0, 0, 0, 0, 0, 0, 0, 0,
    0, 0, 0, 0, 0, 0, 0, 0,
    0, 0, 0, 0, 0, 0, 0, 0,
    0, -5, 0, 0, 0, 0, 0, 0,
    0, 0, 0, -7, 0, 0, 0, 0,
    0, 0, 0, 0, 0, 0, 0, 0,
    0, 0, 0, 0, 0, 0, 0, 0,
    0, 0, 0, 0, 0, 0, 0, 0,
    0, 0, 0, 0, 0, 0, -13, 0,
    0, 0, 0, 0, 0, 0, -4, 0,
    -3, 0, 0, 0, -7, 0, -4, 0,
    0, 0, 0, 0, 0, 0, 0, 0,
    0, 0, 0, 0, 0, 0, 0, 0,
    0, 0, 0, 0, 0, 0, 0, 0,
    0, 0, 0, 0, 0, 0, 0, 8,
    0, 0, 0, -17, -12, 0, -3, 0,
    -1, -4, -9, 0, -8, -3, -4, -3,
    0, 0, 0, 0, 0, 0, 0, 0,
    0, 0, 0, 0, 0, 0, 0, 0,
    0, 0, 0, 0, 0, 0, 0, 0,
    0, 0, 0, 0, 0, 0, 0, 0,
    -5, 0, 0, 0, 0, 0, 0, 0,
    -3, -1, -3, 0, 0, 0, -5, 0,
    -1, 0, 0, 0, 0, 0, 0, 0,
    0, 0, 0, 0, 0, 0, 0, 0,
    0, 0, 0, 0, 0, 0, 0, 0,
    0, 0, 0, 0, 0, 0, 0, 0,
    0, 0, 0, 0, 0, -17, 0, 0,
    0, -1, -1, -1, -4, 0, -6, -5,
    -2, 0, 0, 0, 0, 0, 0, 0,
    0, 0, 0, 0, 0, 0, 0, 0,
    0, 0, 0, 0, 0, 0, 0, 0,
    0, 0, 0, 0, 0, 0, 0, 0,
    0, 0, -16, 0, 0, 0, -3, 6,
    0, 0, 0, 0, 0, 0, 0, 0,
    0, 0, 0, 0, 0, 0, 0, 0,
    0, 0, 0, 0, 0, 0, 0, 0,
    0, 0, 0, 0, -3, 0, 0, 0,
    0, 0, 0, 0, -4, -3, -4, -4,
    -5, 0, -8, -33, 0, 0, -36, 0,
    -8, 0, 0, 0, 0, 0, 0, 0,
    0, 0, 0, 0, -4, -14, -7, -11,
    -2, -13, -5, -6, -25, -5, -26, -22,
    -11, -28, -5, 0, 0, -11, 0, 0,
    -2, 0, -7, 0, -5, -19, -16, -12,
    -15, 0, 0, 0, 0, 0, 0, 0,
    0, 0, 0, 0, 0, 0, 0, 0,
    0, 0, 0, 0, 0, 0, 0, 0,
    0, 0, 0, -11, -4, -5, 0, -3,
    -2, -6, -8, 0, 0, 0, 0, 0,
    0, 0, 0, 0, 0, 0, 0, 0,
    0, 0, 0, 0, 0, 0, 0, 0,
    0, 0, -4, 0, 0, 0, 0, 0,
    0, 0, 0, 0, 0, 0, 0, 0,
    -3, -5, 0, -8, -14, -3, -3, 0,
    0, 0, 0, -8, 0, 0, 0, -6,
    0, 0, 0, 0, -3, 0, 0, -9,
    -9, -5, -9, 0, 10, 0, 0, 0,
    7, 0, 0, -7, 0, 0, 0, 0,
    0, 0, 0, 0, 0, 0, 0, 0,
    0, -1, 0, 0, -4, -9, -5, -6,
    0, -4, 0, 0, -4, 0, 7, 0,
    0, 0, 0, 0, 0, -1, 0, 0,
    0, 0, 0, 0, 0, 7, -3, 0,
    -3, 8, 0, -14, -5, -12, 0, 0,
    0, 0, 0, 0, 0, 0, 0, 0,
    0, 0, -4, -16, 0, -2, -38, -4,
    -6, 0, 0, 0, -7, 0, -2, 7,
    0, 0, 0, 0, 0, 0, -4, -5,
    0, -3, -2, -6, -3, -5, 7, 0,
    -9, 0, 0, 0, -12, 0, 0, 0,
    0, 0, 0, 0, 0, 0, 0, 0,
    0, 0, 0, 0, -9, 0, 3, -9,
    -4, -7, 0, -6, -4, -7, -11, 0,
    0, 0, 0, 0, 0, 0, 0, 0,
    0, 0, 0, 0, 0, 0, 0, 4,
    0, 0, 0, 0, 0, 0, 0, 6,
    0, 0, 0, 0, 0, 0, 0, 0,
    0, 0, 0, 0, 0, 0, 0, 0,
    0, -4, 0, 0, 0, 0, 0, 0,
    0, 0, 0, 0, 0, 0, 0, 0,
    0, 0, 0, 0, 0, -3, 0, 0,
    0, 0, 0, 0, 0, 0, 0, 0,
    -4, 0, 0, 0, 0, 0, 0, 0,
    0, 0, 0, 0, 0, 0, -8, 0,
    0, -12, -2, -1, 0, 0, 0, -5,
    -3, 0, 0, 0, 0, 0, 0, 0,
    0, 0, 0, 0, 0, 0, 0, 0,
    0, 0, -8, 0, 0, 0, -10, 0,
    -18, 0, 0, 0, 0, 0, 0, 0,
    0, 0, 0, 0, -3, 0, -12, -11,
    -5, -17, -7, -12, -18, -9, -16, -11,
    -18, -16, -11, 0, 0, -12, 0, 0,
    0, 0, -12, -10, -14, -23, -15, -10,
    -23, 0, 0, -2, -21, 0, 0, -24,
    0, -7, 0, 0, 0, 0, 0, 0,
    0, 0, 0, 0, 0, 0, -6, -2,
    -5, 0, -11, -1, -9, -21, -7, -20,
    -17, 0, -26, 0, 0, 0, -7, 0,
    0, 0, 0, -2, 0, 0, -6, -5,
    -3, -6, 0, 0, 0, -7, 0, -3,
    0, -9, 5, -6, 0, 0, 0, 0,
    0, 0, 0, 0, 0, 0, 0, 0,
    0, -13, 0, 3, -14, -5, -11, 0,
    -8, -7, -10, -15, -4, -3, 0, 0,
    0, 0, 7, 0, 0, 0, 0, 0,
    0, -3, 0, 0, 0, -5, 0, 0,
    0, 0, -24, -11, -12, 0, 0, 0,
    0, 0, 0, 0, 0, 0, 0, 0,
    0, -6, -16, -2, 0, -32, 0, -3,
    0, -3, 0, -8, -6, -7, 0, 0,
    0, 0, 0, 0, 0, -6, -3, 0,
    0, 0, 0, 0, 0, 0, 0, 0,
    0, 0, 0, -6, 0, 6, 0, 0,
    0, 0, 0, 0, 0, 0, 0, 0,
    0, 0, 0, 0, 2, 0, 0, 0,
    -11, 0, 0, -7, -2, -15, 0, 0,
    0, 0, 0, 0, 0, 0, 0, 0,
    0, 0, 0, 0, 0, 0, 7, 0,
    -5, 0, 0, 0, 0, -15, 0, 0,
    0, 0, 0, 0, 0, 0, 0, 0,
    0, 0, 0, -7, -10, -4, -5, -5,
    -9, -11, -5, -10, -6, -9, -14, -5,
    0, 0, -5, 0, 0, 0, 0, -7,
    -8, -3, -5, -4, -9, -5, -5, 0,
    0, 0, 0, 0, 0, 0, 3, 0,
    0, 0, 0, 0, 0, 0, 0, 0,
    0, 0, 0, 0, -1, -6, 0, 2,
    -10, -5, -7, 3, -4, -2, -3, -10,
    0, 0, 0, 0, 0, 0, 0, 0,
    -1, 0, 0, -3, -2, -4, -3, 0,
    0, -5, 9, -8, 0, 0, -17, -18,
    -14, 0, 0, 0, 0, 0, 0, 0,
    0, 0, 0, -22, 4, -33, -25, 0,
    -11, -38, -11, -7, -1, -7, -7, -12,
    -10, -9, 0, 0, -12, 0, 0, 0,
    -28, -33, -32, -28, -30, -27, -34, -30,
    -28, 0, 0, 0, -8, 0, 0, -20,
    -17, -9, 0, 0, 0, 0, 0, 0,
    0, 0, 0, 0, -16, 3, -26, -26,
    0, -8, -35, -11, -7, 0, -10, -8,
    -10, -9, -7, 0, 0, -13, 0, 0,
    0, -19, -30, -28, -18, -18, -16, -30,
    -18, -21, 0, 0, 0, -8, 0, 0,
    -14, -14, -9, 0, 0, 0, 0, 0,
    0, 0, 0, 0, 0, -7, 3, -18,
    -22, 0, -7, -30, -8, -7, 0, -8,
    -8, -8, -10, -5, 0, 0, -10, 0,
    0, 0, -18, -18, -22, -15, -15, -12,
    -18, -15, -17, 0, 0, 0, -2, 0,
    0, 0, -14, 0, 0, 0, 0, 0,
    0, 0, 0, 0, 0, 0, 0, 0,
    -11, -11, -4, -10, -11, -10, -12, -5,
    -10, -8, -13, -12, -5, 0, -5, -16,
    -5, 0, 0, -7, -11, -7, -9, -17,
    -15, -11, -17, -7, 0, -8, 0, -14,
    0, 0, -30, -22, -20, 0, 0, 0,
    0, 0, 0, 0, 0, 0, 0, -25,
    -1, -41, -28, -7, -15, -40, -19, -10,
    -3, -9, -10, -12, -12, -6, 0, -5,
    -14, -5, -11, -13, -27, -41, -37, -27,
    -26, -23, -32, -26, -26, 0, 0, 0,
    0, 0, 0, 0, -4, 0, 0, 0,
    0, 0, 0, 0, 0, 0, 0, 0,
    0, 4, -6, -8, 0, -6, -7, 0,
    -7, 0, -7, -3, -5, -6, -8, 0,
    0, -6, 0, 0, 0, 0, -6, 0,
    0, -8, -6, 0, -8, 0, 0, 0,
    0, 0, 0, 0, 0, 0, 0, 0,
    0, 0, 0, 0, 0, 0, 0, 0,
    0, 0, 0, 0, 0, 0, -3, 0,
    0, 0, 0, 0, 0, 0, 0, 0,
    0, 0, 0, 0, 0, 24, 0, 0,
    0, 0, 0, 0, 0, 0, 0, 0,
    0, 0, 0, 0, 0, 0, -6, 0,
    0, 0, 0, 0, 0, 0, 0, 0,
    0, 0, 0, 0, -3, 0, 0, 0,
    0, 0, 0, 0, 0, 0, 0, 0,
    0, 0, 0, -2, 0, 0, 0, 0,
    -3, 0, 0, 0, 0, -2, 0, 0,
    0, 0, 0, 0, 0, 0, 0, 6,
    0, 0, 0, 0, 0, 0, 0, 0,
    0, 0, 0, 0, 0, 0, 0, 0,
    0, 0, 0, 0, 0, 0, 0, 0,
    0, 0, 0, 0, -3, 0, 0, 0,
    0, 0, 0, 0, -2, -2, -4, -2,
    0, 0, 0, 21, 0, 16, 5, -14,
    -11, -4, 0, 0, 0, 0, 0, 0,
    0, 0, 0, 0, 0, 15, -6, 0,
    0, 0, 0, 0, 0, 0, 0, 0,
    0, 0, 0, 16, 7, -8, 7, 0,
    0, -5, -6, -5, 0, -3, -3, -6,
    -3, -5, 16, 0, 0, 0, 0, 0,
    0, 0, 0, 0, 0, 0, 0, 0,
    0, 0, 0, 0, 0, 0, 0, 0,
    0, 0, 0, 0, 0, 0, 0, 0,
    0, 0, 0, 0, 0, 0, 0, 0,
    0, 15, 0, 0, 0, 0, 0, 0,
    0, 0, 0, 0, 0, -8, 0, 0,
    0, 0, 0, 0, 0, 0, 0, 0,
    0, 0, 0, 0, 0, 0, 0, 0,
    0, 0, 0, 0, 0, 0, 0, 0,
    0, 0, 0, 0, 0, 0, 0, -2,
    0, 0, 0, 0, 0, 0, 0, 0,
    0, 0, 0, 0, 0, 0, 0, 0,
    0, 0, 0, 0, 0, 0, 0, 0,
    0, 0, 0, 0, 0, 0, 0, 0,
    0, 0, 0, 0, 0, 0, 0, 0,
    0, 0, 0, 0, 0, 0, 0, 0,
    0, 0, 0, 0, 0, 0, 0, 0,
    0, -2, 0, 0, 0, 0, 0, 0,
    0, 0, 0, 0, 0, 0, 0, 0,
    0, 0, 0, 0, 0, 0, 0, 0,
    0, 0, 0, 0, 0, 0, 0, 0,
    0, 0, 0, 0, 0, 0, 0, 0,
    0, 0, 0, 0, 18, 0, 0, 0,
    0, 0, 0, 0, 0, 0, 0, 0,
    0, 0, 0, 0, -5, -13, 0, 0,
    0, 0, 0, 0, 0, 0, 0, 0,
    0, 0, -7, -6, 0, 0, 0, 0,
    0, 0, 0, 0, 0, 0, 0, 0,
    0, 0, -8, 0, -5, -5, -5, -6,
    -8, -5, -7, -6, -8, -7, -8, 0,
    0, -4, 0, 0, 0, 0, 0, 0,
    0, 0, 0, 0, 0, 0, 0, 0,
    0, 0, 0, 0, 0, 0, 0, 0,
    0, 0, 0, 0, 0, 0, 0, 0,
    0, 0, 0, 0, 0, 0, 24, 0,
    0, 0, 0, 0, 0, 0, 0, 0,
    0, 0, 0, -4, 0, 0, -22, -12,
    -17, 0, 0, 0, 0, 0, 0, 0,
    0, 0, 0, 0, 0, -9, 0, 0,
    0, 0, 0, 0, 0, 0, 0, 0,
    0, 0, 0, -8, -3, -5, -5, -6,
    -6, -9, -8, -5, -6, -6, -7, -6,
    -8, 0, 0, -6, 0, 0, 0, 0,
    0, 0, 0, 0, 0, 0, 0, 0,
    0, 0, 0, 0, 0, 0, 0, 0,
    0, 0, 0, 0, 0, 0, 0, 0,
    0, 0, 0, 0, 0, 0, 0, 0,
    0, 0, 0, 0, 0, 0, 0, 0,
    0, 0, 0, 0, 0, 0, 0, 0,
    -10, -3, 0, 0, 0, 0, 0, 0,
    0, 0, 0, 0, 0, 0, 0, -3,
    0, 0, 0, 0, 0, 0, 0, 0,
    0, 0, 0, 0, 0, 0, -3, 0,
    0, 0, 0, -3, -3, 0, 0, 0,
    -2, 0, -4, 0, 0, -2, 0, 0,
    0, 0, 0, 0, 0, 0, 0, 0,
    0, 0, 0, 0, 0, 0, 0, 0,
    0, 0, 0, 0, 0, 0, 0, 0,
    0, 0, 0, 0, 0, 0, 0, 0,
    0, 0, 0, 0, 0, 0, 0, 0,
    0, 0, 0, 0, 0, 0, 0, 0,
    -10, 0, -13, -6, 0, 0, 0, 0,
    0, 0, 0, 0, 0, 0, 0, 0,
    0, -4, 0, 0, 0, 0, 0, 0,
    0, 0, 0, 0, 0, 0, 0, 0,
    0, 0, 0, 0, 0, -4, -4, 0,
    -5, -5, -6, -5, -2, 0, 0, 0,
    0, -8, 0, -7, 0, 0, 0, 0,
    0, 0, 0, 0, 0, 0, 0, 0,
    0, 0, -3, 0, 0, 0, 0, 0,
    0, 0, 0, 0, 0, 0, 0, 0,
    0, 0, 0, -2, 0, 0, -3, -3,
    0, -5, -6, -4, -5, -2, 0, 0,
    0, 0, 0, 0, 0, -7, 0, 0,
    0, 0, 0, 0, 0, 0, 0, 0,
    0, 0, 0, -4, 0, 0, 0, 0,
    0, 0, 0, 0, 0, 0, 0, 0,
    0, 0, -3, 0, 0, 0, 0, -4,
    -5, 0, -6, -4, -7, -6, 0, 0,
    0, 0, 0, -10, 0, -20, -7, 0,
    0, 0, 0, 0, 0, 0, 0, 0,
    0, 0, -4, 0, -5, 0, 0, 0,
    0, 0, 0, 0, 0, 0, 0, 0,
    0, -3, -3, -2, -3, -4, -4, -3,
    -5, -5, 0, -5, -8, -8, -5, -6,
    -5, 0, 0, 0, 0, 0, 0, -5,
    7, 0, 0, 0, 0, 0, 0, 0,
    0, 0, 0, 0, 0, -3, 0, 0,
    0, 0, 0, 0, 0, 0, 0, 0,
    0, 0, 0, 0, -3, 0, 0, 0,
    0, -4, 0, 0, 0, 0, 0, 0,
    0, 0, 0, 0, 0, 0, 0, 0,
    0, 0, 0, 0, 0, 0, 0, 0,
    0, 0, 0, 0, 0, 0, 0, 0,
    0, 0, 0, 0, 0, 0, 0, 0,
    0, 0, 0, 0, 0, 0, 0, 0,
    28, 0, 0, 0, 0, 0, 0, 0,
    0, 0, 0
};


/*Collect the kern class' data in one place*/
static const lv_font_fmt_txt_kern_classes_t kern_classes =
{
    .class_pair_values   = kern_class_values,
    .left_class_mapping  = kern_left_class_mapping,
    .right_class_mapping = kern_right_class_mapping,
    .left_class_cnt      = 59,
    .right_class_cnt     = 49,
};

/*--------------------
 *  ALL CUSTOM DATA
 *--------------------*/

#if LVGL_VERSION_MAJOR == 8
/*Store all the custom data of the font*/
static  lv_font_fmt_txt_glyph_cache_t cache;
#endif

#if LVGL_VERSION_MAJOR >= 8
static const lv_font_fmt_txt_dsc_t font_dsc = {
#else
static lv_font_fmt_txt_dsc_t font_dsc = {
#endif
    .glyph_bitmap = glyph_bitmap,
    .glyph_dsc = glyph_dsc,
    .cmaps = cmaps,
    .kern_dsc = &kern_classes,
    .kern_scale = 16,
    .cmap_num = 2,
    .bpp = 4,
    .kern_classes = 1,
    .bitmap_format = 0,
#if LVGL_VERSION_MAJOR == 8
    .cache = &cache
#endif
};



/*-----------------
 *  PUBLIC FONT
 *----------------*/

/*Initialize a public general font descriptor*/
#if LVGL_VERSION_MAJOR >= 8
const lv_font_t outfit_bold_18 = {
#else
lv_font_t outfit_bold_18 = {
#endif
    .get_glyph_dsc = lv_font_get_glyph_dsc_fmt_txt,    /*Function pointer to get glyph's data*/
    .get_glyph_bitmap = lv_font_get_bitmap_fmt_txt,    /*Function pointer to get glyph's bitmap*/
    .line_height = 20,          /*The maximum line height required by the font*/
    .base_line = 4,             /*Baseline measured from the bottom of the line*/
#if !(LVGL_VERSION_MAJOR == 6 && LVGL_VERSION_MINOR == 0)
    .subpx = LV_FONT_SUBPX_NONE,
#endif
#if LV_VERSION_CHECK(7, 4, 0) || LVGL_VERSION_MAJOR >= 8
    .underline_position = -2,
    .underline_thickness = 1,
#endif
    .dsc = &font_dsc,          /*The custom font data. Will be accessed by `get_glyph_bitmap/dsc` */
#if LV_VERSION_CHECK(8, 2, 0) || LVGL_VERSION_MAJOR >= 9
    .fallback = NULL,
#endif
    .user_data = NULL,
};



#endif /*#if OUTFIT_BOLD_18*/

